"plot_id","timeframe","reminder_1_9cm_dbh","reminder_planted","reminder_10cm_dbh","reminder_lt_1cm_dbh"
100000,"y2.5"," -- 2 Pinus pinea (planted)"," -- 89 Pinus pinea (planted) -- 8 Juniperus thurifera (planted)"," -- 1 Pinus halepensis (regenerating)",NA
100001,"y2.5",NA," -- 31 Pinus halepensis (planted) -- 19 Juniperus thurifera (planted) -- 1 Quercus faginea (planted)",NA,NA
100002,"y2.5"," -- 1 Pinus halepensis (planted)"," -- 35 Pinus halepensis (planted) -- 28 Juniperus thurifera (planted)",NA,NA
100004,"y2.5",NA," -- 30 Pinus halepensis (planted) -- 30 Juniperus thurifera (planted)",NA,NA
100005,"y2.5"," -- 1 Juniperus thurifera (planted)"," -- 48 Pinus halepensis (planted) -- 19 Juniperus thurifera (planted)",NA,NA
100006,"y0",NA," -- 78 Pinus pinea (planted) -- 23 Juniperus thurifera (planted)",NA,NA
100007,"y0",NA," -- 63 Pinus pinea (planted) -- 50 Juniperus thurifera (planted)",NA,NA
100008,"y2.5"," -- 1 Juniperus thurifera (planted)"," -- 50 Pinus halepensis (planted) -- 36 Juniperus thurifera (planted)",NA,NA
100009,"y0",NA," -- 68 Pinus pinea (planted) -- 25 Juniperus thurifera (planted)",NA,NA
100010,"y0",NA," -- 56 Pinus pinea (planted) -- 38 Juniperus thurifera (planted)",NA,NA
100011,"y0",NA," -- 65 Pinus pinea (planted) -- 15 Juniperus thurifera (planted)",NA,NA
100012,"y2.5"," -- 1 Pinus pinea (planted)"," -- 71 Pinus pinea (planted) -- 32 Juniperus thurifera (planted) -- 1 Quercus ilex (planted)",NA,NA
100013,"y2.5"," -- 1 Pinus pinea (planted)"," -- 29 Pinus halepensis (planted) -- 29 Juniperus thurifera (planted) -- 15 Pinus pinea (planted) -- 15 Juniperus oxycedrus (planted)",NA,NA
100014,"y2.5"," -- 1 Pinus halepensis (planted)"," -- 33 Pinus halepensis (planted) -- 11 Juniperus thurifera (planted)",NA,NA
100015,"y2.5"," -- 1 Pinus halepensis (planted)"," -- 83 Pinus halepensis (planted) -- 4 Juniperus thurifera (planted)",NA,NA
100016,"y2.5",NA," -- 1 Juniperus oxycedrus (planted) -- 16 Juniperus thurifera (planted) -- 41 Pinus pinea (planted)",NA,NA
100017,"y2.5"," -- 1 Juniperus thurifera (planted)"," -- 11 Juniperus thurifera (planted) -- 34 Pinus halepensis (planted) -- 22 Pinus pinea (planted)",NA,NA
100018,"y2.5"," -- 1 Pinus pinea (planted)"," -- 75 Pinus halepensis (planted) -- 11 Pinus pinea (planted)",NA,NA
100019,"y2.5",NA," -- 44 Pinus pinea (planted) -- 34 Juniperus thurifera (planted) -- 4 Quercus faginea (planted) -- 2 Juniperus oxycedrus (planted)",NA,NA
100020,"y2.5"," -- 1 Pinus pinea (planted) -- 1 Juniperus thurifera (planted)"," -- 42 Pinus pinea (planted) -- 31 Juniperus thurifera (planted)",NA,NA
100021,"y2.5"," -- 1 Pinus pinea (planted)"," -- 41 Pinus pinea (planted) -- 8 Juniperus thurifera (planted) -- 5 Juniperus oxycedrus (planted) -- 4 Quercus faginea (planted)",NA,NA
100022,"y2.5"," -- 1 Pinus pinea (planted)"," -- 27 Pinus pinea (planted) -- 7 Juniperus thurifera (planted) -- 3 Juniperus oxycedrus (planted)",NA,NA
100023,"y2.5"," -- 1 Pinus pinea (planted)"," -- 23 Pinus pinea (planted) -- 4 Juniperus thurifera (planted) -- 13 Juniperus oxycedrus (planted)",NA,NA
100024,"y2.5"," -- 1 Pinus pinea (planted)"," -- 40 Pinus pinea (planted) -- 1 Juniperus thurifera (planted) -- 9 Juniperus oxycedrus (planted)",NA,NA
100025,"y2.5",NA," -- 54 Pinus halepensis (planted) -- 6 Juniperus thurifera (planted) -- 8 Juniperus oxycedrus (planted) -- 8 Quercus faginea (planted)",NA,NA
100026,"y0",NA," -- 141 Pinus nigra (planted)",NA,NA
100027,"y0",NA," -- 130 Pinus nigra (planted)",NA,NA
100028,"y2.5"," -- 1 Pinus nigra (planted)"," -- 100 Pinus nigra (planted)"," -- 1 Quercus ilex (regenerating)",NA
100029,"y2.5"," -- 1 Pinus nigra (planted)"," -- 117 Pinus nigra (planted)",NA,NA
100030,"y2.5",NA," -- 143 Pinus pinea (planted)",NA,NA
100031,"y2.5"," -- 2 Pinus nigra (planted)"," -- 131 Pinus nigra (planted)",NA,NA
100032,"y2.5"," -- 2 Pinus nigra (planted)"," -- 112 Pinus nigra (planted)"," -- 2 Quercus ilex (regenerating)",NA
100033,"y2.5"," -- 2 Pinus nigra (planted)"," -- 112 Pinus nigra (planted)"," -- 2 Quercus ilex (regenerating)",NA
100034,"y2.5"," -- 1 Juniperus thurifera (planted)"," -- 84 Juniperus thurifera (planted)",NA,NA
100035,"y2.5",NA," -- 50 Pinus nigra (planted) -- 17 Juniperus thurifera (planted)",NA,NA
100036,"y2.5"," -- 1 Pinus nigra (planted)"," -- 53 Pinus nigra (planted) -- 22 Juniperus thurifera (planted)",NA,NA
100037,"y2.5",NA," -- 60 Pinus nigra (planted)",NA,NA
100038,"y2.5",NA," -- 48 Juniperus thurifera (planted) -- 32 Quercus faginea (planted)",NA,NA
100039,"y2.5"," -- 1 Pinus nigra (planted)"," -- 95 Pinus nigra (planted)",NA,NA
100040,"y2.5"," -- 6 Quercus ilex (regenerating) -- 1 Juniperus communis (regenerating)"," -- 5 Pinus nigra (planted) -- 1 Quercus ilex (planted) -- 91 Juniperus thurifera (planted)"," -- 3 Quercus ilex (regenerating)",NA
100041,"y2.5"," -- 1 Quercus ilex (regenerating)"," -- 1 Pinus nigra (planted) -- 58 Juniperus thurifera (planted)",NA,NA
100042,"y2.5"," -- 1 Juniperus thurifera (planted)"," -- 3 Pinus nigra (planted) -- 72 Juniperus thurifera (planted)",NA,NA
100043,"y2.5"," -- 2 Juniperus thurifera (planted)"," -- 2 Pinus nigra (planted) -- 102 Juniperus thurifera (planted)",NA,NA
100044,"y2.5"," -- 1 Juniperus thurifera (planted)"," -- 4 Pinus nigra (planted) -- 75 Juniperus thurifera (planted)"," -- 4 Quercus ilex (regenerating)",NA
100045,"y2.5"," -- 1 Quercus ilex (regenerating)"," -- 85 Juniperus thurifera (planted) -- 3 Pinus nigra (planted)",NA,NA
100046,"y2.5"," -- 1 Juniperus oxycedrus (planted)"," -- 75 Juniperus oxycedrus (planted) -- 17 Pinus nigra (planted) -- 1 Quercus ilex (planted)",NA,NA
100047,"y2.5"," -- 1 Quercus ilex (regenerating) -- 6 Quercus faginea (regenerating) -- 6 Juniperus communis (regenerating) -- 1 Juniperus oxycedrus (regenerating)"," -- 81 Juniperus oxycedrus (planted) -- 3 Pinus nigra (planted) -- 1 Quercus ilex (planted)",NA,NA
100048,"y2.5"," -- 1 Quercus ilex (regenerating) -- 3 Quercus faginea (regenerating)"," -- 2 Quercus faginea (planted) -- 9 Pinus nigra (planted) -- 7 Quercus ilex (planted) -- 30 Juniperus thurifera (planted)",NA,NA
100049,"y0",NA," -- 1 Anadenanthera colubrina (planted) -- 1 Bixa orellana (planted) -- 2 Enterolobium contortisiliquum (planted) -- 9 Lafoensia pacari (planted) -- 8 Mimosa bimucronata (planted) -- 9 Peltophorum dubium (planted) -- 1 Schizolobium parahyba (planted) -- 11 Senna multijuga (planted)"," -- 1 Acacia mangium (present) -- 4 Albizia polycephala (present) -- 3 Byrsonima sericea (present) -- 1 Tapirira guianensis (present) -- 1 Trichilia lepidota (present)",NA
100050,"y0"," -- 2 Annona glabra (regenerating) -- 5 Bactris caryotifolia (regenerating) -- 1 Eschweilera ovata (regenerating) -- 1 Syzygium aqueum (regenerating)"," -- 1 Anadenanthera colubrina (planted) -- 6 Cariniana estrellensis (planted) -- 1 Cecropia pachystachya (planted) -- 5 Joannesia princeps (planted) -- 8 Mimosa bimucronata (planted) -- 6 Peltophorum dubium (planted) -- 4 Schizolobium parahyba (planted) -- 4 Senna multijuga (planted) -- 7 Syzygium aqueum (planted)"," -- 1 Albizia polycephala (present) -- 1 Bactris acanthocarpa (present) -- 1 Byrsonima sericea (present) -- 5 Inga blanchetiana (present) -- 2 Tapirira guianensis (present) -- 1 Zanthoxylum rhoifolium (present)",NA
100051,"y0"," -- 1 Machaerium pedicellatum (present)"," -- 1 Bixa orellana (planted) -- 4 Joannesia princeps (planted) -- 1 Mimosa bimucronata (planted) -- 2 Peltophorum dubium (planted) -- 1 Schinus terebinthifolia (planted) -- 1 Senna multijuga (planted)"," -- 1 Byrsonima sericea (present) -- 1 Ficus guaranitica (present) -- 1 Inga capitata (present) -- 1 Pseudobombax grandiflorum (present)",NA
100052,"y0",NA," -- 2 Anadenanthera colubrina (planted) -- 2 Cedrela odorata (planted) -- 1 Enterolobium contortisiliquum (planted) -- 7 Mimosa bimucronata (planted) -- 1 Peltophorum dubium (planted) -- 1 Psidium cattleyanum (planted) -- 1 Senna multijuga (planted) -- 2 Syzygium aqueum (planted) -- 1 Triplaris americana (planted)"," -- 1 Abarema filamentosa (present) -- 1 Byrsonima sericea (present) -- 1 Cupania ludowigii (present) -- 11 Cupania racemosa (present) -- 1 Inga capitata (present) -- 2 Inga sessilis (present) -- 2 Ocotea puberula (present) -- 1 Pouteria venosa (present) -- 1 Psidium cattleyanum (present) -- 1 Schinus terebinthifolia (present)",NA
100053,"y0"," -- 1 Schinus terebinthifolia (regenerating)"," -- 1 Enterolobium contortisiliquum (planted) -- 1 Mimosa bimucronata (planted) -- 4 Peltophorum dubium (planted) -- 1 Syzygium aqueum (planted)",NA,NA
100054,"y0"," -- 0 Ficus guaranitica (regenerating) -- 2 Swartzia oblata (present)"," -- 1 Inga laurina (planted) -- 1 Lafoensia pacari (planted) -- 1 Psidium guineense (planted) -- 1 Schinus terebinthifolia (planted)",NA,NA
100055,"y0"," -- 1 Himatanthus bracteatus (regenerating)",NA," -- 1 Cupania ludowigii (present) -- 1 Matayba guianensis (present) -- 1 Schinus terebinthifolia (present)",NA
100056,"y0"," -- 1 Eschweilera ovata (regenerating) -- 1 Inga thibaudiana (regenerating)"," -- 1 Byrsonima sericea (planted) -- 1 Eriotheca pentaphylla (planted) -- 1 Guatteria sellowiana (planted) -- 5 Guazuma ulmifolia (planted) -- 3 Inga laurina (planted) -- 3 Joannesia princeps (planted) -- 10 Mimosa bimucronata (planted) -- 3 Psidium guineense (planted) -- 3 Schinus terebinthifolia (planted) -- 1 Triplaris americana (planted)"," -- 2 Byrsonima sericea (present) -- 1 Inga thibaudiana (present) -- 1 Tapirira guianensis (present)",NA
100057,"y0"," -- 1 Byrsonima sericea (regenerating) -- 2 Dictyoloma vandellianum (present) -- 1 Trichilia lepidota (present)",NA," -- 1 Byrsonima sericea (present) -- 1 Dictyoloma vandellianum (present) -- 3 Eriotheca pentaphylla (present) -- 1 Guatteria sellowiana (present) -- 1 Inga thibaudiana (present) -- 1 Tapirira guianensis (present) -- 1 Vismia guianensis (present)",NA
100058,"y0"," -- 1 Byrsonima sericea (regenerating) -- 1 Schinus terebinthifolia (regenerating)"," -- 2 Cedrela odorata (planted) -- 1 Citharexylum myrianthum (planted) -- 2 Inga laurina (planted) -- 13 Joannesia princeps (planted) -- 13 Mimosa bimucronata (planted) -- 2 Mimosa schomburgkii (planted) -- 2 Schinus terebinthifolia (planted) -- 1 Triplaris americana (planted)"," -- 5 Byrsonima sericea (present) -- 2 Inga thibaudiana (present) -- 1 Tapirira guianensis (present) -- 1 Vismia guianensis (present)",NA
100059,"y0"," -- 1 Byrsonima sericea (regenerating) -- 3 Dictyoloma vandellianum (regenerating) -- 1 Eschweilera ovata (present) -- 1 Inga thibaudiana (present)"," -- 1 Bixa orellana (planted) -- 2 Cedrela odorata (planted) -- 1 Enterolobium contortisiliquum (planted) -- 7 Guazuma ulmifolia (planted) -- 5 Inga laurina (planted) -- 1 Psidium guineense (planted) -- 1 Schinus terebinthifolia (planted)"," -- 1 Chrysophyllum marginatum (present) -- 1 Dictyoloma vandellianum (present) -- 1 Eriotheca pentaphylla (present) -- 2 Inga thibaudiana (present) -- 1 Tapirira guianensis (present) -- 1 Zanthoxylum rhoifolium (present)",NA
100060,"y0"," -- 2 Machaerium pedicellatum (present)"," -- 1 Joannesia princeps (planted) -- 2 Schinus terebinthifolia (planted)"," -- 1 Machaerium pedicellatum (present) -- 1 Pseudopiptadenia contorta (present) -- 3 Schinus terebinthifolia (present)",NA
100061,"y0"," -- 1 Byrsonima sericea (regenerating) -- 2 Dictyoloma vandellianum (present)"," -- 2 Citharexylum myrianthum (planted) -- 2 Euterpe edulis (planted) -- 2 Schinus terebinthifolia (planted)"," -- 6 Byrsonima sericea (present) -- 1 Dictyoloma vandellianum (present) -- 6 Inga thibaudiana (present) -- 1 Schinus terebinthifolia (present) -- 6 Syagrus pseudococos (present)",NA
100062,"y0"," -- 2 Eugenia uniflora (regenerating) -- 1 Dictyoloma vandellianum (present) -- 1 Inga capitata (present)"," -- 2 Hymenaea stigonocarpa (planted)"," -- 1 Diospyros lasiocalyx (present) -- 1 Hymenaea courbaril (present) -- 5 Inga capitata (present) -- 1 Inga thibaudiana (present) -- 2 Schinus terebinthifolia (present)",NA
100063,"y0"," -- 1 Eschweilera ovata (regenerating) -- 3 Vismia guianensis (present)"," -- 1 Schinus terebinthifolia (planted) -- 1 Senegalia polyphylla (planted)"," -- 1 Albizia polycephala (present) -- 1 Andira fraxinifolia (present) -- 8 Byrsonima sericea (present) -- 1 Eriotheca pentaphylla (present) -- 1 Guatteria sellowiana (present) -- 1 Inga capitata (present) -- 2 Inga thibaudiana (present) -- 1 Nectandra membranacea (present) -- 3 Tapirira guianensis (present) -- 3 Vismia guianensis (present)",NA
100064,"y0"," -- 2 Byrsonima sericea (present) -- 1 Dictyoloma vandellianum (present) -- 2 Eschweilera ovata (present) -- 1 Vismia guianensis (present)"," -- 2 Inga edulis (planted) -- 7 Joannesia princeps (planted) -- 1 Schinus terebinthifolia (planted) -- 3 Senna multijuga (planted) -- 1 Tapirira guianensis (planted)"," -- 3 Byrsonima sericea (present) -- 1 Eriotheca pentaphylla (present) -- 1 Eschweilera ovata (present) -- 1 Faramea multiflora (present) -- 4 Inga thibaudiana (present) -- 1 Pseudopiptadenia contorta (present) -- 2 Senna multijuga (present) -- 1 Tapirira guianensis (present) -- 1 Xylopia aromatica (present)",NA
100065,"y0"," -- 1 Byrsonima sericea (regenerating) -- 1 Dictyoloma vandellianum (regenerating) -- 1 Inga thibaudiana (regenerating) -- 1 Myrcia excoriata (regenerating) -- 1 Pouteria venosa (regenerating) -- 2 Vismia guianensis (regenerating)"," -- 1 Nectandra membranacea (planted) -- 1 Senna multijuga (planted)"," -- 4 Albizia polycephala (present) -- 3 Byrsonima sericea (present) -- 1 Cupania racemosa (present) -- 7 Dictyoloma vandellianum (present) -- 1 Eschweilera ovata (present) -- 1 Ficus guaranitica (present) -- 1 Melanoxylon brauna (present) -- 2 Syagrus pseudococos (present) -- 1 Tapirira guianensis (present) -- 1 Vismia guianensis (present)",NA
100066,"y0"," -- 2 Byrsonima sericea (present) -- 2 Eschweilera ovata (present) -- 1 Nectandra cissiflora (present)"," -- 1 Euterpe edulis (planted) -- 1 Inga edulis (planted) -- 2 Schinus terebinthifolia (planted)"," -- 2 Vismia guianensis (present) -- 3 Vismia guianensis (present) -- 6 Byrsonima sericea (present) -- 1 Eschweilera ovata (present) -- 1 Inga thibaudiana (present) -- 5 Nectandra membranacea (present) -- 2 Tapirira guianensis (present)",NA
100067,"y0"," -- 1 Bactris acanthocarpa (regenerating) -- 2 Eschweilera ovata (regenerating) -- 2 Lonchocarpus cultratus (regenerating)",NA," -- 1 Acacia mangium (present) -- 5 Byrsonima sericea (present) -- 2 Dictyoloma vandellianum (present) -- 1 Inga blanchetiana (present) -- 1 Inga capitata (present) -- 1 Melanoxylon brauna (present) -- 2 Tapirira guianensis (present)",NA
100068,"y0"," -- 1 Schinus terebinthifolia (present)"," -- 1 Anadenanthera colubrina (planted) -- 1 Bixa orellana (planted) -- 1 Heliocarpus americanus (planted) -- 2 Inga edulis (planted) -- 1 Inga laurina (planted) -- 6 Joannesia princeps (planted) -- 1 Mimosa schomburgkii (planted) -- 3 Schinus terebinthifolia (planted) -- 2 Senegalia polyphylla (planted)"," -- 1 Albizia polycephala (present) -- 2 Byrsonima sericea (present)",NA
100069,"y0"," -- 1 Baccharis dracunculifolia (regenerating) -- 1 Matayba guianensis (regenerating) -- 1 Pouteria venosa (regenerating) -- 1 Schinus terebinthifolia (present)"," -- 1 Euterpe edulis (planted) -- 1 Hymenaea courbaril (planted) -- 4 Joannesia princeps (planted) -- 8 Schinus terebinthifolia (planted)"," -- 5 Inga capitata (present) -- 2 Schinus terebinthifolia (present)",NA
100070,"y0"," -- 2 Andira nitida (regenerating) -- 1 Inga Mill. (regenerating)"," -- 1 Astronium urundeuva (planted) -- 1 Cecropia pachystachya (planted) -- 1 Cedrela odorata (planted) -- 1 Guazuma ulmifolia (planted) -- 1 Hymenaea courbaril (planted) -- 5 Inga edulis (planted) -- 1 Inga laurina (planted) -- 1 Joannesia princeps (planted) -- 1 Mimosa schomburgkii (planted) -- 4 Peltophorum dubium (planted) -- 2 Schinus terebinthifolia (planted) -- 1 Senna alata (planted) -- 1 Senna multijuga (planted)"," -- 2 Abarema villosa (present)",NA
100071,"y0"," -- 1 Pera glabrata (regenerating) -- 1 Xylopia aromatica (regenerating)"," -- 5 Bixa orellana (planted) -- 2 Guazuma ulmifolia (planted) -- 1 Hymenaea courbaril (planted) -- 3 Inga edulis (planted) -- 6 Joannesia princeps (planted) -- 3 Peltophorum dubium (planted) -- 2 Schinus terebinthifolia (planted) -- 1 Senegalia polyphylla (planted) -- 2 Senna alata (planted)"," -- 4 Byrsonima sericea (present) -- 4 Tapirira guianensis (present)",NA
100072,"y0"," -- 1 Cupania vernalis (regenerating) -- 1 Inga Mill. (regenerating)"," -- 2 Annona montana (planted) -- 2 Bixa orellana (planted) -- 1 Cedrela odorata (planted) -- 6 Guazuma ulmifolia (planted) -- 2 Heliocarpus americanus (planted) -- 3 Inga edulis (planted) -- 1 Senegalia polyphylla (planted) -- 2 Senna alata (planted) -- 1 Senna multijuga (planted) -- 3 Trema micranthum (planted)"," -- 1 Acacia mangium (present) -- 1 Inga capitata (present)",NA
100073,"y0"," -- 1 Cordia ecalyculata (regenerating)"," -- 1 Anadenanthera colubrina (planted) -- 3 Annona montana (planted) -- 2 Bixa orellana (planted) -- 1 Cariniana estrellensis (planted) -- 1 Guazuma ulmifolia (planted) -- 1 Handroanthus chrysotrichus (planted) -- 1 Handroanthus serratifolius (planted) -- 3 Inga edulis (planted) -- 8 Joannesia princeps (planted) -- 1 Mimosa schomburgkii (planted) -- 1 Myrcia excoriata (planted) -- 3 Peltophorum dubium (planted) -- 4 Schinus terebinthifolia (planted) -- 1 Schizolobium parahyba (planted) -- 4 Senegalia polyphylla (planted) -- 2 Senna alata (planted) -- 1 Senna multijuga (planted)"," -- 2 Byrsonima sericea (present) -- 1 Tapirira guianensis (present)",NA
100074,"y0"," -- 1 Baccharis dracunculifolia (regenerating) -- 1 Inga thibaudiana (present)"," -- 4 Bixa orellana (planted) -- 2 Cedrela odorata (planted) -- 2 Euterpe edulis (planted) -- 7 Guazuma ulmifolia (planted) -- 1 Hymenaea courbaril (planted) -- 4 Joannesia princeps (planted) -- 4 Mimosa bimucronata (planted) -- 1 Psidium guineense (planted) -- 6 Schinus terebinthifolia (planted) -- 3 Senegalia polyphylla (planted) -- 1 Trema micranthum (planted)"," -- 1 Schinus terebinthifolia (present) -- 1 Tapirira guianensis (present)",NA
100075,"y0"," -- 1 Schinus terebinthifolia (present)"," -- 2 Handroanthus chrysotrichus (planted)"," -- 1 Byrsonima sericea (present)",NA
100076,"y0"," -- 1 Inga capitata (present) -- 1 Schinus terebinthifolia (present)"," -- 1 Inga laurina (planted) -- 5 Joannesia princeps (planted) -- 6 Schinus terebinthifolia (planted)"," -- 1 Byrsonima sericea (present) -- 2 Schinus terebinthifolia (present)",NA
100077,"y0"," -- 1 Baccharis dracunculifolia (regenerating) -- 2 Eschweilera ovata (regenerating)"," -- 6 Anadenanthera colubrina (planted) -- 3 Bixa orellana (planted) -- 2 Cecropia pachystachya (planted) -- 6 Citharexylum myrianthum (planted) -- 1 Croton floribundus (planted) -- 3 Enterolobium contortisiliquum (planted) -- 3 Euterpe edulis (planted) -- 2 Handroanthus chrysotrichus (planted) -- 4 Inga edulis (planted) -- 2 Mimosa schomburgkii (planted) -- 1 Peltophorum dubium (planted) -- 2 Schinus terebinthifolia (planted) -- 1 Senna alata (planted) -- 2 Senna multijuga (planted) -- 4 Triplaris americana (planted)"," -- 1 Tapirira guianensis (present) -- 1 Pera glabrata (present) -- 1 Tapirira guianensis (present)",NA
100078,"y0"," -- 2 Eschweilera ovata (regenerating)"," -- 1 Anadenanthera colubrina (planted) -- 2 Bixa orellana (planted) -- 4 Citharexylum myrianthum (planted) -- 1 Croton urucurana (planted) -- 3 Enterolobium contortisiliquum (planted) -- 2 Guazuma ulmifolia (planted) -- 2 Handroanthus chrysotrichus (planted) -- 8 Inga edulis (planted) -- 1 Inga laurina (planted) -- 2 Joannesia princeps (planted) -- 1 Luehea grandiflora (planted) -- 1 Mimosa schomburgkii (planted) -- 1 Peltophorum dubium (planted) -- 1 Protium heptaphyllum (planted) -- 4 Senna multijuga (planted)"," -- 1 Byrsonima crassifolia (present) -- 3 Inga edulis (present) -- 1 Swartzia acutifolia (present) -- 7 Tapirira guianensis (present)",NA
100079,"y0"," -- 1 Matayba guianensis (present)"," -- 1 Anadenanthera colubrina (planted) -- 1 Citharexylum myrianthum (planted) -- 1 Enterolobium contortisiliquum (planted) -- 1 Eugenia brasiliensis (planted) -- 5 Inga edulis (planted) -- 1 Joannesia princeps (planted) -- 2 Schinus terebinthifolia (planted) -- 1 Triplaris americana (planted)",NA,NA
100080,"y0"," -- 1 Nao Identificada (present) -- 2 Eschweilera ovata (present) -- 1 Schinus terebinthifolia (present)"," -- 1 Anadenanthera colubrina (planted) -- 2 Astronium urundeuva (planted) -- 1 Guazuma ulmifolia (planted) -- 1 Handroanthus chrysotrichus (planted) -- 5 Schinus terebinthifolia (planted)"," -- 2 Schinus terebinthifolia (present)",NA
100081,"y0"," -- 1 Baccharis dracunculifolia (present) -- 1 Byrsonima sericea (present) -- 1 Eschweilera ovata (present)"," -- 5 Anadenanthera colubrina (planted) -- 1 Cariniana estrellensis (planted) -- 1 Enterolobium contortisiliquum (planted) -- 1 Eriotheca pentaphylla (planted) -- 2 Handroanthus chrysotrichus (planted) -- 1 Hymenaea courbaril (planted) -- 1 Inga edulis (planted) -- 5 Mimosa bimucronata (planted) -- 4 Schinus terebinthifolia (planted) -- 1 Schizolobium parahyba (planted) -- 1 Senegalia polyphylla (planted) -- 11 Syzygium aqueum (planted)"," -- 1 Byrsonima sericea (present) -- 1 Eriotheca pentaphylla (present) -- 1 Tapirira guianensis (present)",NA
100082,"y0"," -- 1 Cordia ecalyculata (regenerating) -- 1 Eschweilera ovata (regenerating) -- 1 Myrcia excoriata (regenerating)"," -- 2 Anadenanthera colubrina (planted) -- 4 Annona glabra (planted) -- 1 Colubrina glandulosa (planted) -- 2 Cordia trichotoma (planted) -- 1 Handroanthus chrysotrichus (planted) -- 3 Hymenaea courbaril (planted) -- 1 Luehea grandiflora (planted) -- 3 Mimosa bimucronata (planted) -- 3 Mimosa schomburgkii (planted) -- 13 Psidium guineense (planted) -- 3 Schinus terebinthifolia (planted) -- 2 Schizolobium parahyba (planted) -- 0 Senna multijuga (planted) -- 2 Syzygium aqueum (planted) -- 1 Trema micranthum (planted) -- 2 Triplaris americana (planted)"," -- 1 Syagrus pseudococos (present)",NA
100083,"y0"," -- 1 Bactris acanthocarpa (present) -- 1 Byrsonima sericea (present)"," -- 1 Eriotheca pentaphylla (planted) -- 6 Inga thibaudiana (planted) -- 5 Mimosa bimucronata (planted)"," -- 2 Andira fraxinifolia (present) -- 2 Inga thibaudiana (present) -- 1 Licania nitida (present) -- 3 Syagrus pseudococos (present)",NA
100084,"y0"," -- 1 Bactris acanthocarpa (regenerating) -- 1 Casearia melliodora (regenerating) -- 1 Eschweilera ovata (regenerating)"," -- 3 Anadenanthera colubrina (planted) -- 1 Bixa orellana (planted) -- 2 Cedrela odorata (planted) -- 1 Guazuma ulmifolia (planted) -- 1 Inga edulis (planted) -- 3 Mimosa bimucronata (planted) -- 1 Psidium guineense (planted) -- 1 Schinus terebinthifolia (planted) -- 1 Solanum lycocarpum (planted) -- 4 Syzygium aqueum (planted)"," -- 1 Albizia polycephala (present) -- 1 Eriotheca pentaphylla (present) -- 1 Syagrus pseudococos (present)",NA
100085,"y0"," -- 1 Cordia ecalyculata (regenerating) -- 1 Psidium guineense (regenerating)"," -- 1 Anadenanthera colubrina (planted) -- 1 Annona glabra (planted) -- 1 Cedrela odorata (planted) -- 2 Cordia trichotoma (planted) -- 4 Dilodendron bipinnatum (planted) -- 13 Mimosa bimucronata (planted) -- 1 Mimosa schomburgkii (planted) -- 14 Psidium guineense (planted) -- 2 Senna multijuga (planted) -- 2 Solanum lycocarpum (planted) -- 2 Triplaris americana (planted)"," -- 1 Albizia polycephala (present) -- 1 Cupania racemosa (present) -- 1 Eriotheca pentaphylla (present) -- 1 Guatteria sellowiana (present) -- 1 Pouteria venosa (present) -- 1 Tapirira guianensis (present)",NA
100086,"y0"," -- 1 Baccharis dracunculifolia (present) -- 1 Casearia melliodora (present) -- 1 Erythroxylum columbinum (present) -- 1 Eschweilera ovata (present) -- 1 Schinus terebinthifolia (present)"," -- 4 Anadenanthera colubrina (planted) -- 1 Anadenanthera peregrina (planted) -- 2 Astronium urundeuva (planted) -- 1 Bixa orellana (planted) -- 1 Cedrela odorata (planted) -- 3 Cordia trichotoma (planted) -- 2 Dilodendron bipinnatum (planted) -- 3 Gallesia integrifolia (planted) -- 1 Guatteria sellowiana (planted) -- 4 Handroanthus chrysotrichus (planted) -- 7 Inga edulis (planted) -- 4 Mimosa bimucronata (planted) -- 6 Mimosa schomburgkii (planted) -- 2 Schinus terebinthifolia (planted) -- 1 Schizolobium parahyba (planted) -- 2 Syzygium aqueum (planted) -- 1 Triplaris americana (planted)"," -- 2 Albizia polycephala (present) -- 3 Byrsonima sericea (present) -- 1 Eriotheca pentaphylla (present) -- 1 Guatteria sellowiana (present) -- 1 Inga thibaudiana (present) -- 1 Machaerium acutifolium (present) -- 1 Pseudopiptadenia contorta (present) -- 1 Syagrus pseudococos (present) -- 3 Tapirira guianensis (present) -- 1 Vismia guianensis (present) -- 4 Zanthoxylum rhoifolium (present)",NA
100087,"y0"," -- 2 Eschweilera ovata (regenerating)"," -- 1 Albizia polycephala (planted) -- 2 Anadenanthera colubrina (planted) -- 1 Annona montana (planted) -- 4 Astronium urundeuva (planted) -- 1 Cedrela odorata (planted) -- 1 Dictyoloma vandellianum (planted) -- 1 Dilodendron bipinnatum (planted) -- 6 Enterolobium contortisiliquum (planted) -- 1 Jacaranda puberula (planted) -- 1 Mimosa bimucronata (planted) -- 2 Mimosa schomburgkii (planted) -- 8 Psidium guineense (planted) -- 4 Schinus terebinthifolia (planted) -- 3 Schizolobium parahyba (planted) -- 2 Senna multijuga (planted) -- 1 Solanum lycocarpum (planted) -- 3 Triplaris americana (planted)"," -- 2 Albizia polycephala (present) -- 1 Byrsonima sericea (present) -- 2 Syagrus pseudococos (present) -- 2 Tapirira guianensis (present)",NA
100088,"y0"," -- 1 Baccharis dracunculifolia (regenerating) -- 1 Schinus terebinthifolia (regenerating) -- 1 Eschweilera ovata (present)"," -- 1 Anadenanthera colubrina (planted) -- 2 Bixa orellana (planted) -- 2 Cariniana estrellensis (planted) -- 6 Colubrina glandulosa (planted) -- 2 Croton floribundus (planted) -- 3 Gallesia integrifolia (planted) -- 1 Guazuma ulmifolia (planted) -- 24 Inga edulis (planted) -- 19 Inga laurina (planted) -- 1 Joannesia princeps (planted) -- 7 Pseudobombax grandiflorum (planted) -- 2 Triplaris americana (planted)"," -- 1 Cordia ecalyculata (present) -- 1 Tapirira guianensis (present)",NA
100089,"y0"," -- 1 Xylopia aromatica (regenerating) -- 1 Eschweilera ovata (present)"," -- 2 Anadenanthera colubrina (planted) -- 2 Bixa orellana (planted) -- 5 Colubrina glandulosa (planted) -- 1 Enterolobium contortisiliquum (planted) -- 2 Gallesia integrifolia (planted) -- 1 Guazuma ulmifolia (planted) -- 23 Inga edulis (planted) -- 12 Inga laurina (planted) -- 4 Jacaranda puberula (planted) -- 4 Joannesia princeps (planted) -- 3 Mimosa bimucronata (planted) -- 8 Pseudobombax grandiflorum (planted) -- 1 Schinus terebinthifolia (planted) -- 1 Trema micranthum (planted)"," -- 1 Byrsonima crassifolia (present) -- 1 Byrsonima sericea (present) -- 1 Eriotheca pentaphylla (present) -- 2 Inga thibaudiana (present) -- 2 Tapirira guianensis (present) -- 1 Zanthoxylum rhoifolium (present)",NA
100090,"y0"," -- 1 Annona glabra (present) -- 1 Bactris acanthocarpa (present) -- 1 Byrsonima sericea (present) -- 1 Cupania racemosa (present) -- 1 Cybistax antisyphilitica (present)"," -- 2 Bixa orellana (planted) -- 1 Citharexylum myrianthum (planted) -- 2 Colubrina glandulosa (planted) -- 1 Croton floribundus (planted) -- 2 Gallesia integrifolia (planted) -- 1 Handroanthus chrysotrichus (planted) -- 25 Inga edulis (planted) -- 12 Inga laurina (planted) -- 2 Jacaranda puberula (planted) -- 1 Mimosa schomburgkii (planted) -- 3 Pseudobombax grandiflorum (planted) -- 1 Schinus terebinthifolia (planted)"," -- 1 Byrsonima crassifolia (present) -- 1 Byrsonima sericea (present) -- 1 Cordia sellowiana (present) -- 1 Dilodendron bipinnatum (present) -- 7 Inga thibaudiana (present) -- 2 Tapirira guianensis (present)",NA
100091,"y0"," -- 1 Byrsonima sericea (regenerating) -- 1 Schinus terebinthifolia (regenerating)"," -- 2 Bixa orellana (planted) -- 2 Gallesia integrifolia (planted) -- 24 Inga edulis (planted) -- 13 Inga laurina (planted) -- 1 Joannesia princeps (planted) -- 8 Pseudobombax grandiflorum (planted) -- 2 Schinus terebinthifolia (planted) -- 1 Triplaris americana (planted)",NA,NA
100092,"y0"," -- 2 Andira nitida (regenerating) -- 2 Inga thibaudiana (present)"," -- 1 Astronium urundeuva (planted) -- 1 Bixa orellana (planted) -- 3 Cariniana legalis (planted) -- 1 Colubrina glandulosa (planted) -- 1 Cordia trichotoma (planted) -- 2 Dictyoloma vandellianum (planted) -- 1 Gallesia integrifolia (planted) -- 2 Handroanthus chrysotrichus (planted) -- 16 Inga edulis (planted) -- 2 Inga laurina (planted) -- 1 Jacaranda puberula (planted) -- 2 Joannesia princeps (planted) -- 2 Mimosa schomburgkii (planted) -- 1 Peltophorum dubium (planted) -- 2 Pseudobombax grandiflorum (planted) -- 1 Schinus terebinthifolia (planted) -- 1 Triplaris americana (planted)"," -- 5 Tapirira guianensis (present) -- 1 Albizia polycephala (present) -- 2 Byrsonima sericea (present) -- 5 Inga thibaudiana (present) -- 2 Tapirira guianensis (present)",NA
100093,"y0"," -- 2 Byrsonima sericea (regenerating) -- 1 Cupania racemosa (regenerating) -- 1 Myrsine guianensis (regenerating)"," -- 3 Astronium urundeuva (planted) -- 1 Bixa orellana (planted) -- 2 Colubrina glandulosa (planted) -- 1 Croton floribundus (planted) -- 1 Croton urucurana (planted) -- 1 Guazuma ulmifolia (planted) -- 16 Inga edulis (planted) -- 4 Inga laurina (planted) -- 3 Mabea fistulifera (planted) -- 4 Mimosa bimucronata (planted) -- 2 Pseudobombax grandiflorum (planted) -- 1 Triplaris americana (planted)"," -- 2 Byrsonima sericea (present) -- 8 Inga thibaudiana (present) -- 1 Tapirira guianensis (present) -- 1 Zanthoxylum rhoifolium (present)",NA
100094,"y0"," -- 2 Bactris acanthocarpa (present) -- 2 Myrsine guianensis (present)"," -- 3 Bixa orellana (planted) -- 2 Cecropia glaziovii (planted) -- 6 Citharexylum myrianthum (planted) -- 2 Croton floribundus (planted) -- 7 Cybistax antisyphilitica (planted) -- 3 Gallesia integrifolia (planted) -- 1 Genipa americana (planted) -- 2 Himatanthus bracteatus (planted) -- 2 Inga edulis (planted) -- 13 Inga laurina (planted) -- 4 Luehea candicans (planted) -- 1 Psidium guajava (planted) -- 6 Psidium rufum (planted) -- 12 Schinus terebinthifolia (planted) -- 8 Senegalia polyphylla (planted) -- 1 Senna pendula (planted) -- 18 Tabebuia roseoalba (planted) -- 5 Tapirira guianensis (planted)"," -- 1 Eschweilera ovata (present) -- 4 Inga thibaudiana (present)",NA
100095,"y0"," -- 1 Byrsonima sericea (regenerating) -- 1 Cecropia pachystachya (regenerating)"," -- 1 Bixa orellana (planted) -- 1 Croton floribundus (planted) -- 5 Inga edulis (planted) -- 1 Jacaranda puberula (planted) -- 2 Joannesia princeps (planted) -- 2 Peltophorum dubium (planted) -- 1 Pseudobombax grandiflorum (planted) -- 2 Tapirira guianensis (planted) -- 1 Triplaris americana (planted)"," -- 1 Byrsonima sericea (present) -- 4 Albizia polycephala (present) -- 4 Byrsonima sericea (present) -- 2 Calophyllum brasiliense (present) -- 1 Schinus terebinthifolia (present) -- 2 Sideroxylon obtusifolium (present) -- 7 Tapirira guianensis (present)",NA
100096,"y0"," -- 2 Chamaecrista ensiformis (regenerating) -- 2 Inga capitata (regenerating)",NA," -- 1 Albizia polycephala (present) -- 1 Abarema brachystachya (present) -- 1 Andira fraxinifolia (present) -- 1 Ficus guaranitica (present) -- 1 Himatanthus bracteatus (present) -- 6 Inga capitata (present) -- 7 Nectandra membranacea (present) -- 18 Schinus terebinthifolia (present)",NA
100097,"y0"," -- 1 Cordia trichotoma (present) -- 1 Nectandra membranacea (present) -- 1 Vismia guianensis (present)",NA," -- 3 Albizia polycephala (present) -- 11 Byrsonima sericea (present) -- 1 Campomanesia guaviroba (present) -- 1 Chrysophyllum marginatum (present) -- 1 Dictyoloma vandellianum (present) -- 1 Eriotheca pentaphylla (present) -- 1 Melanoxylon brauna (present) -- 1 Monteverdia brasiliensis (present) -- 1 Pradosia lactescens (present) -- 2 Syagrus pseudococos (present) -- 1 Tapirira guianensis (present) -- 3 Vismia guianensis (present)",NA
100098,"y0"," -- 1 Anadenanthera peregrina (planted)"," -- 3 Other or don't know (planted) -- 8 Anacardium occidentale (planted) -- 23 Anadenanthera peregrina (planted) -- 3 Inga edulis (planted) -- 1 Joannesia princeps (planted) -- 4 Pseudopiptadenia Rauschert (planted) -- 1 Psidium cattleyanum (planted) -- 1 Psidium guineense (planted) -- 7 Schinus terebinthifolia (planted)"," -- 1 Pera heteranthera (present)",NA
100099,"y0"," -- 1 Handroanthus chrysotrichus (planted)"," -- 2 Anacardium occidentale (planted) -- 15 Anadenanthera peregrina (planted) -- 5 Handroanthus chrysotrichus (planted) -- 2 Inga edulis (planted) -- 3 Inga laurina (planted) -- 4 Peltophorum dubium (planted) -- 10 Schinus terebinthifolia (planted) -- 2 Tapirira guianensis (planted)"," -- 2 Other or don't know (present) -- 1 Pera glabrata (present) -- 2 Tapirira guianensis (present)",NA
100100,"y0"," -- 1 Schinus terebinthifolia (planted)"," -- 2 Anacardium occidentale (planted) -- 8 Anadenanthera peregrina (planted) -- 1 Astronium urundeuva (planted) -- 2 Handroanthus chrysotrichus (planted) -- 6 Hymenaea courbaril (planted) -- 5 Inga edulis (planted) -- 1 Joannesia princeps (planted) -- 5 Peltophorum dubium (planted) -- 1 Pera heteranthera (planted) -- 6 Schinus terebinthifolia (planted)"," -- 3 Other or don't know (present) -- 6 Byrsonima crassifolia (present) -- 3 Pera glabrata (present)",NA
100101,"y0"," -- 3 Anadenanthera peregrina (planted)"," -- 17 Anacardium occidentale (planted) -- 28 Anadenanthera peregrina (planted) -- 6 Handroanthus chrysotrichus (planted) -- 2 Hymenaea courbaril (planted) -- 7 Inga edulis (planted) -- 1 Inga laurina (planted) -- 3 Joannesia princeps (planted) -- 4 Paubrasilia echinata (planted) -- 11 Schinus terebinthifolia (planted) -- 1 Syzygium aqueum (planted)"," -- 1 Ficus guaranitica (present) -- 1 Pera glabrata (present)",NA
100102,"y0"," -- 1 Psidium guineense (present)"," -- 1 Anadenanthera colubrina (planted) -- 6 Anadenanthera peregrina (planted) -- 9 Handroanthus chrysotrichus (planted) -- 1 Inga edulis (planted) -- 1 Pera glabrata (planted) -- 4 Psidium guajava (planted) -- 1 Psidium guineense (planted) -- 6 Schinus terebinthifolia (planted)"," -- 4 Other or don't know (present) -- 1 Albizia polycephala (present) -- 3 Byrsonima sericea (present) -- 7 Schinus terebinthifolia (present) -- 1 Tapirira guianensis (present)",NA
100103,"y0"," -- 1 Eschweilera ovata (present)"," -- 5 Other or don't know (planted) -- 1 Anacardium occidentale (planted) -- 3 Anadenanthera colubrina (planted) -- 21 Anadenanthera peregrina (planted) -- 1 Apuleia leiocarpa (planted) -- 2 Byrsonima sericea (planted) -- 4 Cedrela odorata (planted) -- 1 Dalbergia nigra (planted) -- 1 Eschweilera ovata (planted) -- 5 Genipa americana (planted) -- 7 Handroanthus chrysotrichus (planted) -- 1 Handroanthus umbellatus (planted) -- 2 Hymenaea courbaril (planted) -- 16 Inga edulis (planted) -- 3 Inga laurina (planted) -- 17 Joannesia princeps (planted) -- 1 Pouteria caimito (planted) -- 29 Schinus terebinthifolia (planted) -- 1 Stryphnodendron adstringens (planted) -- 2 Tapirira guianensis (planted)"," -- 9 Other or don't know (present) -- 3 Eschweilera ovata (present) -- 1 Pera glabrata (present)",NA
100104,"y0"," -- 2 Tapirira guianensis (present)"," -- 13 Anadenanthera colubrina (planted) -- 14 Anadenanthera peregrina (planted) -- 3 Handroanthus chrysotrichus (planted) -- 19 Inga edulis (planted) -- 2 Psidium guineense (planted) -- 20 Schinus terebinthifolia (planted) -- 2 Tapirira guianensis (planted)"," -- 1 Other or don't know (present) -- 1 Byrsonima sericea (present) -- 1 Tapirira guianensis (present)",NA
100105,"y0"," -- 1 Dictyoloma vandellianum (regenerating) -- 1 Inga sessilis (regenerating) -- 1 Peltophorum dubium (regenerating)"," -- 1 Anacardium occidentale (planted) -- 7 Anadenanthera peregrina (planted) -- 5 Genipa americana (planted) -- 4 Handroanthus chrysotrichus (planted) -- 2 Inga edulis (planted) -- 7 Joannesia princeps (planted) -- 1 Psidium guineense (planted) -- 3 Schinus terebinthifolia (planted) -- 1 Zanthoxylum rhoifolium (planted)"," -- 1 Other or don't know (present) -- 2 Anadenanthera peregrina (present) -- 1 Andira anthelmia (present) -- 1 Byrsonima crassifolia (present) -- 1 Dictyoloma vandellianum (present) -- 1 Inga sessilis (present) -- 1 Tapirira guianensis (present)",NA
100106,"y0"," -- 1 Schinus terebinthifolia (planted)"," -- 2 Other or don't know (planted) -- 30 Anadenanthera peregrina (planted) -- 3 Eschweilera ovata (planted) -- 4 Genipa americana (planted) -- 9 Handroanthus chrysotrichus (planted) -- 2 Hymenaea courbaril (planted) -- 9 Inga edulis (planted) -- 3 Inga marginata (planted) -- 15 Joannesia princeps (planted) -- 43 Schinus terebinthifolia (planted) -- 12 Tapirira guianensis (planted)"," -- 6 Other or don't know (present) -- 2 Eschweilera ovata (present) -- 1 Schinus terebinthifolia (present)",NA
100107,"y0"," -- 1 Tapirira guianensis (present)"," -- 3 Anadenanthera colubrina (planted) -- 19 Anadenanthera peregrina (planted) -- 1 Cecropia pachystachya (planted) -- 1 Genipa americana (planted) -- 7 Handroanthus chrysotrichus (planted) -- 2 Inga edulis (planted) -- 2 Inga marginata (planted) -- 1 Psidium guineense (planted) -- 8 Schinus terebinthifolia (planted) -- 2 Trema micranthum (planted)"," -- 1 Aegiphila integrifolia (present) -- 1 Byrsonima sericea (present) -- 1 Eschweilera ovata (present) -- 1 Handroanthus vellosoi (present) -- 2 Tapirira guianensis (present)",NA
100108,"y0"," -- 1 Zanthoxylum rhoifolium (regenerating) -- 1 Eschweilera ovata (present)"," -- 5 Anadenanthera colubrina (planted) -- 4 Anadenanthera peregrina (planted) -- 2 Genipa americana (planted) -- 7 Handroanthus chrysotrichus (planted) -- 1 Inga edulis (planted) -- 15 Schinus terebinthifolia (planted) -- 1 Tapirira guianensis (planted) -- 1 Zanthoxylum rhoifolium (planted)"," -- 1 Other or don't know (present) -- 5 Anadenanthera peregrina (present) -- 2 Tapirira guianensis (present)",NA
100109,"y0"," -- 1 Myrcia splendens (regenerating) -- 1 Psidium guineense (present) -- 1 Tapirira guianensis (present)"," -- 4 Anadenanthera colubrina (planted) -- 12 Anadenanthera peregrina (planted) -- 1 Cecropia pachystachya (planted) -- 1 Handroanthus albus (planted) -- 9 Handroanthus chrysotrichus (planted) -- 2 Handroanthus umbellatus (planted) -- 12 Inga edulis (planted) -- 1 Psidium guineense (planted) -- 12 Schinus terebinthifolia (planted) -- 2 Tapirira guianensis (planted)"," -- 8 Other or don't know (present) -- 1 Byrsonima sericea (present) -- 4 Psidium guineense (present)",NA
100110,"y0"," -- 1 Schinus terebinthifolia (planted)"," -- 12 Anadenanthera peregrina (planted) -- 12 Handroanthus chrysotrichus (planted) -- 5 Inga edulis (planted) -- 1 Peltophorum dubium (planted) -- 12 Schinus terebinthifolia (planted) -- 1 Tapirira guianensis (planted)",NA,NA
100111,"y0"," -- 1 Anadenanthera peregrina (planted)"," -- 6 Anacardium occidentale (planted) -- 15 Anadenanthera peregrina (planted) -- 1 Byrsonima crassifolia (planted) -- 1 Dictyoloma vandellianum (planted) -- 5 Genipa americana (planted) -- 3 Handroanthus chrysotrichus (planted) -- 3 Inga edulis (planted) -- 2 Inga laurina (planted) -- 20 Inga marginata (planted) -- 3 Paubrasilia echinata (planted) -- 1 Peltophorum dubium (planted) -- 20 Schinus terebinthifolia (planted) -- 1 Tabebuia roseoalba (planted) -- 7 Tapirira guianensis (planted)"," -- 1 Genipa americana (present)",NA
100112,"y0"," -- 1 Psidium guineense (present)"," -- 4 Other or don't know (planted) -- 6 Anacardium occidentale (planted) -- 7 Anadenanthera colubrina (planted) -- 2 Anadenanthera peregrina (planted) -- 2 Annona acutiflora (planted) -- 1 Eugenia florida (planted) -- 2 Genipa americana (planted) -- 8 Handroanthus chrysotrichus (planted) -- 10 Inga edulis (planted) -- 2 Inga laurina (planted) -- 5 Peltophorum dubium (planted) -- 4 Pera glabrata (planted) -- 12 Samanea tubulosa (planted) -- 5 Schinus terebinthifolia (planted) -- 17 Tapirira guianensis (planted)"," -- 13 Other or don't know (present) -- 1 Cecropia pachystachya (present) -- 1 Pera glabrata (present) -- 9 Psidium guajava (present)",NA
100113,"y0"," -- 1 Aegiphila integrifolia (regenerating) -- 2 Anadenanthera peregrina (planted)"," -- 12 Anadenanthera peregrina (planted) -- 8 Handroanthus chrysotrichus (planted) -- 1 Hymenaea courbaril (planted) -- 2 Inga edulis (planted) -- 4 Schinus terebinthifolia (planted)"," -- 1 Byrsonima sericea (present) -- 2 Eschweilera ovata (present) -- 1 Handroanthus serratifolius (present) -- 2 Inga thibaudiana (present) -- 1 Nectandra membranacea (present) -- 1 Pera glabrata (present) -- 2 Piptadenia paniculata (present) -- 2 Pouteria beaurepairei (present)"," -- 1 Handroanthus chrysotrichus (planted)"
100114,"y0"," -- 1 Nectandra lineata (regenerating) -- 1 Siparuna guianensis (regenerating)"," -- 1 Albizia polycephala (planted)"," -- 2 Albizia polycephala (present) -- 1 Brosimum guianense (present) -- 3 Byrsonima sericea (present) -- 1 Casearia sylvestris (present) -- 3 Cordia trichoclada (present) -- 1 Didymopanax morototoni (present) -- 3 Eschweilera ovata (present) -- 2 Himatanthus bracteatus (present) -- 4 Inga thibaudiana (present) -- 1 Lecythis lurida (present) -- 3 Miconia cinnamomifolia (present) -- 2 Pera glabrata (present) -- 9 Tapirira guianensis (present) -- 1 Zanthoxylum rhoifolium (present)"," -- 1 Palicourea sessilis (regenerating) -- 4 Tapirira guianensis (regenerating)"
100115,"y0"," -- 1 Anadenanthera peregrina (planted) -- 1 Cupania zanthoxyloides (planted) -- 1 Handroanthus chrysotrichus (planted)"," -- 7 Anadenanthera colubrina (planted) -- 8 Anadenanthera peregrina (planted) -- 1 Handroanthus chrysotrichus (planted) -- 1 Handroanthus serratifolius (planted) -- 2 Inga edulis (planted) -- 1 Pera glabrata (planted) -- 3 Schinus terebinthifolia (planted) -- 1 Tapirira guianensis (planted) -- 1 Zanthoxylum rhoifolium (planted)"," -- 4 Albizia polycephala (present) -- 1 Allagoptera caudescens (present) -- 1 Byrsonima sericea (present) -- 1 Casearia melliodora (present) -- 1 Casearia sylvestris (present) -- 3 Eschweilera ovata (present) -- 1 Euterpe edulis (present) -- 1 Inga edulis (present) -- 1 Mabea fistulifera (present) -- 3 Myroxylon peruiferum (present) -- 3 Pera glabrata (present) -- 1 Pouteria beaurepairei (present) -- 7 Tapirira guianensis (present) -- 2 Zanthoxylum rhoifolium (present)"," -- 1 Zanthoxylum rhoifolium (regenerating) -- 1 Schinus terebinthifolia (planted)"
100116,"y0"," -- 1 Psidium guineense (regenerating)"," -- 1 Other or don't know (planted) -- 6 Anadenanthera colubrina (planted) -- 1 Anadenanthera peregrina (planted) -- 1 Inga edulis (planted) -- 5 Schinus terebinthifolia (planted) -- 1 Tapirira guianensis (planted)"," -- 1 Other or don't know (present) -- 1 Anadenanthera colubrina (present) -- 2 Byrsonima sericea (present) -- 2 Casearia sylvestris (present) -- 5 Eschweilera ovata (present) -- 2 Inga thibaudiana (present) -- 1 Lecythis lurida (present) -- 2 Pera glabrata (present) -- 1 Pradosia lactescens (present) -- 8 Tapirira guianensis (present) -- 2 Zanthoxylum rhoifolium (present)"," -- 1 Albizia polycephala (regenerating) -- 1 Pera glabrata (regenerating) -- 2 Tapirira guianensis (regenerating) -- 1 Xylopia sericea (regenerating)"
100117,"y0"," -- 1 Byrsonima sericea (regenerating) -- 1 Tapirira guianensis (regenerating)"," -- 3 Anadenanthera peregrina (planted) -- 1 Handroanthus chrysotrichus (planted) -- 6 Inga edulis (planted) -- 1 Inga sessilis (planted) -- 1 Kielmeyera altissima (planted) -- 5 Schinus terebinthifolia (planted) -- 1 Zanthoxylum rhoifolium (planted)"," -- 6 Other or don't know (present) -- 3 Byrsonima sericea (present) -- 1 Miconia prasina (present) -- 2 Psidium guajava (present) -- 7 Tapirira guianensis (present)"," -- 1 Albizia polycephala (regenerating) -- 2 Clidemia hirta (regenerating)"
100118,"y0"," -- 1 Eschweilera ovata (regenerating) -- 1 Psidium guineense (regenerating) -- 1 Tapirira guianensis (regenerating) -- 1 Xylopia aromatica (regenerating)"," -- 10 Anadenanthera peregrina (planted) -- 19 Handroanthus chrysotrichus (planted) -- 1 Hymenaea courbaril (planted) -- 7 Inga edulis (planted) -- 2 Inga laurina (planted) -- 1 Pterygota brasiliensis (planted) -- 6 Schinus terebinthifolia (planted) -- 9 Tapirira guianensis (planted)"," -- 1 Aegiphila integrifolia (present) -- 2 Casearia sylvestris (present) -- 1 Cordia trichoclada (present) -- 1 Cupania oblongifolia (present) -- 1 Diospyros lasiocalyx (present) -- 1 Pera glabrata (present) -- 1 Pseudopiptadenia contorta (present) -- 5 Tapirira guianensis (present)"," -- 1 Tapirira guianensis (regenerating) -- 1 Zanthoxylum rhoifolium (regenerating)"
100119,"y0"," -- 1 Schinus terebinthifolia (planted)"," -- 3 Cecropia glaziovii (planted) -- 7 Paubrasilia echinata (planted) -- 2 Psidium guineense (planted) -- 8 Schinus terebinthifolia (planted)",NA,NA
100120,"y0"," -- 4 Mimosa caesalpiniifolia (present)"," -- 1 Other or don't know (planted) -- 8 Anacardium occidentale (planted) -- 1 Astronium urundeuva (planted) -- 1 Psidium guajava (planted) -- 2 Schinus terebinthifolia (planted) -- 13 Tapirira guianensis (planted)"," -- 1 Byrsonima crassifolia (present)",NA
100121,"y0"," -- 4 Zanthoxylum rhoifolium (present)"," -- 2 Astronium urundeuva (planted) -- 1 Citharexylum myrianthum (planted) -- 4 Hymenaea courbaril (planted) -- 6 Paubrasilia echinata (planted) -- 1 Peltophorum dubium (planted) -- 4 Psidium guineense (planted) -- 13 Schinus terebinthifolia (planted) -- 1 Schizolobium parahyba (planted) -- 8 Tapirira guianensis (planted) -- 5 Zanthoxylum rhoifolium (planted)"," -- 3 Albizia polycephala (present) -- 2 Byrsonima crassifolia (present) -- 1 Hymenaea courbaril (present) -- 3 Zanthoxylum rhoifolium (present)",NA
100122,"y0"," -- 1 Albizia polycephala (regenerating) -- 1 Byrsonima crassifolia (regenerating) -- 2 Myrsine coriacea subsp. coriacea (regenerating) -- 2 Zanthoxylum rhoifolium (regenerating)"," -- 5 Anacardium occidentale (planted) -- 5 Hymenaea courbaril (planted) -- 6 Paubrasilia echinata (planted) -- 23 Schinus terebinthifolia (planted) -- 3 Schizolobium parahyba (planted) -- 24 Tapirira guianensis (planted) -- 6 Zanthoxylum rhoifolium (planted)"," -- 2 Byrsonima crassifolia (present) -- 1 Joannesia princeps (present)",NA
100123,"y0"," -- 7 Byrsonima crassifolia (regenerating) -- 1 Dalbergia nigra (regenerating)"," -- 1 Anacardium occidentale (planted) -- 1 Byrsonima crassifolia (planted) -- 1 Cedrela fissilis (planted) -- 1 Citharexylum myrianthum (planted) -- 15 Hymenaea courbaril (planted) -- 3 Peltophorum dubium (planted) -- 1 Psidium guineense (planted) -- 21 Schinus terebinthifolia (planted) -- 9 Schizolobium parahyba (planted) -- 4 Tapirira guianensis (planted)"," -- 1 Byrsonima crassifolia (present) -- 1 Byrsonima sericea (present) -- 1 Dalbergia nigra (present) -- 1 Tapirira guianensis (present)",NA
100124,"y0"," -- 1 Psidium guineense (regenerating) -- 6 Tapirira guianensis (present)"," -- 2 Anacardium occidentale (planted) -- 18 Astronium urundeuva (planted) -- 1 Byrsonima crassifolia (planted) -- 1 Citharexylum myrianthum (planted) -- 2 Hymenaea courbaril (planted) -- 8 Paubrasilia echinata (planted) -- 3 Schinus terebinthifolia (planted) -- 1 Tapirira guianensis (planted) -- 1 Zanthoxylum rhoifolium (planted)"," -- 1 Other or don't know (present) -- 5 Aegiphila integrifolia (present) -- 1 Albizia polycephala (present) -- 1 Byrsonima crassifolia (present) -- 1 Didymopanax morototoni (present) -- 1 Tapirira guianensis (present) -- 10 Zanthoxylum rhoifolium (present)"," -- 10 Tapirira guianensis (regenerating)"
100125,"y0"," -- 1 Joannesia princeps (planted)"," -- 2 Astronium urundeuva (planted) -- 1 Hymenaea courbaril (planted) -- 4 Paubrasilia echinata (planted) -- 3 Psidium guineense (planted) -- 7 Schinus terebinthifolia (planted) -- 1 Tapirira guianensis (planted) -- 4 Zanthoxylum rhoifolium (planted)"," -- 1 Byrsonima crassifolia (present) -- 2 Tapirira guianensis (present) -- 3 Zanthoxylum rhoifolium (present)",NA
100126,"y0"," -- 1 Psidium guineense (regenerating)",NA," -- 1 Tapirira guianensis (present) -- 5 Other or don't know (present) -- 5 Byrsonima crassifolia (present) -- 2 Dictyoloma vandellianum (present) -- 1 Eschweilera ovata (present) -- 1 Pera glabrata (present) -- 1 Schinus terebinthifolia (present) -- 1 Tapirira guianensis (present) -- 1 Zanthoxylum rhoifolium (present)",NA
100127,"y0"," -- 1 Albizia polycephala (regenerating)"," -- 1 Paubrasilia echinata (planted)"," -- 1 Albizia polycephala (present) -- 2 Inga edulis (present) -- 5 Inga sessilis (present) -- 1 Ricinus communis (present) -- 1 Tapirira guianensis (present) -- 5 Zanthoxylum rhoifolium (present)"," -- 1 Eugenia candolleana (regenerating) -- 2 Tapirira guianensis (regenerating)"
100128,"y0"," -- 1 Byrsonima crassifolia (present) -- 1 Pera glabrata (present)"," -- 1 Handroanthus chrysotrichus (planted) -- 2 Inga edulis (planted) -- 9 Pera glabrata (planted) -- 2 Schinus terebinthifolia (planted) -- 6 Tapirira guianensis (planted) -- 1 Zanthoxylum rhoifolium (planted)"," -- 6 Byrsonima crassifolia (present) -- 1 Dictyoloma vandellianum (present) -- 1 Ocotea puberula (present) -- 7 Pera glabrata (present) -- 2 Tapirira guianensis (present) -- 1 Zanthoxylum rhoifolium (present)"," -- 10 Clidemia hirta (regenerating)"
100129,"y0"," -- 1 Byrsonima crassifolia (present)"," -- 4 Anadenanthera peregrina (planted) -- 3 Hymenaea courbaril (planted) -- 6 Inga edulis (planted) -- 1 Peltophorum dubium (planted) -- 12 Schinus terebinthifolia (planted) -- 7 Tapirira guianensis (planted) -- 1 Thyrsodium spruceanum (planted) -- 3 Trema micranthum (planted) -- 1 Zanthoxylum rhoifolium (planted)"," -- 2 Byrsonima crassifolia (present) -- 1 Pera glabrata (present)",NA
100130,"y0"," -- 1 Byrsonima crassifolia (regenerating)"," -- 25 Astronium urundeuva (planted) -- 7 Cedrela fissilis (planted) -- 15 Hymenaea courbaril (planted) -- 8 Peltophorum dubium (planted) -- 1 Psidium guineense (planted) -- 6 Schinus terebinthifolia (planted) -- 1 Zanthoxylum rhoifolium (planted)"," -- 1 Byrsonima crassifolia (present) -- 2 Pradosia lactescens (present) -- 2 Tapirira guianensis (present)"," -- 1 Cupania oblongifolia (regenerating) -- 1 Pera glabrata (regenerating) -- 1 Zanthoxylum rhoifolium (regenerating)"
100131,"y0"," -- 1 Byrsonima crassifolia (regenerating) -- 1 Myrsine coriacea subsp. coriacea (regenerating) -- 1 Zanthoxylum rhoifolium (present)"," -- 1 Paubrasilia echinata (planted) -- 2 Psidium guineense (planted) -- 4 Schinus terebinthifolia (planted) -- 3 Zanthoxylum rhoifolium (planted)"," -- 8 Byrsonima crassifolia (present) -- 2 Eschweilera ovata (present) -- 2 Machaerium hirtum (present) -- 1 Myrsine coriacea subsp. coriacea (present) -- 2 Tapirira guianensis (present) -- 1 Zanthoxylum rhoifolium (present)"," -- 4 Byrsonima crassifolia (regenerating) -- 9 Clidemia hirta (regenerating) -- 1 Pera glabrata (regenerating)"
100132,"y0"," -- 2 Byrsonima sericea (present) -- 1 Pera glabrata (present)"," -- 1 Schinus terebinthifolia (planted)"," -- 12 Byrsonima sericea (present) -- 2 Eschweilera ovata (present) -- 1 Pera glabrata (present) -- 3 Tapirira guianensis (present) -- 4 Zanthoxylum rhoifolium (present)"," -- 1 Psidium guajava (regenerating) -- 2 Zanthoxylum rhoifolium (regenerating)"
100133,"y0"," -- 1 Cupania oblongifolia (present) -- 1 Miconia Ruiz (present)"," -- 2 Anadenanthera peregrina (planted) -- 2 Enterolobium contortisiliquum (planted) -- 2 Psidium guajava (planted) -- 1 Tabebuia roseoalba (planted) -- 3 Tapirira guianensis (planted)"," -- 7 Byrsonima crassifolia (present) -- 1 Cupania racemosa (present) -- 4 Eschweilera ovata (present) -- 1 Tapirira guianensis (present) -- 1 Zanthoxylum rhoifolium (present)"," -- 3 Byrsonima crassifolia (present)"
100134,"y0"," -- 1 Byrsonima crassifolia (present)"," -- 1 Other or don't know (planted) -- 1 Astronium urundeuva (planted) -- 3 Schinus terebinthifolia (planted) -- 1 Tapirira guianensis (planted)"," -- 3 Byrsonima crassifolia (present) -- 3 Eschweilera ovata (present) -- 2 Pera glabrata (present) -- 2 Pseudopiptadenia Rauschert (present) -- 1 Zanthoxylum rhoifolium (present)"," -- 1 Other or don't know (regenerating)"
100135,"y0"," -- 2 Byrsonima crassifolia (regenerating) -- 1 Dalbergia nigra (present)"," -- 3 Astronium urundeuva (planted) -- 5 Byrsonima crassifolia (planted) -- 4 Peltophorum dubium (planted) -- 2 Psidium guineense (planted) -- 6 Schinus terebinthifolia (planted) -- 1 Schizolobium parahyba (planted) -- 3 Tapirira guianensis (planted)"," -- 2 Albizia polycephala (present) -- 12 Byrsonima crassifolia (present) -- 1 Byrsonima sericea (present) -- 3 Cordia sellowiana (present) -- 1 Ecclinusa ramiflora (present) -- 1 Eschweilera ovata (present) -- 1 Lecythis lurida (present) -- 3 Pera glabrata (present) -- 1 Platypodium elegans (present) -- 3 Tapirira guianensis (present)"," -- 2 Clidemia hirta (regenerating) -- 1 Dalbergia nigra (regenerating) -- 2 Psidium guineense (regenerating)"
100136,"y0"," -- 1 Byrsonima crassifolia (regenerating)"," -- 1 Psidium guineense (planted)"," -- 2 Other or don't know (present) -- 1 Andira anthelmia (present) -- 4 Byrsonima crassifolia (present) -- 1 Dictyoloma vandellianum (present) -- 1 Eschweilera ovata (present) -- 1 Psidium guineense (present) -- 1 Tapirira guianensis (present)"," -- 1 Senna pendula (regenerating)"
100137,"y0"," -- 1 Eschweilera ovata (regenerating) -- 1 Byrsonima crassifolia (present) -- 1 Psidium guineense (present)"," -- 1 Astronium urundeuva (planted) -- 1 Paubrasilia echinata (planted) -- 2 Psidium guajava (planted) -- 3 Psidium guineense (planted) -- 36 Schinus terebinthifolia (planted) -- 3 Tapirira guianensis (planted)"," -- 2 Byrsonima crassifolia (present)",NA
100138,"y0"," -- 1 Pera glabrata (present)"," -- 1 Anadenanthera peregrina (planted) -- 2 Schinus terebinthifolia (planted)"," -- 2 Byrsonima crassifolia (present) -- 2 Eschweilera ovata (present) -- 2 Pera glabrata (present) -- 1 Tapirira guianensis (present)"," -- 2 Tapirira guianensis (regenerating)"
100139,"y0"," -- 1 Tapirira guianensis (regenerating) -- 1 Byrsonima crassifolia (present) -- 1 Dictyoloma vandellianum (present)"," -- 1 Eschweilera ovata (planted) -- 1 Paubrasilia echinata (planted) -- 1 Psidium guajava (planted) -- 3 Psidium guineense (planted) -- 18 Schinus terebinthifolia (planted) -- 1 Tapirira guianensis (planted)"," -- 8 Byrsonima crassifolia (present) -- 2 Cordia trichoclada (present) -- 1 Inga sessilis (present) -- 6 Pera glabrata (present) -- 6 Tapirira guianensis (present)"," -- 2 Pera glabrata (regenerating) -- 1 Tapirira guianensis (regenerating)"
100140,"y0"," -- 2 Byrsonima crassifolia (regenerating)"," -- 1 Other or don't know (planted) -- 1 Anacardium occidentale (planted) -- 11 Hymenaea courbaril (planted) -- 5 Schinus terebinthifolia (planted)"," -- 2 Byrsonima crassifolia (present)"," -- 1 Byrsonima crassifolia (regenerating) -- 6 Clidemia hirta (regenerating)"
100141,"y0"," -- 1 Byrsonima sericea (present)"," -- 5 Anacardium occidentale (planted) -- 3 Hymenaea courbaril (planted) -- 4 Inga edulis (planted) -- 5 Joannesia princeps (planted) -- 1 Paubrasilia echinata (planted) -- 2 Psidium guineense (planted) -- 2 Tapirira guianensis (planted) -- 2 Zanthoxylum rhoifolium (planted)"," -- 2 Byrsonima crassifolia (present) -- 1 Genipa americana (present) -- 2 Tapirira guianensis (present)",NA
100142,"y0"," -- 1 Psidium guineense (regenerating)"," -- 1 Anacardium occidentale (planted) -- 2 Paubrasilia echinata (planted) -- 13 Schinus terebinthifolia (planted) -- 5 Tapirira guianensis (planted)"," -- 3 Byrsonima crassifolia (present) -- 1 Machaerium nictitans (present) -- 3 Tapirira guianensis (present)"," -- 2 Byrsonima crassifolia (regenerating)"
100143,"y0"," -- 1 Tapirira guianensis (planted)"," -- 2 Anadenanthera peregrina (planted) -- 1 Astronium urundeuva (planted) -- 3 Byrsonima crassifolia (planted) -- 1 Genipa americana (planted) -- 1 Inga edulis (planted) -- 2 Psidium guineense (planted) -- 8 Schinus terebinthifolia (planted)"," -- 2 Other or don't know (present) -- 1 Brosimum guianense (present) -- 8 Byrsonima crassifolia (present) -- 2 Eschweilera ovata (present) -- 1 Myrcia splendens (present) -- 1 Pera heteranthera (present) -- 1 Tapirira guianensis (present)",NA
100144,"y0"," -- 1 Byrsonima sericea (regenerating)"," -- 1 Cedrela fissilis (planted) -- 3 Citharexylum myrianthum (planted) -- 2 Copaifera langsdorffii (planted) -- 2 Hymenaea courbaril (planted) -- 5 Paubrasilia echinata (planted) -- 2 Peltophorum dubium (planted) -- 2 Schinus terebinthifolia (planted) -- 2 Tabebuia roseoalba (planted) -- 1 Tapirira guianensis (planted)"," -- 1 Dalbergia nigra (present) -- 1 Paubrasilia echinata (present) -- 2 Platypodium elegans (present) -- 1 Sparattosperma leucanthum (present)"," -- 1 Pera glabrata (regenerating)"
100145,"y0"," -- 1 Dictyoloma vandellianum (regenerating)"," -- 1 Paubrasilia echinata (planted) -- 1 Schinus terebinthifolia (planted) -- 1 Tabebuia roseoalba (planted)"," -- 1 Other or don't know (present) -- 2 Byrsonima crassifolia (present) -- 1 Dictyoloma vandellianum (present) -- 2 Eschweilera ovata (present) -- 2 Paubrasilia echinata (present) -- 1 Platypodium elegans (present) -- 1 Tapirira guianensis (present)"," -- 5 Clidemia hirta (regenerating) -- 1 Tapirira guianensis (regenerating)"
100146,"y0"," -- 2 Bactris acanthocarpa (regenerating) -- 1 Eugenia punicifolia (present)"," -- 1 Joannesia princeps (planted) -- 4 Paubrasilia echinata (planted) -- 4 Peltophorum dubium (planted)"," -- 8 Albizia polycephala (present) -- 2 Alchornea glandulosa (present) -- 1 Byrsonima crassifolia (present) -- 3 Byrsonima sericea (present) -- 1 Cecropia pachystachya (present) -- 1 Euterpe edulis (present) -- 1 Guarea guidonia (present) -- 1 Guatteria sellowiana (present) -- 1 Piptadenia paniculata (present) -- 6 Sparattosperma leucanthum (present) -- 1 Tapirira guianensis (present) -- 1 Zanthoxylum rhoifolium (present)"," -- 1 Bactris acanthocarpa (regenerating) -- 1 Tapirira obtusa (regenerating)"
100147,"y0"," -- 1 Pera glabrata (present)"," -- 1 Paubrasilia echinata (planted)"," -- 9 Other or don't know (present) -- 14 Albizia polycephala (present) -- 3 Byrsonima crassifolia (present) -- 1 Cedrela fissilis (present) -- 1 Cordia sellowiana (present) -- 9 Zanthoxylum rhoifolium (present)"," -- 2 Albizia polycephala (regenerating)"
100148,"y0"," -- 1 Byrsonima sericea (present)"," -- 1 Cecropia pachystachya (planted) -- 1 Didymopanax morototoni (planted) -- 1 Eschweilera ovata (planted) -- 1 Himatanthus bracteatus (planted) -- 1 Hymenaea courbaril (planted) -- 4 Joannesia princeps (planted) -- 4 Paubrasilia echinata (planted) -- 1 Schizolobium parahyba (planted) -- 1 Tapirira guianensis (planted) -- 2 Zanthoxylum rhoifolium (planted)"," -- 1 Byrsonima crassifolia (present) -- 1 Byrsonima sericea (present) -- 1 Cordia sellowiana (present) -- 1 Didymopanax morototoni (present)"," -- 2 Clidemia hirta (regenerating) -- 6 Vismia guianensis (regenerating)"
100149,"y0"," -- 1 Other or don't know (present) -- 2 Psidium guineense (present) -- 2 Tapirira guianensis (present)"," -- 2 Inga edulis (planted) -- 2 Inga laurina (planted) -- 1 Paubrasilia echinata (planted)"," -- 2 Byrsonima crassifolia (present)"," -- 1 Eugenia L. (regenerating) -- 1 Tapirira guianensis (regenerating) -- 1 Zanthoxylum rhoifolium (regenerating)"
100150,"y0"," -- 1 Cestrum axillare (regenerating) -- 1 Schinus terebinthifolia (regenerating)"," -- 4 Other or don't know (planted) -- 4 Anacardium occidentale (planted) -- 12 Anadenanthera peregrina (planted) -- 6 Byrsonima crassifolia (planted) -- 12 Hymenaea courbaril (planted) -- 24 Inga edulis (planted) -- 7 Inga laurina (planted) -- 2 Psidium guineense (planted) -- 27 Schinus terebinthifolia (planted) -- 8 Tapirira guianensis (planted) -- 1 Trema micranthum (planted)"," -- 3 Byrsonima crassifolia (present) -- 1 Pera glabrata (present)"," -- 1 Eugenia uniflora (regenerating) -- 1 Psidium guineense (regenerating)"
100151,"y0"," -- 1 Byrsonima crassifolia (regenerating) -- 1 Pera glabrata (regenerating) -- 1 Psidium guineense (regenerating) -- 1 Zanthoxylum rhoifolium (regenerating)"," -- 13 Anacardium occidentale (planted) -- 6 Anadenanthera colubrina (planted) -- 19 Anadenanthera peregrina (planted) -- 2 Byrsonima crassifolia (planted) -- 4 Cedrela fissilis (planted) -- 1 Eugenia astringens (planted) -- 1 Handroanthus chrysotrichus (planted) -- 8 Inga edulis (planted) -- 3 Joannesia princeps (planted) -- 4 Peltophorum dubium (planted) -- 4 Plathymenia reticulata (planted) -- 1 Platypodium elegans (planted) -- 3 Psidium guineense (planted) -- 1 Psidium myrtoides (planted) -- 14 Schinus terebinthifolia (planted) -- 3 Tapirira guianensis (planted) -- 2 Zanthoxylum rhoifolium (planted)"," -- 2 Byrsonima crassifolia (present) -- 2 Tapirira guianensis (present)"," -- 4 Pera glabrata (regenerating)"
100152,"y0"," -- 2 Cestrum axillare (regenerating)"," -- 1 Anacardium occidentale (planted) -- 7 Anadenanthera colubrina (planted) -- 1 Eugenia uniflora (planted) -- 4 Inga edulis (planted) -- 2 Peltophorum dubium (planted) -- 1 Schinus terebinthifolia (planted) -- 8 Spondias mombin (planted) -- 4 Spondias purpurea (planted) -- 5 Tapirira guianensis (planted) -- 2 Trema micranthum (planted) -- 1 Zanthoxylum rhoifolium (planted)"," -- 1 Anacardium occidentale (present) -- 1 Schinus terebinthifolia (present)"," -- 1 Psidium guajava (regenerating) -- 1 Solanum mauritianum (regenerating)"
100153,"y0"," -- 1 Psidium guineense (present)"," -- 1 Anadenanthera peregrina (planted) -- 3 Inga edulis (planted) -- 1 Psidium guineense (planted) -- 7 Schinus terebinthifolia (planted) -- 14 Tabebuia roseoalba (planted) -- 8 Tapirira guianensis (planted) -- 1 Trema micranthum (planted)"," -- 1 Byrsonima crassifolia (present) -- 1 Eschweilera ovata (present)"," -- 1 Tabebuia roseoalba (planted)"
100154,"y0"," -- 1 Schinus terebinthifolia (present)"," -- 2 Anadenanthera peregrina (planted) -- 1 Schinus terebinthifolia (planted) -- 2 Tapirira guianensis (planted) -- 1 Zanthoxylum rhoifolium (planted)"," -- 1 Psidium guajava (present) -- 7 Schinus terebinthifolia (present) -- 6 Tapirira guianensis (present)",NA
100155,"y0"," -- 1 Anacardium occidentale (present)"," -- 2 Anadenanthera peregrina (planted) -- 6 Brosimum guianense (planted) -- 3 Cybistax antisyphilitica (planted) -- 9 Inga edulis (planted) -- 1 Inga marginata (planted) -- 3 Joannesia princeps (planted) -- 6 Peltophorum dubium (planted) -- 1 Protium aracouchini (planted) -- 2 Psidium guineense (planted) -- 13 Schinus terebinthifolia (planted) -- 6 Tabebuia roseoalba (planted) -- 4 Tapirira guianensis (planted) -- 5 Trema micranthum (planted)"," -- 1 Anacardium occidentale (present) -- 1 Pera glabrata (present)"," -- 1 Inga edulis (present)"
100156,"y0"," -- 1 Psidium guineense (present)"," -- 7 Anadenanthera peregrina (planted) -- 4 Hymenaea courbaril (planted) -- 6 Inga edulis (planted) -- 3 Psidium guineense (planted) -- 6 Schinus terebinthifolia (planted) -- 1 Tapirira guianensis (planted) -- 1 Trema micranthum (planted)"," -- 1 Schinus terebinthifolia (present) -- 1 Tapirira guianensis (present)",NA
100157,"y0"," -- 1 Anadenanthera peregrina (planted)"," -- 18 Anadenanthera peregrina (planted) -- 1 Cecropia glaziovii (planted) -- 1 Cedrela fissilis (planted) -- 4 Dictyoloma vandellianum (planted) -- 1 Handroanthus chrysotrichus (planted) -- 7 Hymenaea courbaril (planted) -- 8 Inga edulis (planted) -- 2 Inga marginata (planted) -- 1 Paubrasilia echinata (planted) -- 7 Schinus terebinthifolia (planted) -- 6 Tabebuia roseoalba (planted) -- 2 Tapirira guianensis (planted) -- 2 Trema micranthum (planted)"," -- 2 Other or don't know (present)"," -- 2 Schinus terebinthifolia (planted)"
100158,"y0"," -- 1 Byrsonima crassifolia (present)"," -- 4 Anadenanthera peregrina (planted) -- 2 Byrsonima crassifolia (planted) -- 2 Cybistax antisyphilitica (planted) -- 5 Handroanthus chrysotrichus (planted) -- 2 Inga edulis (planted) -- 1 Inga marginata (planted) -- 1 Psidium guajava (planted) -- 5 Schinus terebinthifolia (planted) -- 1 Tabebuia roseoalba (planted) -- 3 Tapirira guianensis (planted) -- 1 Zanthoxylum rhoifolium (planted)"," -- 3 Byrsonima crassifolia (present) -- 2 Zanthoxylum rhoifolium (present)"," -- 1 Byrsonima crassifolia (regenerating)"
100159,"y0"," -- 1 Pera glabrata (regenerating) -- 1 Schinus terebinthifolia (regenerating)",NA," -- 1 Albizia polycephala (present) -- 14 Byrsonima sericea (present) -- 3 Cocos nucifera (present) -- 1 Dictyoloma vandellianum (present) -- 3 Eschweilera ovata (present) -- 11 Pera glabrata (present) -- 12 Tapirira guianensis (present) -- 7 Zanthoxylum rhoifolium (present)"," -- 1 Psidium guineense (regenerating) -- 2 Zanthoxylum rhoifolium (regenerating)"
100160,"y0"," -- 1 Miconia albicans (regenerating) -- 1 Eschweilera ovata (present) -- 1 Pera glabrata (present)",NA," -- 16 Byrsonima sericea (present) -- 1 Didymopanax morototoni (present) -- 4 Eschweilera ovata (present) -- 3 Pera glabrata (present) -- 2 Pouteria venosa (present) -- 1 Simarouba versicolor (present) -- 3 Tapirira guianensis (present)"," -- 2 Byrsonima sericea (present) -- 1 Miconia albicans (present)"
100161,"y0"," -- 2 Cecropia pachystachya (regenerating) -- 1 Byrsonima sericea (present)"," -- 1 Anadenanthera colubrina (planted) -- 2 Inga edulis (planted) -- 1 Inga thibaudiana (planted) -- 1 Schinus terebinthifolia (planted) -- 1 Tapirira guianensis (planted)"," -- 2 Byrsonima sericea (present) -- 2 Cecropia pachystachya (present) -- 1 Guatteria sellowiana (present) -- 1 Simarouba versicolor (present) -- 5 Tapirira guianensis (present)"," -- 1 Baccharis dracunculifolia (regenerating) -- 1 Tapirira guianensis (present)"
100162,"y0"," -- 9 Psidium guineense (regenerating) -- 1 Tapirira guianensis (regenerating)"," -- 5 Anadenanthera colubrina (planted) -- 7 Anadenanthera peregrina (planted) -- 4 Cedrela fissilis (planted) -- 1 Genipa americana (planted) -- 1 Handroanthus chrysotrichus (planted) -- 1 Hymenaea courbaril (planted) -- 6 Inga edulis (planted) -- 5 Paubrasilia echinata (planted) -- 1 Psidium guineense (planted) -- 25 Schinus terebinthifolia (planted) -- 2 Trema micranthum (planted)"," -- 1 Aegiphila integrifolia (present) -- 8 Byrsonima crassifolia (present) -- 4 Eschweilera ovata (present) -- 2 Inga edulis (present) -- 1 Pera glabrata (present) -- 1 Psidium guineense (present) -- 4 Tapirira guianensis (present)"," -- 1 Cupania vernalis (regenerating) -- 1 Eschweilera ovata (regenerating) -- 3 Psidium guineense (regenerating)"
100163,"y0"," -- 1 Tapirira guianensis (present)"," -- 6 Anadenanthera peregrina (planted) -- 2 Astronium urundeuva (planted) -- 1 Byrsonima crassifolia (planted) -- 2 Dictyoloma vandellianum (planted) -- 1 Psidium guineense (planted) -- 6 Schinus terebinthifolia (planted) -- 1 Trema micranthum (planted) -- 1 Zanthoxylum rhoifolium (planted)"," -- 1 Eschweilera ovata (present) -- 2 Inga marginata (present) -- 1 Pera glabrata (present) -- 2 Psidium guineense (present) -- 5 Tapirira guianensis (present)"," -- 3 Inga edulis (regenerating)"
100164,"y0"," -- 1 Byrsonima crassifolia (regenerating) -- 8 Tapirira guianensis (regenerating)"," -- 2 Other or don't know (planted) -- 3 Anacardium occidentale (planted) -- 8 Anadenanthera colubrina (planted) -- 6 Anadenanthera peregrina (planted) -- 1 Apuleia leiocarpa (planted) -- 4 Handroanthus chrysotrichus (planted) -- 8 Hymenaea courbaril (planted) -- 6 Inga edulis (planted) -- 3 Paubrasilia echinata (planted) -- 4 Peltophorum dubium (planted) -- 7 Schinus terebinthifolia (planted) -- 2 Tapirira guianensis (planted) -- 2 Zanthoxylum rhoifolium (planted)"," -- 23 Other or don't know (present) -- 2 Byrsonima crassifolia (present) -- 2 Tapirira guianensis (present) -- 1 Vismia guianensis (present)"," -- 7 Tapirira guianensis (regenerating)"
100165,"y0"," -- 1 Simarouba amara (regenerating) -- 1 Tapirira guianensis (regenerating) -- 4 Vismia guianensis (regenerating)"," -- 11 Anacardium occidentale (planted) -- 10 Anadenanthera colubrina (planted) -- 12 Anadenanthera peregrina (planted) -- 1 Apuleia leiocarpa (planted) -- 2 Byrsonima crassifolia (planted) -- 2 Cedrela fissilis (planted) -- 3 Couratari macrosperma (planted) -- 1 Eugenia florida (planted) -- 9 Genipa americana (planted) -- 6 Handroanthus chrysotrichus (planted) -- 4 Handroanthus serratifolius (planted) -- 16 Inga edulis (planted) -- 9 Inga laurina (planted) -- 6 Peltophorum dubium (planted) -- 2 Psidium guineense (planted) -- 3 Psidium myrtoides (planted) -- 8 Schinus terebinthifolia (planted) -- 1 Tapirira guianensis (planted) -- 3 Zeyheria tuberculosa (planted)"," -- 3 Byrsonima crassifolia (present) -- 4 Eschweilera ovata (present) -- 3 Inga edulis (present) -- 1 Licania nitida (present) -- 7 Tapirira guianensis (present)"," -- 8 Eschweilera ovata (regenerating) -- 2 Tapirira guianensis (regenerating)"
100166,"y0"," -- 1 Genipa americana (planted)"," -- 3 Other or don't know (planted) -- 3 Anadenanthera colubrina (planted) -- 21 Anadenanthera peregrina (planted) -- 1 Brosimum guianense (planted) -- 2 Cecropia glaziovii (planted) -- 1 Cedrela fissilis (planted) -- 12 Genipa americana (planted) -- 1 Handroanthus chrysotrichus (planted) -- 10 Hymenaea courbaril (planted) -- 10 Inga edulis (planted) -- 1 Inga marginata (planted) -- 6 Joannesia princeps (planted) -- 5 Peltophorum dubium (planted) -- 1 Pera glabrata (planted) -- 2 Psidium guajava (planted) -- 9 Schinus terebinthifolia (planted) -- 2 Schizolobium parahyba (planted) -- 4 Tapirira guianensis (planted)"," -- 1 Other or don't know (present) -- 1 Byrsonima crassifolia (present) -- 1 Peltophorum dubium (present)",NA
100167,"y0"," -- 1 Handroanthus chrysotrichus (planted)"," -- 10 Anadenanthera peregrina (planted) -- 1 Cecropia glaziovii (planted) -- 1 Enterolobium contortisiliquum (planted) -- 1 Handroanthus chrysotrichus (planted) -- 9 Hymenaea courbaril (planted) -- 3 Inga edulis (planted) -- 5 Inga laurina (planted) -- 9 Joannesia princeps (planted) -- 4 Leptolobium tenuifolium (planted) -- 8 Paubrasilia echinata (planted) -- 3 Psidium guajava (planted) -- 6 Psidium guineense (planted) -- 8 Schinus terebinthifolia (planted) -- 3 Tapirira guianensis (planted)"," -- 1 Other or don't know (present) -- 3 Byrsonima crassifolia (present) -- 1 Enterolobium contortisiliquum (present) -- 1 Schinus terebinthifolia (present)",NA
100168,"y0"," -- 1 Paubrasilia echinata (planted)"," -- 1 Other or don't know (planted) -- 1 Byrsonima sericea (planted) -- 3 Cedrela fissilis (planted) -- 1 Eugenia uniflora (planted) -- 1 Handroanthus chrysotrichus (planted) -- 11 Inga edulis (planted) -- 4 Schinus terebinthifolia (planted) -- 2 Tapirira guianensis (planted)"," -- 3 Byrsonima sericea (present) -- 1 Machaerium pedicellatum (present) -- 1 Myrsine coriacea subsp. coriacea (present) -- 4 Pera glabrata (present) -- 1 Pera heteranthera (present)",NA
100169,"y0"," -- 1 Dilodendron bipinnatum (regenerating)"," -- 1 Other or don't know (planted) -- 11 Anadenanthera colubrina (planted) -- 12 Anadenanthera peregrina (planted) -- 1 Andira anthelmia (planted) -- 9 Astronium graveolens (planted) -- 3 Astronium urundeuva (planted) -- 2 Cedrela fissilis (planted) -- 1 Copaifera langsdorffii (planted) -- 4 Dalbergia nigra (planted) -- 3 Genipa americana (planted) -- 8 Handroanthus chrysotrichus (planted) -- 21 Inga edulis (planted) -- 1 Inga laurina (planted) -- 3 Peltophorum dubium (planted) -- 1 Plathymenia reticulata (planted) -- 23 Schinus terebinthifolia (planted)"," -- 5 Byrsonima sericea (present) -- 2 Dilodendron bipinnatum (present) -- 2 Handroanthus chrysotrichus (present)",NA
100170,"y0"," -- 1 Inga vera subsp. vera (planted) -- 1 Schinus terebinthifolia (planted)"," -- 13 Anacardium occidentale (planted) -- 32 Anadenanthera peregrina (planted) -- 1 Cedrela fissilis (planted) -- 2 Eugenia brasiliensis (planted) -- 1 Guapira opposita (planted) -- 4 Handroanthus chrysotrichus (planted) -- 2 Handroanthus impetiginosus (planted) -- 18 Hymenaea courbaril (planted) -- 11 Inga edulis (planted) -- 13 Inga laurina (planted) -- 4 Inga vera subsp. vera (planted) -- 12 Joannesia princeps (planted) -- 2 Paubrasilia echinata (planted) -- 3 Psidium myrtoides (planted) -- 1 Sapindus saponaria (planted) -- 34 Schinus terebinthifolia (planted) -- 1 Schizolobium parahyba (planted) -- 1 Spondias mombin (planted) -- 5 Spondias venulosa (planted)"," -- 2 Anadenanthera peregrina (present)",NA
100171,"y0"," -- 1 Byrsonima crassifolia (present)"," -- 1 Other or don't know (planted) -- 2 Handroanthus chrysotrichus (planted) -- 11 Hymenaea courbaril (planted) -- 2 Inga edulis (planted) -- 2 Joannesia princeps (planted) -- 11 Peltophorum dubium (planted) -- 1 Schinus terebinthifolia (planted) -- 1 Tabebuia roseoalba (planted) -- 3 Tapirira guianensis (planted)"," -- 9 Byrsonima crassifolia (present) -- 1 Centrolobium robustum (present) -- 1 Cupania oblongifolia (present) -- 2 Pera glabrata (present) -- 1 Schinus terebinthifolia (present) -- 3 Tapirira guianensis (present)",NA
100172,"y0"," -- 1 Anadenanthera peregrina (planted)"," -- 7 Anadenanthera peregrina (planted) -- 7 Astronium urundeuva (planted) -- 1 Byrsonima crassifolia (planted) -- 1 Cedrela fissilis (planted) -- 1 Handroanthus chrysotrichus (planted) -- 3 Hymenaea courbaril (planted) -- 1 Inga edulis (planted) -- 5 Peltophorum dubium (planted) -- 1 Psidium cattleyanum (planted) -- 1 Psidium rufum (planted) -- 2 Schinus terebinthifolia (planted) -- 1 Tabebuia roseoalba (planted) -- 1 Tapirira guianensis (planted)"," -- 6 Byrsonima crassifolia (present) -- 2 Pera glabrata (present)",NA
100173,"y0"," -- 1 Schinus terebinthifolia (planted)"," -- 1 Other or don't know (planted) -- 5 Anadenanthera peregrina (planted) -- 6 Copaifera langsdorffii (planted) -- 2 Genipa americana (planted) -- 5 Handroanthus chrysotrichus (planted) -- 1 Handroanthus impetiginosus (planted) -- 8 Hymenaea courbaril (planted) -- 12 Inga edulis (planted) -- 6 Inga marginata (planted) -- 5 Joannesia princeps (planted) -- 9 Peltophorum dubium (planted) -- 7 Schinus terebinthifolia (planted) -- 1 Tabebuia roseoalba (planted) -- 3 Tapirira guianensis (planted)"," -- 1 Byrsonima crassifolia (present) -- 2 Peltophorum dubium (present) -- 1 Tapirira guianensis (present)",NA
100174,"y0"," -- 1 Schinus terebinthifolia (planted)"," -- 8 Other or don't know (planted) -- 4 Anadenanthera peregrina (planted) -- 1 Cedrela fissilis (planted) -- 3 Copaifera langsdorffii (planted) -- 9 Genipa americana (planted) -- 18 Hymenaea courbaril (planted) -- 1 Inga edulis (planted) -- 9 Inga marginata (planted) -- 2 Peltophorum dubium (planted) -- 1 Psidium rufum (planted) -- 1 Pterogyne nitens (planted) -- 3 Schinus terebinthifolia (planted) -- 5 Tapirira guianensis (planted)"," -- 1 Byrsonima crassifolia (present) -- 1 Enterolobium contortisiliquum (present) -- 3 Hymenaea courbaril (present)",NA
100175,"y0"," -- 1 Byrsonima crassifolia (present)"," -- 7 Anadenanthera peregrina (planted) -- 1 Byrsonima crassifolia (planted) -- 2 Enterolobium contortisiliquum (planted) -- 2 Genipa americana (planted) -- 3 Handroanthus chrysotrichus (planted) -- 3 Inga edulis (planted) -- 1 Inga marginata (planted) -- 2 Joannesia princeps (planted) -- 7 Peltophorum dubium (planted) -- 7 Schinus terebinthifolia (planted) -- 1 Schizolobium parahyba (planted) -- 8 Tapirira guianensis (planted)"," -- 2 Byrsonima crassifolia (present)",NA
100176,"y0"," -- 2 Anacardium occidentale (planted) -- 1 Anadenanthera peregrina (planted) -- 1 Inga edulis (planted)"," -- 3 Anacardium occidentale (planted) -- 5 Anadenanthera peregrina (planted) -- 1 Astronium graveolens (planted) -- 2 Cecropia pachystachya (planted) -- 1 Eschweilera ovata (planted) -- 2 Handroanthus chrysotrichus (planted) -- 2 Handroanthus serratifolius (planted) -- 14 Hymenaea courbaril (planted) -- 14 Inga edulis (planted) -- 7 Inga laurina (planted) -- 1 Joannesia princeps (planted) -- 2 Paubrasilia echinata (planted) -- 1 Pera glabrata (planted) -- 9 Schinus terebinthifolia (planted) -- 4 Tabebuia elliptica (planted) -- 6 Tapirira guianensis (planted)"," -- 1 Byrsonima sericea (present) -- 1 Eschweilera ovata (present) -- 5 Pera glabrata (present) -- 1 Syzygium aqueum (present)",NA
100177,"y0"," -- 1 Eschweilera ovata (present)"," -- 3 Anadenanthera peregrina (planted) -- 2 Hymenaea courbaril (planted) -- 7 Inga edulis (planted) -- 2 Joannesia princeps (planted) -- 5 Schinus terebinthifolia (planted) -- 1 Vitex polygama (planted)"," -- 2 Other or don't know (present) -- 6 Eschweilera ovata (present) -- 5 Pera glabrata (present) -- 1 Syzygium aqueum (present)",NA
100178,"y0"," -- 1 Byrsonima sericea (present)"," -- 5 Anadenanthera peregrina (planted) -- 8 Hymenaea courbaril (planted) -- 7 Inga edulis (planted) -- 1 Paubrasilia echinata (planted) -- 1 Schinus terebinthifolia (planted) -- 18 Tapirira guianensis (planted)"," -- 3 Byrsonima sericea (present) -- 1 Jacaranda puberula (present) -- 4 Pera glabrata (present)",NA
100179,"y0"," -- 1 Other or don't know (regenerating) -- 2 Byrsonima sericea (regenerating) -- 3 Myrciaria tenella (regenerating)"," -- 1 Other or don't know (planted) -- 3 Anadenanthera colubrina (planted) -- 1 Anadenanthera peregrina (planted) -- 1 Copaifera lucens (planted) -- 1 Genipa americana (planted) -- 1 Hymenaea courbaril (planted) -- 1 Tapirira guianensis (planted)"," -- 1 Other or don't know (present) -- 4 Byrsonima sericea (present) -- 1 Cocos nucifera (present) -- 6 Pera glabrata (present)"," -- 1 Clidemia hirta (regenerating) -- 1 Erythroxylum citrifolium (regenerating) -- 1 Myrcia sp (regenerating) -- 1 Pera glabrata (regenerating)"
100180,"y0"," -- 2 Byrsonima sericea (present) -- 1 Pera glabrata (present)"," -- 2 Anadenanthera peregrina (planted) -- 1 Genipa americana (planted) -- 1 Tapirira guianensis (planted)"," -- 1 Albizia polycephala (present) -- 1 Andira anthelmia (present) -- 11 Byrsonima sericea (present) -- 2 Eschweilera ovata (present) -- 2 Pera glabrata (present) -- 3 Tapirira guianensis (present)",NA
100181,"y0"," -- 7 Other or don't know (present) -- 4 Byrsonima sericea (present) -- 1 Pera glabrata (present)"," -- 1 Amburana cearensis (planted) -- 1 Anadenanthera peregrina (planted) -- 1 Enterolobium contortisiliquum (planted) -- 1 Genipa americana (planted) -- 1 Hymenaea courbaril (planted) -- 2 Inga edulis (planted) -- 2 Inga vera subsp. vera (planted) -- 1 Peltophorum dubium (planted)"," -- 16 Byrsonima sericea (present) -- 3 Eschweilera ovata (present) -- 1 Inga sessilis (present) -- 3 Pera glabrata (present) -- 5 Tapirira guianensis (present)"," -- 1 Myrcia sp (present) -- 1 Pera glabrata (present)"
100182,"y0"," -- 1 Psidium guajava (unknown)"," -- 5 Anadenanthera peregrina (planted) -- 1 Inga edulis (planted) -- 1 Psidium guajava (planted) -- 1 Schinus terebinthifolia (planted)"," -- 5 Byrsonima crassifolia (present) -- 1 Dictyoloma vandellianum (present) -- 1 Inga edulis (present) -- 2 Schinus terebinthifolia (present) -- 3 Tapirira guianensis (present)",NA
100183,"y0"," -- 1 Schinus terebinthifolia (planted)"," -- 2 Anadenanthera colubrina (planted) -- 1 Anadenanthera peregrina (planted) -- 1 Andira fraxinifolia (planted) -- 2 Hymenaea courbaril (planted) -- 9 Inga edulis (planted) -- 2 Samanea tubulosa (planted)"," -- 6 Byrsonima sericea (present) -- 2 Licania nitida (present) -- 5 Pera glabrata (present) -- 1 Tapirira guianensis (present) -- 1 Zanthoxylum rhoifolium (present)"," -- 1 Other or don't know (regenerating) -- 7 Miconia albicans (regenerating) -- 1 Myrciaria tenella (regenerating) -- 1 Vismia guianensis (regenerating)"
100184,"y0"," -- 1 Miconia albicans (planted) -- 1 Myrciaria tenella (present) -- 1 Ouratea polygyna (present)"," -- 1 Anadenanthera colubrina (planted) -- 7 Anadenanthera peregrina (planted) -- 2 Andira fraxinifolia (planted) -- 3 Citharexylum myrianthum (planted) -- 3 Genipa americana (planted) -- 1 Handroanthus chrysotrichus (planted) -- 2 Tapirira guianensis (planted)"," -- 2 Other or don't know (present) -- 7 Byrsonima sericea (present) -- 1 Genipa americana (present) -- 3 Pera glabrata (present) -- 3 Tapirira guianensis (present)"," -- 2 Myrcia sp (regenerating) -- 1 Myrciaria tenella (regenerating) -- 21 Tapirira guianensis (regenerating) -- 1 Vismia guianensis (regenerating)"
100185,"y0"," -- 1 Tapirira guianensis (present)"," -- 1 Anadenanthera peregrina (planted) -- 1 Byrsonima sericea (planted) -- 1 Genipa americana (planted) -- 7 Handroanthus chrysotrichus (planted) -- 2 Inga edulis (planted) -- 1 Schinus terebinthifolia (planted)"," -- 2 Other or don't know (present) -- 1 Andira nitida (present) -- 2 Bowdichia virgilioides (present) -- 2 Byrsonima sericea (present) -- 2 Licania nitida (present) -- 1 Ocotea lancifolia (present) -- 2 Pera glabrata (present)"," -- 2 Licania nitida (regenerating) -- 1 Myrcia sp (regenerating) -- 1 Plinia sp. (regenerating) -- 1 Solanum lycocarpum (regenerating) -- 3 Vismia martiana (regenerating)"
100186,"y0"," -- 1 Handroanthus serratifolius (planted) -- 1 Anadenanthera colubrina (planted)"," -- 15 Peltophorum dubium (planted) -- 11 Schinus terebinthifolia (planted) -- 3 Paubrasilia echinata (planted) -- 1 Byrsonima crassifolia (planted) -- 9 Joannesia princeps (planted) -- 6 Handroanthus serratifolius (planted) -- 5 Anacardium occidentale (planted) -- 12 Anadenanthera macrocarpa (planted) -- 3 Hymenaea courbaril (planted) -- 18 Inga edulis (planted) -- 3 Psidium cattleyanum (planted) -- 5 Tapirira guianensis (planted) -- 3 Hydrochorea pedicellaris (planted) -- 2 Annona mucosa (planted) -- 1 Cecropia hololeuca (planted) -- 10 Inga marginata (planted) -- 4 Ceiba speciosa (planted) -- 6 Myrciaria dubia (planted) -- 2 Psidium guajava (planted) -- 3 Commiphora leptophloeos (planted) -- 1 Cordia superba (planted) -- 2 Zeyheria tuberculosa (planted)",NA,NA
100187,"y0"," -- 1 Byrsonima sericea (present) -- 3 Pera glabrata (present)"," -- 1 Anadenanthera peregrina (planted) -- 7 Astronium urundeuva (planted) -- 1 Byrsonima sericea (planted) -- 1 Dalbergia nigra (planted) -- 2 Genipa americana (planted) -- 8 Hymenaea courbaril (planted) -- 11 Inga edulis (planted) -- 6 Inga marginata (planted) -- 3 Pera glabrata (planted) -- 6 Schinus terebinthifolia (planted) -- 1 Tapirira guianensis (planted)"," -- 2 Other or don't know (present) -- 7 Byrsonima sericea (present) -- 1 Pera glabrata (present)"," -- 1 Miconia albicans (regenerating) -- 1 Byrsonima sericea (present) -- 1 Myrciaria tenella (present)"
100188,"y0"," -- 1 Trema micranthum (planted)"," -- 5 Anadenanthera peregrina (planted) -- 1 Handroanthus chrysotrichus (planted) -- 8 Hymenaea courbaril (planted) -- 13 Inga edulis (planted) -- 3 Inga marginata (planted) -- 2 Joannesia princeps (planted) -- 7 Paubrasilia echinata (planted) -- 1 Pera glabrata (planted) -- 2 Schinus terebinthifolia (planted) -- 3 Tapirira guianensis (planted)"," -- 2 Pera glabrata (present)",NA
100189,"y0"," -- 1 Byrsonima sericea (present)"," -- 10 Anadenanthera peregrina (planted) -- 3 Hymenaea courbaril (planted) -- 13 Inga edulis (planted) -- 5 Inga marginata (planted) -- 2 Joannesia princeps (planted) -- 2 Peltophorum dubium (planted) -- 2 Pera glabrata (planted) -- 1 Protium warmingianum (planted)"," -- 1 Other or don't know (present) -- 1 Byrsonima crassifolia (present) -- 3 Pera glabrata (present)",NA
100190,"y0"," -- 1 Albizia polycephala (present) -- 2 Miconia prasina (present) -- 1 Tapirira guianensis (present)",NA," -- 4 Other or don't know (present) -- 10 Byrsonima sericea (present) -- 1 Eschweilera ovata (present) -- 1 Handroanthus chrysotrichus (present) -- 1 Pera glabrata (present) -- 4 Other or don't know (present) -- 3 Albizia polycephala (present) -- 11 Byrsonima sericea (present) -- 2 Eschweilera ovata (present) -- 2 Tapirira guianensis (present)"," -- 1 Myrcia sp (regenerating) -- 1 Vismia guianensis (regenerating) -- 5 Albizia polycephala (present)"
100191,"y0"," -- 1 Anacardium occidentale (planted)"," -- 1 Murraya paniculata (planted) -- 3 Joannesia princeps (planted) -- 18 Hymenaea courbaril (planted) -- 19 Schinus terebinthifolia (planted) -- 15 Inga edulis (planted) -- 5 Euphorbia umbellata (planted) -- 5 Peltophorum dubium (planted) -- 4 Cedrela fissilis (planted) -- 5 Tapirira guianensis (planted) -- 9 Anadenanthera macrocarpa (planted) -- 10 Parkia pendula (planted) -- 3 Cecropia hololeuca (planted) -- 7 Inga ruiziana (planted) -- 11 Anacardium occidentale (planted) -- 4 Handroanthus speciosus (planted) -- 13 Triplaris americana (planted) -- 1 Psidium guajava (planted) -- 8 Paubrasilia echinata (planted) -- 6 Libidibia ferrea (planted) -- 1 Schizolobium parahyba (planted) -- 3 Genipa americana (planted) -- 3 Cordia superba (planted) -- 3 Byrsonima crassifolia (planted) -- 1 Psidium cattleyanum (planted) -- 2 Copaifera langsdorffii (planted) -- 1 Handroanthus heptaphyllus (planted)",NA,NA
100192,"y0"," -- 1 Joannesia princeps (planted)"," -- 30 Schinus terebinthifolia (planted) -- 17 Handroanthus heptaphyllus (planted) -- 16 Joannesia princeps (planted) -- 19 Hymenaea courbaril (planted) -- 2 Annona mucosa (planted) -- 2 Libidibia ferrea (planted) -- 4 Inga ruiziana (planted) -- 4 Anacardium occidentale (planted) -- 4 Astronium fraxinifolium (planted) -- 9 Cedrela fissilis (planted) -- 10 Handroanthus speciosus (planted) -- 1 Zeyheria tuberculosa (planted) -- 7 Anadenanthera macrocarpa (planted) -- 6 Inga edulis (planted) -- 1 Hymenolobium petraeum (planted) -- 1 Plathymenia reticulata (planted) -- 2 Cecropia hololeuca (planted) -- 4 Centrolobium sclerophyllum (planted) -- 1 Psidium guajava (planted) -- 2 Byrsonima crassifolia (planted) -- 16 Genipa americana (planted) -- 5 Peltophorum dubium (planted) -- 1 Paubrasilia echinata (planted) -- 1 Hydrochorea pedicellaris (planted)",NA,NA
100193,"y0"," -- 1 Swartzia curranii (regenerating) -- 1 Tapirira guianensis (regenerating) -- 1 Albizia polycephala (present) -- 1 Eschweilera ovata (present)",NA," -- 2 Allagoptera caudescens (present) -- 5 Annona glabra (present) -- 1 Bactris acanthocarpa (present) -- 1 Byrsonima crassifolia (present) -- 6 Byrsonima sericea (present) -- 2 Chrysophyllum lucentifolium (present) -- 10 Eriotheca pentaphylla (present) -- 2 Euterpe edulis (present) -- 1 Garcinia macrophylla (present) -- 3 Guatteria sellowiana (present) -- 2 Himatanthus bracteatus (present) -- 7 Hirtella hebeclada (present) -- 1 Inga sessilis (present) -- 2 Myrcia amazonica (present) -- 1 Myrsine guianensis (present) -- 1 Nectandra membranacea (present) -- 1 Piptadenia paniculata (present) -- 9 Pouteria Aubl. (present) -- 3 Pouteria venosa (present) -- 2 Protium atlanticum (present) -- 2 Simarouba versicolor (present) -- 1 Stryphnodendron polyphyllum (present) -- 2 Tapirira obtusa (present)"," -- 1 Handroanthus chrysotrichus (regenerating) -- 1 Pera glabrata (regenerating) -- 1 Psychotria sp (regenerating) -- 1 Vismia guianensis (regenerating)"
100194,"y0"," -- 2 Byrsonima sericea (present) -- 4 Diospyros inconstans (present) -- 3 Miconia brunnea (present) -- 2 Vismia guianensis (present)",NA," -- 2 Albizia polycephala (present) -- 10 Byrsonima sericea (present) -- 2 Eschweilera ovata (present) -- 1 Euterpe edulis (present) -- 1 Myrsine guianensis (present) -- 6 Pera glabrata (present) -- 3 Pera heteranthera (present) -- 1 Pouteria macrophylla (present) -- 3 Stryphnodendron polyphyllum (present) -- 1 Tapirira guianensis (present) -- 3 Eriotheca pentaphylla (present)",NA
100195,"y0"," -- 1 Cecropia pachystachya (regenerating) -- 1 Inga blanchetiana (regenerating)"," -- 2 Anadenanthera colubrina (planted) -- 9 Euterpe edulis (planted) -- 1 Genipa americana (planted) -- 5 Hymenaea courbaril (planted) -- 7 Inga vera subsp. vera (planted) -- 2 Schinus terebinthifolia (planted) -- 1 Tapirira guianensis (planted)"," -- 8 Allagoptera caudescens (present) -- 4 Byrsonima sericea (present) -- 1 Cecropia pachystachya (present) -- 1 Eschweilera ovata (present) -- 1 Inga blanchetiana (present) -- 1 Pera glabrata (present) -- 1 Tapirira guianensis (present)"," -- 1 Pera glabrata (regenerating) -- 1 Euterpe edulis (planted)"
100196,"y0"," -- 2 Diospyros inconstans (regenerating) -- 1 Swartzia langsdorffii (regenerating) -- 1 Vismia guianensis (regenerating)",NA," -- 2 Myrsine guianensis (present) -- 3 Allagoptera caudescens (present) -- 1 Bactris acanthocarpa (present) -- 1 Bauhinia forficata (present) -- 10 Byrsonima sericea (present) -- 1 Coccoloba alnifolia (present) -- 4 Diospyros lasiocalyx (present) -- 1 Ecclinusa ramiflora (present) -- 1 Eriotheca pentaphylla (present) -- 1 Eschweilera ovata (present) -- 2 Inga blanchetiana (present) -- 1 Inga marginata (present) -- 1 Myrciaria floribunda (present) -- 1 Stryphnodendron adstringens (present) -- 3 Stryphnodendron polyphyllum (present) -- 9 Tapirira guianensis (present)"," -- 1 Diospyros inconstans (regenerating) -- 1 Faramea multiflora (regenerating)"
100197,"y0"," -- 2 Eschweilera ovata (regenerating)",NA," -- 1 Albizia polycephala (present) -- 4 Inga flagelliformis (present) -- 2 Myrsine coriacea subsp. coriacea (present) -- 9 Pera glabrata (present) -- 1 Pera heteranthera (present) -- 1 Tapirira guianensis (present)"," -- 1 Eschweilera ovata (regenerating)"
100198,"y0"," -- 2 Eschweilera ovata (regenerating)"," -- 14 Anadenanthera colubrina (planted) -- 2 Calophyllum brasiliense (planted) -- 2 Copaifera langsdorffii (planted) -- 8 Euterpe edulis (planted) -- 4 Handroanthus chrysotrichus (planted) -- 2 Hymenaea courbaril (planted) -- 1 Inga edulis (planted) -- 1 Inga laurina (planted) -- 3 Inga vera subsp. vera (planted) -- 9 Schinus terebinthifolia (planted) -- 8 Tapirira guianensis (planted) -- 1 Triplaris americana (planted)"," -- 1 Other or don't know (present) -- 1 Andira fraxinifolia (present) -- 1 Cecropia pachystachya (present)"," -- 1 Tapirira guianensis (planted)"
100199,"y0"," -- 1 Byrsonima sericea (present) -- 1 Anadenanthera colubrina (regenerating)"," -- 2 Anadenanthera colubrina (planted) -- 1 Citharexylum myrianthum (planted) -- 2 Eugenia L. (planted) -- 1 Euterpe edulis (planted) -- 6 Schinus terebinthifolia (planted) -- 1 Tapirira guianensis (planted)"," -- 2 Albizia polycephala (present) -- 2 Eschweilera ovata (present) -- 5 Inga subnuda (present) -- 4 Pera glabrata (present) -- 1 Swartzia macrostachya (present) -- 1 Zanthoxylum rhoifolium (present)"," -- 1 Handroanthus chrysotrichus (planted) -- 1 Other or don't know (present)"
100200,"y0"," -- 2 Byrsonima sericea (present)",NA," -- 1 Andira fraxinifolia (present) -- 1 Byrsonima sericea (present) -- 1 Pera glabrata (present)"," -- 2 Vismia guianensis (regenerating)"
100201,"y0"," -- 1 Myrsine coriacea subsp. coriacea (regenerating) -- 3 Heisteria blanchetiana (present) -- 1 Pera glabrata (present)"," -- 1 Anadenanthera colubrina (planted) -- 1 Eugenia uniflora (planted) -- 2 Euterpe edulis (planted) -- 2 Genipa americana (planted) -- 1 Hymenaea courbaril (planted) -- 4 Tapirira guianensis (planted)"," -- 1 Albizia polycephala (present) -- 2 Cecropia pachystachya (present) -- 1 Heisteria blanchetiana (present) -- 3 Inga subnuda (present) -- 8 Pera glabrata (present) -- 5 Sideroxylon obtusifolium (present) -- 2 Tapirira guianensis (present)"," -- 2 Allagoptera caudescens (regenerating)"
100202,"y0"," -- 1 Eschweilera ovata (regenerating)"," -- 5 Anadenanthera colubrina (planted) -- 1 Eugenia L. (planted) -- 4 Euterpe edulis (planted) -- 1 Genipa americana (planted) -- 2 Handroanthus chrysotrichus (planted) -- 1 Inga edulis (planted) -- 1 Schinus terebinthifolia (planted) -- 4 Tapirira guianensis (planted) -- 1 Vismia atlantica (planted)"," -- 1 Other or don't know (present) -- 3 Albizia polycephala (present) -- 1 Andira fraxinifolia (present) -- 4 Eschweilera ovata (present) -- 1 Inga edulis (present) -- 1 Miconia brunnea (present) -- 9 Pera glabrata (present)"," -- 1 Pera glabrata (regenerating) -- 1 Vismia guianensis (regenerating)"
100203,"y0"," -- 4 Byrsonima sericea (present)"," -- 4 Anadenanthera colubrina (planted) -- 1 Annona glabra (planted) -- 5 Copaifera langsdorffii (planted) -- 9 Handroanthus chrysotrichus (planted) -- 1 Handroanthus serratifolius (planted) -- 3 Hymenaea courbaril (planted) -- 3 Schinus terebinthifolia (planted) -- 1 Trema micranthum (planted)"," -- 1 Albizia polycephala (present) -- 2 Pera glabrata (present)"," -- 1 Dictyoloma vandellianum (regenerating) -- 1 Pera glabrata (regenerating)"
100204,"y0"," -- 1 Bactris acanthocarpa (regenerating) -- 1 Matayba elaeagnoides (regenerating) -- 1 Pera glabrata (present)"," -- 6 Anadenanthera peregrina (planted) -- 1 Annona glabra (planted) -- 1 Cupania zanthoxyloides (planted) -- 1 Euterpe edulis (planted) -- 1 Inga edulis (planted) -- 10 Schinus terebinthifolia (planted) -- 1 Tapirira guianensis (planted)"," -- 3 Albizia polycephala (present) -- 3 Byrsonima sericea (present) -- 2 Cordia trichoclada (present) -- 2 Eschweilera ovata (present) -- 8 Pera glabrata (present) -- 1 Tapirira guianensis (present)"," -- 1 Pera glabrata (regenerating)"
100205,"y0"," -- 2 Miconia brunnea (regenerating) -- 1 Vismia guianensis (regenerating)"," -- 3 Anadenanthera peregrina (planted) -- 2 Handroanthus chrysotrichus (planted) -- 1 Peltophorum dubium (planted) -- 1 Schinus terebinthifolia (planted)"," -- 1 Allagoptera caudescens (present) -- 1 Bactris acanthocarpa (present) -- 2 Byrsonima sericea (present) -- 1 Machaerium nictitans (present) -- 1 Miconia brunnea (present) -- 1 Myrsine coriacea subsp. coriacea (present) -- 13 Pera glabrata (present) -- 1 Tapirira guianensis (present)"," -- 1 Eschweilera ovata (regenerating)"
100206,"y0"," -- 3 Cordia trichoclada (present) -- 1 Matayba guianensis (present)"," -- 1 Albizia polycephala (planted) -- 3 Anadenanthera colubrina (planted) -- 1 Copaifera langsdorffii (planted) -- 1 Handroanthus chrysotrichus (planted) -- 1 Paubrasilia echinata (planted) -- 1 Peltophorum dubium (planted) -- 3 Schinus terebinthifolia (planted) -- 2 Tapirira guianensis (planted)"," -- 1 Albizia polycephala (present) -- 2 Bactris acanthocarpa (present) -- 2 Byrsonima sericea (present) -- 1 Cordia trichoclada (present) -- 1 Cupania zanthoxyloides (present) -- 4 Eschweilera ovata (present) -- 1 Handroanthus chrysotrichus (present) -- 1 Machaerium nictitans (present) -- 11 Pera glabrata (present) -- 1 Stryphnodendron polyphyllum (present) -- 1 Tapirira guianensis (present) -- 1 Vismia guianensis (present)"," -- 1 Vismia guianensis (regenerating)"
100207,"y0"," -- 1 Eschweilera ovata (regenerating) -- 2 Pera glabrata (regenerating)"," -- 16 Anadenanthera colubrina (planted) -- 2 Eugenia uniflora (planted) -- 7 Euterpe edulis (planted) -- 2 Genipa americana (planted) -- 9 Handroanthus chrysotrichus (planted) -- 7 Hymenaea courbaril (planted) -- 1 Inga vera subsp. vera (planted) -- 1 Myrocarpus frondosus (planted) -- 1 Peltophorum dubium (planted) -- 9 Schinus terebinthifolia (planted)"," -- 2 Albizia polycephala (present) -- 3 Allagoptera caudescens (present) -- 1 Byrsonima sericea (present) -- 2 Cecropia pachystachya (present) -- 1 Croton floribundus (present) -- 6 Myrsine coriacea subsp. coriacea (present) -- 5 Pera glabrata (present)"," -- 1 Pera glabrata (regenerating)"
100208,"y0"," -- 1 Byrsonima sericea (regenerating) -- 1 Eschweilera ovata (regenerating) -- 1 Myrcia splendens (regenerating)"," -- 4 Anadenanthera peregrina (planted) -- 3 Handroanthus chrysotrichus (planted) -- 3 Hymenaea courbaril (planted) -- 1 Ormosia arborea (planted) -- 1 Peltophorum dubium (planted)"," -- 2 Allagoptera caudescens (present) -- 1 Cecropia pachystachya (present) -- 1 Cenostigma pluviosum (present) -- 1 Coccoloba alnifolia (present) -- 1 Diospyros lasiocalyx (present) -- 4 Myrsine coriacea subsp. coriacea (present) -- 7 Pera glabrata (present) -- 1 Tapirira guianensis (present)"," -- 1 Eschweilera ovata (regenerating) -- 1 Handroanthus chrysotrichus (planted)"
100209,"y0"," -- 3 Byrsonima sericea (regenerating) -- 1 Eschweilera ovata (regenerating)",NA," -- 2 Pera glabrata (present) -- 2 Tapirira guianensis (present) -- 1 Other or don't know (present) -- 2 Vismia guianensis (present) -- 1 Andira fraxinifolia (present) -- 1 Byrsonima sericea (present) -- 1 Cecropia pachystachya (present) -- 1 Myrsine coriacea subsp. coriacea (present) -- 3 Pera glabrata (present) -- 1 Stryphnodendron polyphyllum (present)"," -- 1 Vismia guianensis (regenerating)"
100210,"y0"," -- 1 Albizia polycephala (regenerating) -- 1 Cupania zanthoxyloides (regenerating)",NA," -- 1 Other or don't know (present) -- 3 Albizia polycephala (present) -- 3 Allagoptera caudescens (present) -- 2 Byrsonima sericea (present) -- 2 Cecropia pachystachya (present) -- 6 Cordia trichoclada (present) -- 1 Cupania zanthoxyloides (present) -- 2 Eschweilera ovata (present) -- 2 Guatteria sellowiana (present) -- 3 Inga vera subsp. vera (present) -- 3 Myrcia loranthifolia (present) -- 3 Myrcia splendens (present) -- 1 Pera glabrata (present) -- 1 Senna multijuga (present) -- 6 Sparattosperma leucanthum (present) -- 5 Tapirira guianensis (present)"," -- 1 Piptadenia paniculata (regenerating) -- 1 Xylopia aromatica (present)"
100211,"y0"," -- 1 Albizia polycephala (regenerating) -- 2 Psidium guajava (regenerating) -- 1 Xylopia aromatica (regenerating)",NA," -- 18 Albizia polycephala (present) -- 11 Allagoptera caudescens (present) -- 1 Byrsonima sericea (present) -- 2 Casearia sylvestris (present) -- 5 Cordia trichoclada (present) -- 11 Cupania zanthoxyloides (present) -- 2 Eschweilera ovata (present) -- 1 Guatteria sellowiana (present) -- 2 Myrcia loranthifolia (present) -- 1 Ormosia arborea (present) -- 2 Pouteria beaurepairei (present) -- 6 Sparattosperma leucanthum (present) -- 7 Tapirira guianensis (present) -- 4 Zanthoxylum rhoifolium (present)"," -- 1 Albizia polycephala (regenerating) -- 2 Brosimum guianense (regenerating) -- 1 Machaerium hirtum (regenerating) -- 1 Xylopia aromatica (regenerating)"
100212,"y0"," -- 3 Myrcia loranthifolia (regenerating) -- 1 Xylopia aromatica (regenerating)",NA," -- 1 Aegiphila integrifolia (present) -- 5 Albizia polycephala (present) -- 27 Allagoptera caudescens (present) -- 1 Aspidosperma olivaceum (present) -- 1 Byrsonima sericea (present) -- 7 Cupania zanthoxyloides (present) -- 2 Eschweilera ovata (present) -- 2 Guatteria sellowiana (present) -- 1 Luehea grandiflora (present) -- 1 Machaerium stipitatum (present) -- 1 Matayba elaeagnoides (present) -- 1 Myrcia loranthifolia (present) -- 1 Myrsine coriacea subsp. coriacea (present) -- 5 Sparattosperma leucanthum (present) -- 5 Tapirira guianensis (present) -- 2 Vismia guianensis (present) -- 10 Xylopia aromatica (present) -- 1 Zanthoxylum rhoifolium (present)"," -- 1 Xylopia aromatica (regenerating) -- 1 Allagoptera caudescens (present) -- 1 Brosimum guianense (present) -- 1 Tapirira guianensis (present)"
100213,"y0"," -- 1 Inga vera subsp. vera (planted) -- 1 Psidium guineense (planted) -- 1 Schinus terebinthifolia (planted)"," -- 1 Apeiba tibourbou (planted) -- 1 Copaifera langsdorffii (planted) -- 1 Euterpe edulis (planted) -- 3 Genipa americana (planted) -- 11 Handroanthus chrysotrichus (planted) -- 2 Handroanthus serratifolius (planted) -- 13 Inga edulis (planted) -- 2 Inga vera subsp. vera (planted) -- 6 Luehea grandiflora (planted) -- 3 Myrocarpus frondosus (planted) -- 1 Paubrasilia echinata (planted) -- 3 Schinus terebinthifolia (planted) -- 9 Tapirira guianensis (planted)"," -- 1 Balfourodendron riedelianum (present) -- 2 Byrsonima sericea (present) -- 1 Centrolobium robustum (present) -- 1 Eschweilera ovata (present) -- 2 Genipa americana (present) -- 1 Inga vera subsp. vera (present) -- 1 Luehea grandiflora (present) -- 1 Myrcia loranthifolia (present) -- 1 Piptadenia paniculata (present) -- 1 Psidium guajava (present) -- 5 Tapirira guianensis (present) -- 1 Vismia guianensis (present) -- 1 Zanthoxylum rhoifolium (present)"," -- 1 Byrsonima sericea (regenerating)"
100214,"y0"," -- 1 Myrcia splendens (regenerating) -- 1 Sparattosperma leucanthum (regenerating) -- 2 Myrsine coriacea subsp. coriacea (present)"," -- 6 Anadenanthera colubrina (planted) -- 1 Dalbergia nigra (planted) -- 6 Euterpe edulis (planted) -- 1 Genipa americana (planted) -- 2 Handroanthus chrysotrichus (planted) -- 1 Hymenaea courbaril (planted) -- 1 Inga laurina (planted) -- 2 Inga vera subsp. vera (planted) -- 1 Myrocarpus frondosus (planted) -- 1 Schinus terebinthifolia (planted) -- 1 Trema micranthum (planted)"," -- 1 Aegiphila integrifolia (present) -- 1 Alchornea glandulosa (present) -- 1 Eschweilera ovata (present) -- 1 Myrcia splendens (present) -- 4 Myrsine coriacea subsp. coriacea (present) -- 3 Pera glabrata (present) -- 1 Schinus terebinthifolia (present) -- 5 Sparattosperma leucanthum (present) -- 1 Tapirira guianensis (present) -- 1 Xylopia aromatica (present)"," -- 1 Myrcia splendens (regenerating)"
100215,"y0"," -- 1 Tapirira guianensis (planted)"," -- 1 Anacardium occidentale (planted) -- 9 Anadenanthera colubrina (planted) -- 1 Byrsonima sericea (planted) -- 3 Copaifera langsdorffii (planted) -- 1 Cordia trichotoma (planted) -- 1 Eugenia L. (planted) -- 7 Genipa americana (planted) -- 5 Handroanthus chrysotrichus (planted) -- 3 Hymenaea courbaril (planted) -- 6 Inga edulis (planted) -- 2 Inga laurina (planted) -- 3 Paubrasilia echinata (planted) -- 8 Schinus terebinthifolia (planted) -- 1 Sparattosperma leucanthum (planted) -- 14 Tapirira guianensis (planted) -- 2 Zanthoxylum rhoifolium (planted)"," -- 4 Byrsonima sericea (present) -- 1 Didymopanax morototoni (present) -- 2 Sparattosperma leucanthum (present) -- 1 Tapirira guianensis (present)"," -- 1 Baccharis dracunculifolia (regenerating) -- 1 Byrsonima sericea (regenerating) -- 1 Myrcia splendens (regenerating) -- 1 Siparuna guianensis (regenerating)"
100216,"y0"," -- 1 Himatanthus bracteatus (regenerating) -- 1 Myrcia splendens (regenerating) -- 4 Pera glabrata (regenerating)"," -- 1 Xylopia aromatica (planted)"," -- 1 Other or don't know (present) -- 30 Albizia polycephala (present) -- 6 Annona montana (present) -- 13 Byrsonima sericea (present) -- 1 Guatteria sellowiana (present) -- 1 Himatanthus bracteatus (present) -- 2 Machaerium brasiliense (present) -- 1 Machaerium pedicellatum (present) -- 1 Myrcia splendens (present) -- 4 Pera glabrata (present) -- 3 Simarouba versicolor (present) -- 8 Tapirira guianensis (present) -- 1 Xylopia aromatica (present) -- 2 Zanthoxylum rhoifolium (present)"," -- 1 Myrcia splendens (regenerating) -- 2 Sparattosperma leucanthum (regenerating) -- 1 Pera glabrata (present)"
100217,"y0"," -- 1 Sparattosperma leucanthum (present)"," -- 18 Anadenanthera colubrina (planted) -- 1 Cecropia pachystachya (planted) -- 2 Eugenia uniflora (planted) -- 2 Euterpe edulis (planted) -- 1 Genipa americana (planted) -- 1 Handroanthus chrysotrichus (planted) -- 7 Inga edulis (planted) -- 1 Inga vera subsp. vera (planted) -- 1 Myrocarpus frondosus (planted) -- 3 Tapirira guianensis (planted) -- 1 Trema micranthum (planted)"," -- 1 Other or don't know (present) -- 2 Byrsonima sericea (present) -- 1 Simarouba versicolor (present) -- 1 Tapirira guianensis (present) -- 1 Xylopia aromatica (present)"," -- 2 Cupania racemosa (regenerating) -- 2 Myrcia splendens (regenerating)"
100218,"y0"," -- 1 Myrsine coriacea subsp. coriacea (present) -- 3 Pera glabrata (present) -- 1 Siparuna guianensis (present)"," -- 2 Anacardium occidentale (planted) -- 15 Anadenanthera colubrina (planted) -- 1 Copaifera langsdorffii (planted) -- 2 Eugenia L. (planted) -- 1 Eugenia uniflora (planted) -- 3 Euterpe edulis (planted) -- 9 Handroanthus chrysotrichus (planted) -- 4 Hymenaea courbaril (planted) -- 3 Inga edulis (planted) -- 2 Inga laurina (planted) -- 4 Myrsine coriacea subsp. coriacea (planted) -- 3 Schinus terebinthifolia (planted) -- 2 Tapirira guianensis (planted) -- 1 Xylopia aromatica (planted)"," -- 4 Dictyoloma vandellianum (present) -- 2 Myrcia excoriata (present) -- 3 Myrcia splendens (present) -- 1 Myrsine coriacea subsp. coriacea (present) -- 7 Pera glabrata (present) -- 4 Tapirira guianensis (present) -- 1 Xylopia aromatica (present)"," -- 1 Miconia brunnea (regenerating)"
100219,"y0"," -- 1 Bowdichia virgilioides (present) -- 1 Byrsonima sericea (present) -- 1 Myrcia splendens (present) -- 1 Pera glabrata (present)"," -- 5 Anadenanthera colubrina (planted) -- 1 Citharexylum myrianthum (planted) -- 4 Eugenia L. (planted) -- 4 Eugenia uniflora (planted) -- 1 Genipa americana (planted) -- 1 Handroanthus serratifolius (planted) -- 1 Hymenaea courbaril (planted) -- 15 Inga edulis (planted) -- 3 Inga laurina (planted) -- 1 Peltophorum dubium (planted) -- 3 Schinus terebinthifolia (planted) -- 2 Tapirira guianensis (planted)"," -- 3 Byrsonima sericea (present) -- 2 Myrsine coriacea subsp. coriacea (present) -- 3 Pera glabrata (present) -- 1 Vismia guianensis (present) -- 3 Xylopia aromatica (present)"," -- 1 Psidium guineense (regenerating) -- 1 Peltophorum dubium (planted)"
100220,"y0"," -- 2 Baccharis dracunculifolia (regenerating) -- 3 Himatanthus bracteatus (regenerating) -- 1 Myrcia splendens (regenerating) -- 3 Myrsine coriacea subsp. coriacea (present) -- 2 Pera glabrata (present)"," -- 1 Anacardium occidentale (planted) -- 4 Anadenanthera colubrina (planted) -- 1 Cupania vernalis (planted) -- 1 Euterpe edulis (planted) -- 2 Handroanthus chrysotrichus (planted) -- 1 Inga edulis (planted) -- 1 Schinus terebinthifolia (planted) -- 1 Tabebuia elliptica (planted) -- 2 Tapirira guianensis (planted) -- 2 Zanthoxylum rhoifolium (planted)"," -- 1 Abarema brachystachya (present) -- 1 Allagoptera caudescens (present) -- 13 Byrsonima sericea (present) -- 1 Casearia sylvestris (present) -- 2 Dictyoloma vandellianum (present) -- 1 Didymopanax morototoni (present) -- 1 Guatteria sellowiana (present) -- 1 Myrcia splendens (present) -- 1 Myroxylon peruiferum (present) -- 1 Myrsine coriacea subsp. coriacea (present) -- 1 Ormosia arborea (present) -- 2 Pera glabrata (present) -- 2 Tapirira guianensis (present) -- 2 Vismia guianensis (present) -- 4 Xylopia aromatica (present)"," -- 1 Pera glabrata (regenerating) -- 1 Siparuna guianensis (regenerating)"
100221,"y0"," -- 1 Genipa americana (planted) -- 1 Joannesia princeps (planted)"," -- 7 Joannesia princeps (planted) -- 8 Tapirira guianensis (planted) -- 11 Anadenanthera peregrina (planted) -- 6 Cedrela odorata (planted) -- 12 Hymenaea courbaril (planted) -- 10 Paubrasilia echinata (planted) -- 14 Euterpe edulis (planted) -- 3 Trema micranthum (planted) -- 9 Inga edulis (planted)"," -- 2 Byrsonima sericea (present) -- 3 Tapirira guianensis (present) -- 1 Dalbergia nigra (present)",NA
100222,"y0"," -- 1 Tapirira guianensis (planted)"," -- 12 Anadenanthera peregrina (planted) -- 3 Handroanthus heptaphyllus (planted) -- 2 Schizolobium parahyba (planted) -- 3 Cecropia pachystachya (planted) -- 2 Copaifera langsdorffii (planted) -- 7 Byrsonima sericea (planted) -- 4 Cedrela odorata (planted) -- 3 Schinus terebinthifolia (planted) -- 2 Plathymenia reticulata (planted)"," -- 1 Hevea brasiliensis (present) -- 1 Eschweilera ovata (present) -- 1 Tapirira guianensis (present)",NA
100223,"y0"," -- 1 Inga edulis (planted)"," -- 2 Anadenanthera peregrina (planted) -- 7 Inga edulis (planted) -- 7 Schinus terebinthifolia (planted) -- 5 Tapirira guianensis (planted) -- 4 Joannesia princeps (planted) -- 4 Anacardium occidentale (planted) -- 4 Hymenaea courbaril (planted) -- 6 Paubrasilia echinata (planted) -- 2 Inga marginata (planted) -- 3 Psidium sp (planted)"," -- 2 Other or don't know (present) -- 1 Other or don't know (present)"," -- 1 Psidium sp (regenerating)"
100224,"y0"," -- 1 Schinus terebinthifolia (planted) -- 1 Paubrasilia echinata (present)"," -- 7 Handroanthus serratifolius (planted) -- 5 Tapirira guianensis (planted) -- 11 Schinus terebinthifolia (planted) -- 2 Cedrela odorata (planted) -- 1 Paubrasilia echinata (planted) -- 5 Zanthoxylum rhoifolium (planted) -- 3 Cecropia pachystachya (planted) -- 6 Inga edulis (planted) -- 6 Genipa americana (planted) -- 1 Inga marginata (planted) -- 4 Joannesia princeps (planted) -- 3 Psidium sp (planted) -- 3 Anacardium occidentale (planted) -- 4 Anadenanthera peregrina (planted) -- 4 Peltophorum dubium (planted) -- 5 Protium heptaphyllum (planted)"," -- 1 Zanthoxylum rhoifolium (present) -- 2 Eschweilera ovata (present) -- 1 Byrsonima crassifolia (present)"," -- 1 Paubrasilia echinata (planted)"
100225,"y0"," -- 2 Cecropia pachystachya (planted) -- 1 Schinus terebinthifolia (present)"," -- 4 Handroanthus serratifolius (planted) -- 6 Tapirira guianensis (planted) -- 20 Schinus terebinthifolia (planted) -- 3 Paubrasilia echinata (planted) -- 18 Cecropia pachystachya (planted) -- 4 Anacardium occidentale (planted) -- 6 Anadenanthera peregrina (planted) -- 3 Peltophorum dubium (planted) -- 6 Psidium sp (planted) -- 3 Handroanthus serratifolius (planted)"," -- 9 Dalbergia nigra (present)"," -- 1 Paubrasilia echinata (planted)"
100226,"y0"," -- 1 Tapirira guianensis (planted) -- 1 Cecropia pachystachya (planted)"," -- 7 Handroanthus serratifolius (planted) -- 5 Tapirira guianensis (planted) -- 14 Schinus terebinthifolia (planted) -- 3 Paubrasilia echinata (planted) -- 3 Psidium sp (planted) -- 3 Anacardium occidentale (planted) -- 9 Anadenanthera colubrina (planted) -- 7 Peltophorum dubium (planted) -- 3 Byrsonima crassifolia (planted) -- 2 Protium heptaphyllum (planted) -- 1 Inga marginata (planted)"," -- 8 Dalbergia nigra (present) -- 1 Eschweilera ovata (present) -- 4 Tapirira guianensis (present)"," -- 1 Tapirira guianensis (planted)"
100227,"y0"," -- 1 Euphorbia umbellata (present) -- 1 Byrsonima sericea (present)"," -- 2 Handroanthus serratifolius (planted) -- 2 Schinus terebinthifolia (planted) -- 3 Zanthoxylum rhoifolium (planted) -- 13 Cecropia pachystachya (planted) -- 6 Inga marginata (planted) -- 9 Anadenanthera colubrina (planted) -- 3 Peltophorum dubium (planted) -- 3 Protium heptaphyllum (planted) -- 5 Euterpe edulis (planted) -- 6 Trema micranthum (planted)"," -- 2 Zanthoxylum rhoifolium (present) -- 1 Eschweilera ovata (present) -- 1 Byrsonima crassifolia (present) -- 10 Dalbergia nigra (present) -- 6 Tapirira guianensis (present)"," -- 1 Byrsonima sericea (present)"
100228,"y0"," -- 1 Schinus terebinthifolia (planted) -- 1 Inga edulis (planted)"," -- 3 Zeyheria tuberculosa (planted) -- 6 Cecropia pachystachya (planted) -- 7 Inga edulis (planted) -- 3 Cedrela odorata (planted) -- 3 Peltophorum dubium (planted) -- 7 Samanea tubulosa (planted) -- 4 Schizolobium parahyba (planted) -- 6 Paubrasilia echinata (planted) -- 9 Joannesia princeps (planted) -- 8 Trema micranthum (planted)",NA," -- 1 Trema micranthum (planted)"
100229,"y0"," -- 1 Schinus terebinthifolia (planted)"," -- 2 Copaifera langsdorffii (planted) -- 1 Tapirira guianensis (planted) -- 12 Inga edulis (planted) -- 10 Samanea tubulosa (planted) -- 4 Schinus terebinthifolia (planted) -- 7 Peltophorum dubium (planted) -- 6 Anadenanthera peregrina (planted) -- 6 Byrsonima sericea (planted) -- 2 Parkia pendula (planted) -- 6 Zanthoxylum rhoifolium (planted)"," -- 3 Dalbergia nigra (present) -- 3 Tapirira guianensis (present)"," -- 1 Schinus terebinthifolia (planted)"
100230,"y0"," -- 1 Inga edulis (planted)"," -- 10 Schinus terebinthifolia (planted) -- 6 Joannesia princeps (planted) -- 11 Inga edulis (planted) -- 8 Byrsonima sericea (planted) -- 4 Inga laurina (planted) -- 5 Anacardium occidentale (planted) -- 6 Anadenanthera peregrina (planted) -- 3 Trema micranthum (planted) -- 7 Spondias mombin (planted) -- 5 Tapirira guianensis (planted) -- 2 Genipa americana (planted)"," -- 3 Acacia mangium (present)",NA
100231,"y0"," -- 1 Tapirira guianensis (planted) -- 1 Byrsonima sericea (regenerating)"," -- 10 Cedrela odorata (planted) -- 8 Tapirira guianensis (planted) -- 22 Schinus terebinthifolia (planted) -- 8 Inga edulis (planted) -- 14 Hymenaea courbaril (planted) -- 3 Inga marginata (planted) -- 5 Peltophorum dubium (planted) -- 8 Anadenanthera peregrina (planted) -- 1 Spondias mombin (planted) -- 3 Zeyheria tuberculosa (planted)"," -- 1 Eschweilera ovata (present)",NA
100232,"y0"," -- 1 Joannesia princeps (planted) -- 6 Myrsine coriacea subsp. coriacea (regenerating) -- 1 Zanthoxylum rhoifolium (regenerating) -- 1 Psidium sp (regenerating)"," -- 1 Zanthoxylum rhoifolium (planted) -- 14 Inga edulis (planted) -- 6 Schinus terebinthifolia (planted) -- 1 Inga marginata (planted) -- 2 Protium heptaphyllum (planted) -- 4 Cedrela odorata (planted) -- 1 Cordia superba (planted) -- 1 Inga ruiziana (planted) -- 9 Joannesia princeps (planted) -- 3 Paubrasilia echinata (planted) -- 1 Cecropia hololeuca (planted)"," -- 4 Tapirira guianensis (present) -- 2 Byrsonima sericea (present)",NA
100233,"y0"," -- 1 Joannesia princeps (planted)"," -- 4 Byrsonima sericea (planted) -- 2 Hymenaea courbaril (planted) -- 18 Joannesia princeps (planted) -- 4 Psidium sp (planted)"," -- 1 Byrsonima sericea (present) -- 1 Eschweilera ovata (present)",NA
100234,"y0"," -- 1 Paubrasilia echinata (planted) -- 1 Joannesia princeps (planted)"," -- 14 Handroanthus serratifolius (planted) -- 2 Tapirira guianensis (planted) -- 23 Joannesia princeps (planted) -- 4 Psidium sp (planted) -- 3 Protium heptaphyllum (planted) -- 14 Schinus terebinthifolia (planted) -- 6 Cedrela odorata (planted) -- 9 Paubrasilia echinata (planted) -- 8 Zanthoxylum rhoifolium (planted) -- 1 Cecropia glaziovii (planted) -- 4 Inga edulis (planted) -- 2 Genipa americana (planted)"," -- 1 Psidium sp (present) -- 1 Byrsonima sericea (present)",NA
100235,"y0"," -- 2 Handroanthus serratifolius (planted) -- 1 Psidium sp (planted) -- 1 Tapirira guianensis (planted)"," -- 12 Handroanthus serratifolius (planted) -- 4 Tapirira guianensis (planted) -- 14 Joannesia princeps (planted) -- 7 Psidium sp (planted) -- 3 Protium heptaphyllum (planted) -- 13 Schinus terebinthifolia (planted) -- 1 Inga marginata (planted) -- 3 Paubrasilia echinata (planted) -- 4 Zanthoxylum rhoifolium (planted) -- 7 Cecropia hololeuca (planted) -- 1 Inga edulis (planted) -- 1 Genipa americana (planted)"," -- 2 Eschweilera ovata (present) -- 2 Byrsonima sericea (present)",NA
100236,"y0"," -- 1 Paubrasilia echinata (planted) -- 1 Joannesia princeps (planted)"," -- 14 Handroanthus serratifolius (planted) -- 2 Tapirira guianensis (planted) -- 23 Joannesia princeps (planted) -- 4 Psidium sp (planted) -- 3 Protium heptaphyllum (planted) -- 14 Schinus terebinthifolia (planted) -- 6 Cedrela odorata (planted) -- 9 Paubrasilia echinata (planted) -- 8 Zanthoxylum rhoifolium (planted) -- 1 Cecropia hololeuca (planted) -- 4 Inga edulis (planted) -- 2 Genipa americana (planted)"," -- 1 Psidium sp (present) -- 1 Byrsonima sericea (present)",NA
100237,"y0"," -- 1 Other or don't know (regenerating) -- 1 Other or don't know (regenerating)"," -- 3 Joannesia princeps (planted) -- 4 Tapirira guianensis (planted) -- 5 Anadenanthera peregrina (planted) -- 4 Cedrela odorata (planted) -- 7 Hymenaea courbaril (planted) -- 9 Paubrasilia echinata (planted) -- 28 Euterpe edulis (planted)"," -- 3 Other or don't know (present) -- 4 Tapirira guianensis (present) -- 2 Other or don't know (present)",NA
100238,"y0"," -- 1 Other or don't know (regenerating)"," -- 5 Joannesia princeps (planted) -- 4 Tapirira guianensis (planted) -- 7 Anadenanthera peregrina (planted) -- 6 Cedrela odorata (planted) -- 8 Hymenaea courbaril (planted) -- 9 Paubrasilia echinata (planted) -- 12 Euterpe edulis (planted) -- 10 Trema micranthum (planted) -- 11 Inga edulis (planted)"," -- 2 Other or don't know (present)"," -- 1 Paubrasilia echinata (planted)"
100239,"y0"," -- 3 Handroanthus serratifolius (present)"," -- 11 Handroanthus serratifolius (planted) -- 4 Tapirira guianensis (planted) -- 9 Schinus terebinthifolia (planted) -- 14 Paubrasilia echinata (planted) -- 3 Cecropia pachystachya (planted) -- 6 Inga edulis (planted) -- 4 Genipa americana (planted) -- 6 Joannesia princeps (planted) -- 1 Psidium sp (planted) -- 5 Anacardium occidentale (planted) -- 3 Anadenanthera peregrina (planted) -- 3 Anadenanthera colubrina (planted) -- 1 Peltophorum dubium (planted) -- 3 Psidium cattleyanum (planted)"," -- 12 Dalbergia nigra (present) -- 1 Eschweilera ovata (present)"," -- 1 Handroanthus serratifolius (planted)"
100240,"y0"," -- 3 Cratoxylum formosum (present) -- 1 Macaranga grandifolia (present) -- 1 Neonauclea media (present) -- 1 Pangium edule (present)"," -- 67 Intsia bijuga (planted)"," -- 1 Engelhardia rigida (present) -- 1 Macaranga grandifolia (present)"," -- 1 Mangifera altissima (present) -- 1 Buchanania nitida (present)"
100241,"y0"," -- 1 Duabanga moluccana (present) -- 1 Cratoxylum formosum (present)"," -- 214 Intsia bijuga (planted)"," -- 4 Parkia timoriana (present) -- 2 Artocarpus blancoi (present) -- 2 Litchi chinensis (present) -- 1 Neonauclea bartlingii (present) -- 2 Alangium meyeri (present) -- 1 Cratoxylum formosum (present) -- 1 Aglaia edulis (present) -- 1 Glochidion triandrum (present) -- 1 Engelhardia rigida (present) -- 1 Gnetum parvifolium (present)"," -- 1 Nephelium ramboutan-ake (present)"
100242,"y0"," -- 1 Neonauclea bartlingii (present) -- 1 Litchi chinensis (present) -- 1 Macaranga grandifolia (present)"," -- 170 Intsia bijuga (planted)"," -- 1 Pangium edule (present) -- 12 Artocarpus blancoi (present) -- 1 Macaranga grandifolia (present) -- 1 Ficus congesta (present)"," -- 1 Leucosyke capitellata (present)"
100243,"y0"," -- 1 Macaranga tanarius (present)",NA," -- 1 Canarium asperum (present) -- 3 Colona serratifolia (present)",NA
100245,"y0",NA," -- 7 Joannesia princeps (planted) -- 2 Spondias mombin (planted) -- 3 Anacardium occidentale (planted) -- 11 Schizolobium parahyba (planted) -- 9 Hymenaea courbaril (planted) -- 3 Senna alata (planted) -- 3 Guazuma ulmifolia (planted) -- 1 Apeiba tibourbou (planted) -- 4 Sapindus saponaria (planted) -- 9 Enterolobium contortisiliquum (planted) -- 75 Bixa orellana (planted)",NA,NA
100246,"y0",NA," -- 2 Anacardium occidentale (planted) -- 9 Apeiba tibourbou (planted) -- 141 Bixa orellana (planted) -- 33 Byrsonima cydoniifolia (planted) -- 2 Enterolobium contortisiliquum (planted) -- 1 Guazuma ulmifolia (planted) -- 17 Hymenaea courbaril (planted) -- 37 Joannesia princeps (planted) -- 2 Psidium guajava (planted) -- 1 Schizolobium parahyba (planted)",NA,NA
100247,"y0",NA," -- 26 Joannesia princeps (planted) -- 1 Spondias mombin (planted) -- 3 Anacardium occidentale (planted) -- 1 Psidium guajava (planted) -- 10 Hymenaea courbaril (planted) -- 2 Senna alata (planted) -- 19 Byrsonima cydoniifolia (planted) -- 4 Apeiba tibourbou (planted) -- 7 Sapindus saponaria (planted) -- 2 Enterolobium contortisiliquum (planted) -- 142 Bixa orellana (planted)",NA,NA
100248,"y0",NA," -- 29 Joannesia princeps (planted) -- 1 Spondias mombin (planted) -- 8 Anacardium occidentale (planted) -- 1 Schizolobium parahyba (planted) -- 25 Hymenaea courbaril (planted) -- 1 Senna alata (planted) -- 3 Byrsonima cydoniifolia (planted) -- 1 Guazuma ulmifolia (planted) -- 7 Apeiba tibourbou (planted) -- 4 Sapindus saponaria (planted) -- 9 Enterolobium contortisiliquum (planted) -- 304 Bixa orellana (planted)",NA,NA
100249,"y0",NA," -- 10 Joannesia princeps (planted) -- 2 Anacardium occidentale (planted) -- 10 Hymenaea courbaril (planted) -- 1 Senna alata (planted) -- 2 Guazuma ulmifolia (planted) -- 1 Apeiba tibourbou (planted) -- 1 Sapindus saponaria (planted) -- 1 Enterolobium contortisiliquum (planted) -- 57 Bixa orellana (planted)",NA,NA
100250,"y0",NA," -- 7 Joannesia princeps (planted) -- 4 Anacardium occidentale (planted) -- 4 Schizolobium parahyba (planted) -- 11 Hymenaea courbaril (planted) -- 6 Senna alata (planted) -- 4 Byrsonima cydoniifolia (planted) -- 4 Guazuma ulmifolia (planted) -- 3 Apeiba tibourbou (planted) -- 28 Enterolobium contortisiliquum (planted) -- 150 Bixa orellana (planted)"," -- 6 Handroanthus chrysotrichus (present)",NA
100251,"y0",NA," -- 5 Joannesia princeps (planted) -- 9 Anacardium occidentale (planted) -- 8 Schizolobium parahyba (planted) -- 17 Hymenaea courbaril (planted) -- 4 Senna alata (planted) -- 5 Byrsonima cydoniifolia (planted) -- 11 Guazuma ulmifolia (planted) -- 6 Apeiba tibourbou (planted) -- 2 Sapindus saponaria (planted) -- 17 Enterolobium contortisiliquum (planted) -- 165 Bixa orellana (planted)",NA,NA
100252,"y0",NA," -- 214 Bixa orellana (planted) -- 2 Enterolobium contortisiliquum (planted) -- 8 Apeiba tibourbou (planted) -- 1 Ormosia arborea (planted) -- 6 Guazuma ulmifolia (planted) -- 14 Byrsonima cydoniifolia (planted) -- 2 Senna alata (planted) -- 28 Hymenaea courbaril (planted) -- 3 Schizolobium parahyba (planted) -- 6 Anacardium occidentale (planted) -- 1 Spondias mombin (planted) -- 9 Joannesia princeps (planted)",NA,NA
100253,"y0",NA," -- 11 Joannesia princeps (planted) -- 8 Anacardium occidentale (planted) -- 23 Hymenaea courbaril (planted) -- 3 Senna alata (planted) -- 5 Byrsonima cydoniifolia (planted) -- 3 Guazuma ulmifolia (planted) -- 2 Apeiba tibourbou (planted) -- 6 Enterolobium contortisiliquum (planted) -- 47 Bixa orellana (planted)",NA,NA
100254,"y0",NA," -- 20 Joannesia princeps (planted) -- 3 Anacardium occidentale (planted) -- 1 Psidium guajava (planted) -- 2 Schizolobium parahyba (planted) -- 6 Hymenaea courbaril (planted) -- 4 Senna alata (planted) -- 12 Byrsonima cydoniifolia (planted) -- 9 Guazuma ulmifolia (planted) -- 9 Apeiba tibourbou (planted) -- 4 Enterolobium contortisiliquum (planted) -- 302 Bixa orellana (planted)",NA,NA
100255,"y0",NA," -- 6 Joannesia princeps (planted) -- 6 Anacardium occidentale (planted) -- 1 Schizolobium parahyba (planted) -- 10 Hymenaea courbaril (planted) -- 2 Senna alata (planted) -- 18 Byrsonima cydoniifolia (planted) -- 2 Guazuma ulmifolia (planted) -- 2 Apeiba tibourbou (planted) -- 4 Enterolobium contortisiliquum (planted) -- 118 Bixa orellana (planted)",NA,NA
