"name","label","org_id","taxon_id"
"Alnus elliptica","Alnus elliptica","ACT","wfo-0000944802"
"Betula pubescens","Betula pubescens","ACT","wfo-0000335985"
"Corylus avellana","Corylus avellana","ACT","wfo-0000925259"
"Crataegus monogyna","Crataegus monogyna","ACT","wfo-0001009785"
"Other or don't know","Other or don't know","ACT",
"Prunus spinosa","Prunus spinosa","ACT","wfo-0001007437"
"Quercus petraea","Quercus petraea","ACT","wfo-0000292459"
"Salix cinerea","Salix cinerea","ACT","wfo-0000929149"
"Sorbus aucuparia subsp. aucuparia","Sorbus aucuparia subsp. aucuparia","ACT","wfo-0000984418"
"Ulmus glabra","Ulmus glabra","ACT","wfo-0000416717"
"Abrahamia ditimena","Abrahamia ditimena","AMA","wfo-0001277939"
"Abrahamia grandidieri","Abrahamia grandidieri","AMA","wfo-0001278404"
"Albizia adianthifolia","Albizia adianthifolia","AMA","wfo-0000179990"
"Albizia gummifera","Albizia gummifera","AMA","wfo-0000183535"
"Albizia lebbeck","Albizia lebbeck","AMA","wfo-0000184271"
"Albizia perrieri","Albizia perrieri","AMA","wfo-0000196067"
"Aloe purpurea","Aloe purpurea","AMA","wfo-0000758722"
"Androya decaryi","Androya decaryi","AMA","wfo-0000534968"
"Annona muricata","Annona muricata","AMA","wfo-0000537848"
"Annona squamosa","Annona squamosa","AMA","wfo-0000537947"
"Antidesma madagascariense","Antidesma madagascariense","AMA","wfo-0000237209"
"Aphloia theiformis","Aphloia theiformis","AMA","wfo-0000540357"
"Artabotrys madagascariensis","Artabotrys madagascariensis","AMA","wfo-0000549808"
"Artocarpus altilis","Artocarpus altilis","AMA","wfo-0000550425"
"Artocarpus heterophyllus","Artocarpus heterophyllus","AMA","wfo-0000550491"
"Asplenium pellucidum","Asplenium pellucidum","AMA","wfo-0001108076"
"Asteropeia micraster","Asteropeia micraster","AMA","wfo-0000292575"
"Baronia taratana","Baronia taratana","AMA","wfo-0000560675"
"Baudouinia flueggeiformis","Baudouinia flueggeiformis","AMA","wfo-0000195768"
"Brachylaena elliptica","Brachylaena elliptica","AMA","wfo-0000126043"
"Brachylaena perrieri","Brachylaena perrieri","AMA","wfo-0000083845"
"Brachylaena ramiflora","Brachylaena ramiflora","AMA","wfo-0000060728"
"Cajanus cajan","Cajanus cajan","AMA","wfo-0000179103"
"Calophyllum inophyllum","Calophyllum inophyllum","AMA","wfo-0000581184"
"Canarium boivinii","Canarium boivinii","AMA","wfo-0000583459"
"Carica papaya","Carica papaya","AMA","wfo-0000588009"
"Citrus aurantiifolia","Citrus aurantiifolia","AMA","wfo-0001242548"
"Citrus x aurantium","Citrus x aurantium","AMA","wfo-0000607909"
"Cnestis polyphylla","Cnestis polyphylla","AMA","wfo-0000612730"
"Coffea arabica","Coffea arabica","AMA","wfo-0000910097"
"Coffea canephora","Coffea canephora","AMA","wfo-0000910571"
"Coffea mangoroensis","Coffea mangoroensis","AMA","wfo-0000911440"
"Coffea millotii","Coffea millotii","AMA","wfo-0000911584"
"Coffea richardii","Coffea richardii","AMA","wfo-0000912158"
"Combretum coccineum","Combretum coccineum","AMA","wfo-0000616187"
"Combretum molle","Combretum molle","AMA","wfo-0000616553"
"Crateva excelsa","Crateva excelsa","AMA","wfo-0000625694"
"Crotalaria berteroana","Crotalaria berteroana","AMA","wfo-0000174063"
"Cryptocarya agathophylla","Cryptocarya agathophylla","AMA","wfo-0000508937"
"Dianella ensifolia","Dianella ensifolia","AMA","wfo-0000765197"
"Dichrostachys cinerea","Dichrostachys cinerea","AMA","wfo-0000176871"
"Diospyros","Diospyros","AMA","wfo-4000011857"
"Diospyros kaki","Diospyros kaki","AMA","wfo-0000649136"
"Diospyros perrieri","Diospyros perrieri","AMA","wfo-0000649521"
"Dodonaea madagascariensis","Dodonaea madagascariensis","AMA","wfo-0000653083"
"Dracaena angustifolia","Dracaena angustifolia","AMA","wfo-0000765665"
"Dracaena reflexa","Dracaena reflexa","AMA","wfo-0000765906"
"Entada chrysostachys","Entada chrysostachys","AMA","wfo-0000211417"
"Entada louvelii","Entada louvelii","AMA","wfo-0000195892"
"Erica baroniana","Erica baroniana","AMA","wfo-0000671481"
"Erica madagascariensis","Erica madagascariensis","AMA","wfo-0000672547"
"Eriobotrya japonica","Eriobotrya japonica","AMA","wfo-0000986002"
"Erythroxylum sphaeranthum","Erythroxylum sphaeranthum","AMA","wfo-0000680115"
"Eucalyptus camaldulensis","Eucalyptus camaldulensis","AMA","wfo-0000954597"
"Eucalyptus robusta","Eucalyptus robusta","AMA","wfo-0000955809"
"Eugenia cloiselii","Eugenia cloiselii","AMA","wfo-0000956851"
"Euphorbia tetraptera","Euphorbia tetraptera","AMA","wfo-0000965083"
"Ficus benjamina","Ficus benjamina","AMA","wfo-0000687511"
"Ficus lutea","Ficus lutea","AMA","wfo-0000689147"
"Ficus marmorata","Ficus marmorata","AMA","wfo-0000689240"
"Ficus polita","Ficus polita","AMA","wfo-0001084781"
"Ficus reflexa","Ficus reflexa","AMA","wfo-0000690015"
"Ficus tiliifolia","Ficus tiliifolia","AMA","wfo-0000690608"
"Gambeya boiviniana","Gambeya boiviniana","AMA","wfo-0000970694"
"Grevillea robusta","Grevillea robusta","AMA","wfo-0000709544"
"Grewia baillonii","Grewia baillonii","AMA","wfo-0000709754"
"Harungana madagascariensis","Harungana madagascariensis","AMA","wfo-0000716096"
"Hymenaea verrucosa","Hymenaea verrucosa","AMA","wfo-0000168651"
"Ilex mitis","Ilex mitis","AMA","wfo-0000729632"
"Intsia bijuga","Intsia bijuga","AMA","wfo-0000168901"
"Intsia bijuga var. bijuga","Intsia bijuga var. bijuga","AMA","wfo-0000203558"
"Jatropha curcas","Jatropha curcas","AMA","wfo-0000219580"
"Leea guineensis","Leea guineensis","AMA","wfo-0001145321"
"Litchi chinensis","Litchi chinensis","AMA","wfo-0000446283"
"Lupinus albifrons","Lupinus albifrons","AMA","wfo-0000174684"
"Macaranga obovata","Macaranga obovata","AMA","wfo-0000232134"
"Maesa lanceolata","Maesa lanceolata","AMA","wfo-0000448927"
"Malus","Malus","AMA","wfo-4000022982"
"Malus domestica","Malus domestica","AMA","wfo-0001008355"
"Mangifera indica","Mangifera indica","AMA","wfo-0000371248"
"Melia azedarach","Melia azedarach","AMA","wfo-0000450150"
"Melicope pteleifolia","Melicope pteleifolia","AMA","wfo-0001261499"
"Mimosa pudica","Mimosa pudica","AMA","wfo-0000165372"
"Moringa oleifera","Moringa oleifera","AMA","wfo-0001085051"
"Morus alba","Morus alba","AMA","wfo-0000447905"
"Mystroxylon aethiopicum","Mystroxylon aethiopicum","AMA","wfo-0000376745"
"Nuxia capitata","Nuxia capitata","AMA","wfo-0000797416"
"Orfilea coriacea","Orfilea coriacea","AMA","wfo-0000260514"
"Other or don't know","Other or don't know","AMA",
"Pauridiantha paucinervis","Pauridiantha paucinervis","AMA","wfo-0000265047"
"Persea americana","Persea americana","AMA","wfo-0000465160"
"Petchia cryptophlebia","Petchia cryptophlebia","AMA","wfo-0000267786"
"Phyllarthron schatzii","Phyllarthron schatzii","AMA","wfo-0001315851"
"Pinus patula","Pinus patula","AMA","wfo-0000481882"
"Piper borbonense","Piper borbonense","AMA","wfo-0001093487"
"Piper nigrum","Piper nigrum","AMA","wfo-0000486494"
"Pittosporum ochrosiifolium","Pittosporum ochrosiifolium","AMA","wfo-0001094621"
"Prunus africana","Prunus africana","AMA","wfo-0000995790"
"Prunus persica","Prunus persica","AMA","wfo-0001005418"
"Psiadia altissima","Psiadia altissima","AMA","wfo-1000043685"
"Psidium guajava","Psidium guajava","AMA","wfo-0000284421"
"Pterophylla decora","Pterophylla decora","AMA","wfo-1000028600"
"Punica granatum","Punica granatum","AMA","wfo-0000468843"
"Rosa richardii","Rosa richardii","AMA","wfo-0000987564"
"Rothmannia","Rothmannia","AMA","wfo-4000033527"
"Rothmannia capensis","Rothmannia capensis","AMA","wfo-0000298219"
"Rourea orientalis","Rourea orientalis","AMA","wfo-0001296543"
"Schinus terebinthifolia","Schinus terebinthifolia","AMA","wfo-0000435152"
"Sclerocarya birrea","Sclerocarya birrea","AMA","wfo-0000434908"
"Scolopia madagascariensis","Scolopia madagascariensis","AMA","wfo-0001063032"
"Senna tora","Senna tora","AMA","wfo-0000165011"
"Spondias dulcis","Spondias dulcis","AMA","wfo-0000435462"
"Streblus dimepate","Streblus dimepate","AMA","wfo-0001084938"
"Streblus mauritianus","Streblus mauritianus","AMA","wfo-0000505943"
"Symphonia urophylla","Symphonia urophylla","AMA","wfo-0001295866"
"Syzygium aromaticum","Syzygium aromaticum","AMA","wfo-0000318267"
"Syzygium guineense","Syzygium guineense","AMA","wfo-0000318724"
"Syzygium onivense","Syzygium onivense","AMA","wfo-0000319123"
"Tachiadenus platypterus","Tachiadenus platypterus","AMA","wfo-0001063494"
"Tamarindus indica","Tamarindus indica","AMA","wfo-0000170926"
"Tambourissa madagascariensis","Tambourissa madagascariensis","AMA","wfo-0001084523"
"Tambourissa purpurea","Tambourissa purpurea","AMA","wfo-0001084531"
"Thecacoris cometia","Thecacoris cometia","AMA","wfo-0000322776"
"Thilachium angustifolium","Thilachium angustifolium","AMA","wfo-0001290412"
"Thilachium sumangui","Thilachium sumangui","AMA","wfo-0001290417"
"Tina apiculata","Tina apiculata","AMA","wfo-0001135055"
"Trachylobium homemannianum","Trachylobium homemannianum","AMA","wfo-0000414154"
"Trema humbertii","Trema humbertii","AMA","wfo-0000457795"
"Trema orientalis","Trema orientalis","AMA","wfo-0000457758"
"Uapaca thouarsii","Uapaca thouarsii","AMA","wfo-0000329115"
"Urochloa brizantha","Urochloa brizantha","AMA","wfo-0000906798"
"Vanilla planifolia","Vanilla planifolia","AMA","wfo-0000331533"
"Vitex betsiliensis","Vitex betsiliensis","AMA","wfo-0000332968"
"Vitis vinifera","Vitis vinifera","AMA","wfo-0000421791"
"Voacanga thouarsii","Voacanga thouarsii","AMA","wfo-0000333650"
"Acacia","Acacia","AMB","wfo-4000000074"
"Acacia sp.","Acacia sp. (Acacia)","AMB","wfo-4000000074"
"Andira inermis","Andira inermis (Cabbage bark, macaulis)","AMB","wfo-0000171592"
"Annona purpurea","Annona purpurea (Soncoya)","AMB","wfo-0000537901"
"Annona reticulata","Annona reticulata (Anona colorada, chirimoya colorada)","AMB","wfo-0000537905"
"Artocarpus heterophyllus","Artocarpus heterophyllus (Jackfruit, yaca)","AMB","wfo-0000550491"
"Bauhinia","Bauhinia","AMB","wfo-4000004242"
"Bauhinia sp.","Bauhinia sp. (Pata de vaca)","AMB","wfo-4000004242"
"Bursera simaruba","Bursera simaruba (Palo mulato, chacá)","AMB","wfo-0000576316"
"Byrsonima crassifolia","Byrsonima crassifolia (Nanche)","AMB","wfo-0000576794"
"Calycophyllum candidissimum","Calycophyllum candidissimum (Madroño)","AMB","wfo-0000782062"
"Casearia corymbosa","Casearia corymbosa (Huesito)","AMB","wfo-0000923916"
"Cecropia obtusifolia","Cecropia obtusifolia (Guarumbo)","AMB","wfo-0000592286"
"Cedrela odorata","Cedrela odorata (Cedro rojo)","AMB","wfo-0000592446"
"Ceiba","Ceiba","AMB","wfo-4000007120"
"Ceiba aesculifolia","Ceiba aesculifolia (Pochote)","AMB","wfo-0000592562"
"Ceiba sp.","Ceiba sp. (Ceiba)","AMB","wfo-4000007120"
"Citrus latifolia","Citrus latifolia (Limón persa)","AMB","wfo-0000608096"
"Citrus paradisi","Citrus paradisi (Toronja)","AMB","wfo-0000607909"
"Citrus sinensis","Citrus sinensis (Naranja dulce)","AMB","wfo-0000607909"
"Citrus x aurantium","Citrus x aurantium","AMB","wfo-0000607909"
"Coccoloba","Coccoloba","AMB","wfo-4000008721"
"Coccoloba sp.","Coccoloba sp. (Uvero)","AMB","wfo-4000008721"
"Cochlospermum vitifolium","Cochlospermum vitifolium (Pochote amarillo)","AMB","wfo-0000902633"
"Coffea arabica","Coffea arabica (Café)","AMB","wfo-0000910097"
"Cojoba arborea","Cojoba arborea (Cojoba)","AMB","wfo-0000171255"
"Cordia alliodora","Cordia alliodora (Laurel)","AMB","wfo-0000620227"
"Curatella americana","Curatella americana (Chaparro)","AMB","wfo-0000630847"
"Dendropanax arboreus","Dendropanax arboreus (Mano de león)","AMB","wfo-0000941578"
"Diphysa americana","Diphysa americana (Guachipelín)","AMB","wfo-0000210419"
"Enterolobium cyclocarpum","Enterolobium cyclocarpum (Guanacaste, parota)","AMB","wfo-0000194821"
"Erythrina americana","Erythrina americana (Colorín)","AMB","wfo-0000165879"
"Eysenhardtia adenostylis","Eysenhardtia adenostylis (Palo dulce)","AMB","wfo-0000165914"
"Ficus insipida","Ficus insipida (Higuerón)","AMB","wfo-0000688819"
"Gliricidia sepium","Gliricidia sepium (Madreado, mata ratón)","AMB","wfo-0000178022"
"Godmania aesculifolia","Godmania aesculifolia (Tecojote amarillo)","AMB","wfo-0000782366"
"Goetzea elegans","Goetzea elegans (Mata buey)","AMB","wfo-0001021698"
"Guarea guidonia","Guarea guidonia (Cedrillo)","AMB","wfo-0000710909"
"Guazuma ulmifolia","Guazuma ulmifolia (Guácimo)","AMB","wfo-0000711645"
"Hymenaea courbaril","Hymenaea courbaril (Jatobá, guapinol)","AMB","wfo-0000168642"
"Inga","Inga","AMB","wfo-4000019086"
"Inga flexuosa","Inga flexuosa (Guamo)","AMB","wfo-0000175887"
"Inga laurina","Inga laurina (Cuajinicuil)","AMB","wfo-0000183520"
"Inga vera","Inga vera (Guamo, jinicuil)","AMB","wfo-4000019086"
"Lafoensia punicifolia","Lafoensia punicifolia (Guayabillo)","AMB","wfo-0000366823"
"Leucaena leucocephala","Leucaena leucocephala (Guaje)","AMB","wfo-0000164084"
"Lonchocarpus rugosus","Lonchocarpus rugosus (Chaperno)","AMB","wfo-0000173735"
"Luehea speciosa","Luehea speciosa (Guácimo blanco)","AMB","wfo-0000445127"
"Lysiloma acapulcense","Lysiloma acapulcense (Tepemezquite)","AMB","wfo-0000174677"
"Mangifera indica","Mangifera indica (Mango)","AMB","wfo-0000371248"
"Microdesmia arborea","Microdesmia arborea (Icaco de monte)","AMB","wfo-0001356658"
"Muntingia calabura","Muntingia calabura (Capulín, cereza jamaicana)","AMB","wfo-0000451606"
"Nectandra membranacea","Nectandra membranacea (Laurel)","AMB","wfo-0000379095"
"Ochroma pyramidale","Ochroma pyramidale (Balsa)","AMB","wfo-0000390582"
"Other or don't know","Other or don't know","AMB",
"Parmentiera aculeata","Parmentiera aculeata (Cuajilote)","AMB","wfo-0000779463"
"Persea americana","Persea americana (Aguacate)","AMB","wfo-0000465160"
"Pinus oocarpa","Pinus oocarpa (Ocote, pino ocote)","AMB","wfo-0000481733"
"Piper auritum","Piper auritum (Hoja santa)","AMB","wfo-0000479549"
"Piscidia","Piscidia","AMB","wfo-4000029879"
"Piscidia piscipula","Piscidia piscipula (Jabín)","AMB","wfo-4000029879"
"Platymiscium yucatanum","Platymiscium yucatanum (Granadillo)","AMB","wfo-0000169448"
"Plumeria obtusa","Plumeria obtusa (Flor de mayo, Frangipani)","AMB","wfo-0000279164"
"Poeppigia procera","Poeppigia procera (Cola de pava)","AMB","wfo-0000174236"
"Prunus oocarpa","Prunus oocarpa","AMB","wfo-0000995786"
"Prunus serotina var. salicifolia","Prunus serotina var. salicifolia (Capulín)","AMB","wfo-0001006722"
"Psidium guajava","Psidium guajava (Guayaba)","AMB","wfo-0000284421"
"Quercus","Quercus","AMB","wfo-4000032377"
"Quercus oleoides","Quercus oleoides (Encino)","AMB","wfo-4000032377"
"Quercus robur","Quercus robur","AMB","wfo-0000292858"
"Quercus sp.","Quercus sp. (Encino, Roble)","AMB","wfo-0000292254"
"Randia","Randia","AMB","wfo-4000032531"
"Randia aculeata","Randia aculeata (Crucetillo)","AMB","wfo-4000032531"
"Roseodendron donnell-smithii","Roseodendron donnell-smithii (Primavera)","AMB","wfo-0000779516"
"Sapindus saponaria","Sapindus saponaria (Jaboncillo)","AMB","wfo-0000493168"
"Spondias mombin","Spondias mombin (Jobo)","AMB","wfo-0000435470"
"Swietenia humilis","Swietenia humilis (Caoba)","AMB","wfo-0000505132"
"Tabebuia","Tabebuia","AMB","wfo-4000037392"
"Tabebuia rosea","Tabebuia rosea (Macuilís, roble rosa)","AMB","wfo-4000037392"
"Tabebuia sp.","Tabebuia sp. (Roble, macuilís)","AMB","wfo-0000780302"
"Tabernaemontana divaricata","Tabernaemontana divaricata (Jazmín de la India)","AMB","wfo-0000319835"
"Tamarix gallica","Tamarix gallica (Taray)","AMB","wfo-0000458614"
"Trema micranthum","Trema micranthum (Capulín cimarrón, ixpepe)","AMB","wfo-0000457786"
"Trichilia americana","Trichilia americana (Cedrillo)","AMB","wfo-0000455569"
"Vachellia cornigera","Vachellia cornigera (Cornizuelo, acacia cornuda)","AMB","wfo-0001277425"
"Aegiphila","Aegiphila","AND","wfo-4000000756"
"Aegiphila sp.","Aegiphila sp.","AND","wfo-4000000756"
"Alnus acuminata","Alnus acuminata","AND","wfo-0000944034"
"Baccharis macrantha","Baccharis macrantha","AND","wfo-0000090320"
"Buddleja montana","Buddleja montana","AND","wfo-0000574160"
"Cedrela","Cedrela","AND","wfo-4000007110"
"Cedrela sp.","Cedrela sp.","AND","wfo-4000007110"
"Chionanthus pubescens","Chionanthus pubescens","AND","wfo-0000830209"
"Clusia alata","Clusia alata","AND","wfo-0000612086"
"Croton","Croton","AND","wfo-4000009788"
"Croton sp.","Croton sp.","AND","wfo-4000009788"
"Delostoma integrifolium","Delostoma integrifolium","AND","wfo-0000782137"
"Eleutheranthera","Eleutheranthera","AND","wfo-4000013191"
"Eleutheranthera sp.","Eleutheranthera sp.","AND","wfo-4000013191"
"Escallonia myrtilloides","Escallonia myrtilloides","AND","wfo-0000680307"
"Escallonia pendula","Escallonia pendula","AND","wfo-0000680319"
"Escallonia resinosa","Escallonia resinosa","AND","wfo-0000680341"
"Eugenia uniflora","Eugenia uniflora","AND","wfo-0000959411"
"Grosvenoria rimbachii","Grosvenoria rimbachii","AND","wfo-0000125739"
"Gynoxys acostae","Gynoxys acostae","AND","wfo-0000120854"
"Gynoxys buxifolia","Gynoxys buxifolia","AND","wfo-0000051840"
"Gynoxys pachyphylla","Gynoxys pachyphylla","AND","wfo-0000002822"
"Gynoxys pillahuatensis","Gynoxys pillahuatensis","AND","wfo-0000026243"
"Hedyosmum","Hedyosmum","AND","wfo-4000017140"
"Hedyosmum sp.","Hedyosmum sp.","AND","wfo-4000017140"
"Hieronyma sp.","Hieronyma sp.","AND","wfo-4000047057"
"Hyeronima","Hyeronima","AND","wfo-4000047057"
"Inga densiflora","Inga densiflora","AND","wfo-0000165257"
"Inga insignis","Inga insignis","AND","wfo-0000165296"
"Mimosa quitensis","Mimosa quitensis","AND","wfo-0000169816"
"Morella pubescens","Morella pubescens","AND","wfo-0000447468"
"Myrcianthes hallii","Myrcianthes hallii","AND","wfo-0000248026"
"Myrcianthes leucoxyla","Myrcianthes leucoxyla","AND","wfo-0000248033"
"Myrcianthes rhopaloides","Myrcianthes rhopaloides","AND","wfo-0000248052"
"Myrica pubescens","Myrica pubescens","AND","wfo-0000447468"
"Oreopanax ecuadoriensis","Oreopanax ecuadoriensis","AND","wfo-0000260300"
"Other or don't know","Other or don't know","AND",
"Podocarpus oleifolius","Podocarpus oleifolius","AND","wfo-0000485135"
"Polylepis hieronymi","Polylepis hieronymi","AND","wfo-0001004605"
"Polylepis incana","Polylepis incana","AND","wfo-0000989076"
"Polylepis lanata","Polylepis lanata","AND","wfo-0001015011"
"Polylepis microphylla","Polylepis microphylla","AND","wfo-0000989110"
"Polylepis ochreata","Polylepis ochreata","AND","wfo-0000989065"
"Polylepis pauta","Polylepis pauta","AND","wfo-0000989113"
"Polylepis reticulata","Polylepis reticulata","AND","wfo-0000989115"
"Polylepis rodolfo-vasquezii","Polylepis rodolfo-vasquezii","AND","wfo-0001356722"
"Polylepis sacra","Polylepis sacra","AND","wfo-1000059550"
"Polylepis serrata","Polylepis serrata","AND","wfo-0000989117"
"Polylepis subsericans","Polylepis subsericans","AND","wfo-0001004653"
"Polylepis weberbaueri","Polylepis weberbaueri","AND","wfo-0000989121"
"Prunus serotina","Prunus serotina","AND","wfo-0000995988"
"Schefflera","Schefflera","AND","wfo-4000034296"
"Schefflera sp.","Schefflera sp.","AND","wfo-4000034296"
"Schinus molle","Schinus molle","AND","wfo-0000435157"
"Siphocampylus giganteus","Siphocampylus giganteus","AND","wfo-0000818772"
"Tara spinosa","Tara spinosa","AND","wfo-0000183619"
"Tecoma stans","Tecoma stans","AND","wfo-0000779838"
"Vachellia macracantha","Vachellia macracantha","AND","wfo-0001277441"
"Vallea stipularis","Vallea stipularis","AND","wfo-0000425425"
"Annona muricata","Annona muricata (Guanábana)","BSE","wfo-0000537848"
"Cedrela odorata","Cedrela odorata (Cedro rojo (Cedro))","BSE","wfo-0000592446"
"Citrus latifolia","Citrus latifolia (Limón persa)","BSE","wfo-0000608096"
"Coffea arabica","Coffea arabica (Café arábigo (Café))","BSE","wfo-0000910097"
"Gliricidia sepium","Gliricidia sepium (Madreado / Madero negro)","BSE","wfo-0000178022"
"Leucaena leucocephala","Leucaena leucocephala (Guaje)","BSE","wfo-0000164084"
"Other or don't know","Other or don't know","BSE",
"Psidium guajava","Psidium guajava (Guayaba)","BSE","wfo-0000284421"
"Swietenia humilis","Swietenia humilis (Caobilla)","BSE","wfo-0000505132"
"Tabebuia rosea","Tabebuia rosea (Macuilís / Roble de sabana)","BSE","wfo-0000780302"
"Brosimum alicastrum","Brosimum alicastrum (Ramón, Ojoche)","BSO","wfo-0000572378"
"Bursera simaruba","Bursera simaruba (Chacá, Palo mulato)","BSO","wfo-0000576316"
"Cedrela odorata","Cedrela odorata (Cedro rojo)","BSO","wfo-0000592446"
"Coffea arabica","Coffea arabica (Café arábigo)","BSO","wfo-0000910097"
"Cordia alliodora","Cordia alliodora (Laurel)","BSO","wfo-0000620227"
"Diphysa americana","Diphysa americana (Guachipilín)","BSO","wfo-0000210419"
"Enterolobium cyclocarpum","Enterolobium cyclocarpum (Guanacaste, Parota)","BSO","wfo-0000194821"
"Gliricidia sepium","Gliricidia sepium (Madreado, Madero negro)","BSO","wfo-0000178022"
"Other or don't know","Other or don't know","BSO",
"Roseodendron donnell-smithii","Roseodendron donnell-smithii (Primavera)","BSO","wfo-0000779516"
"Swietenia humilis","Swietenia humilis (Caobilla)","BSO","wfo-0000505132"
"Swietenia macrophylla","Swietenia macrophylla (Caoba)","BSO","wfo-0000505131"
"Tabebuia rosea","Tabebuia rosea (Macuilís, Roble de sabana)","BSO","wfo-0000780302"
"Brosimum alicastrum","Brosimum alicastrum (Ramón, Ojoche)","BTR","wfo-0000572378"
"Cedrela odorata","Cedrela odorata (Cedro rojo)","BTR","wfo-0000592446"
"Coffea arabica","Coffea arabica (Café arábigo, Café)","BTR","wfo-0000910097"
"Cordia alliodora","Cordia alliodora (Laurel)","BTR","wfo-0000620227"
"Cupressus","Cupressus","BTR","wfo-4000010075"
"Cupressus sp.","Cupressus sp. (Ciprés)","BTR","wfo-4000010075"
"Diphysa americana","Diphysa americana (Guachipilín)","BTR","wfo-0000210419"
"Gliricidia sepium","Gliricidia sepium (Madreado, Madero negro)","BTR","wfo-0000178022"
"Leucaena leucocephala","Leucaena leucocephala (Guaje)","BTR","wfo-0000164084"
"Other or don't know","Other or don't know","BTR",
"Pinus oocarpa","Pinus oocarpa (Pino ocote, Ocote)","BTR","wfo-0000481733"
"Roseodendron donnell-smithii","Roseodendron donnell-smithii (Primavera)","BTR","wfo-0000779516"
"Spondias mombin","Spondias mombin (Jobo)","BTR","wfo-0000435470"
"Tabebuia rosea","Tabebuia rosea (Macuilís, Roble de sabana)","BTR","wfo-0000780302"
"Theobroma cacao","Theobroma cacao (Cacao)","BTR","wfo-0000458440"
"Alnus acuminata","Alnus acuminata (Aliso, Aile)","BVT","wfo-0000944034"
"Coffea arabica","Coffea arabica (Café arábigo, Café)","BVT","wfo-0000910097"
"Inga","Inga","BVT","wfo-4000019086"
"Inga flexuosa","Inga flexuosa (Chalum)","BVT","wfo-0000175887"
"Inga vera","Inga vera (Chalum)","BVT","wfo-4000019086"
"Other or don't know","Other or don't know","BVT",
"Pinus ayacahuite","Pinus ayacahuite (Pino ayacahuite, Ayacahuite)","BVT","wfo-0000482292"
"Achatocarpus nigricans","Achatocarpus nigricans","CAF","wfo-0000515939"
"Achatocarpus nigricans","Achatocarpus nigricans (Escobillo)","CAF","wfo-0000515939"
"Alnus glutinosa","Alnus glutinosa","CAF","wfo-0000945215"
"Alnus glutinosa","Alnus glutinosa (Aliso europeo)","CAF","wfo-0000945215"
"Annona muricata","Annona muricata","CAF","wfo-0000537848"
"Annona muricata","Annona muricata (Guanábana)","CAF","wfo-0000537848"
"Byrsonima crassifolia","Byrsonima crassifolia","CAF","wfo-0000576794"
"Byrsonima crassifolia","Byrsonima crassifolia (Nanche)","CAF","wfo-0000576794"
"Casimiroa edulis","Casimiroa edulis","CAF","wfo-0000589005"
"Casimiroa edulis","Casimiroa edulis (Zapote blanco)","CAF","wfo-0000589005"
"Castanea sativa","Castanea sativa","CAF","wfo-0000812271"
"Castanea sativa","Castanea sativa (Castaño)","CAF","wfo-0000812271"
"Cecropia obtusifolia","Cecropia obtusifolia","CAF","wfo-0000592286"
"Cecropia obtusifolia","Cecropia obtusifolia (Guarumbo)","CAF","wfo-0000592286"
"Cedrela odorata","Cedrela odorata","CAF","wfo-0000592446"
"Cedrela odorata","Cedrela odorata (Cedro rojo)","CAF","wfo-0000592446"
"Celtis laevigata","Celtis laevigata","CAF","wfo-0000593589"
"Celtis laevigata","Celtis laevigata (Almez)","CAF","wfo-0000593589"
"Celtis lindheimeri","Celtis lindheimeri","CAF","wfo-0000593611"
"Celtis lindheimeri","Celtis lindheimeri (Granjeno)","CAF","wfo-0000593611"
"Chamaedorea tepejilote","Chamaedorea tepejilote","CAF","wfo-0000839378"
"Chamaedorea tepejilote","Chamaedorea tepejilote (Tepejilote)","CAF","wfo-0000839378"
"Chiranthodendron pentadactylon","Chiranthodendron pentadactylon","CAF","wfo-0000602317"
"Chiranthodendron pentadactylon","Chiranthodendron pentadactylon (Flor de manita)","CAF","wfo-0000602317"
"Cinnamomum verum","Cinnamomum verum","CAF","wfo-0000605512"
"Cinnamomum verum","Cinnamomum verum (Canela)","CAF","wfo-0000605512"
"Citrus aurantiifolia","Citrus aurantiifolia","CAF","wfo-0001242548"
"Citrus aurantiifolia","Citrus aurantiifolia (Limón criollo)","CAF","wfo-0001242548"
"Citrus limon","Citrus limon","CAF","wfo-0001133139"
"Citrus limon","Citrus limon (Limón)","CAF","wfo-0001133139"
"Citrus paradisi","Citrus paradisi (Toronja)","CAF","wfo-0000607909"
"Citrus reticulata","Citrus reticulata (Mandarina)","CAF","wfo-0000607909"
"Citrus sinensis","Citrus sinensis (Naranja dulce)","CAF","wfo-0000607909"
"Citrus x aurantium","Citrus x aurantium","CAF","wfo-0000607909"
"Clethra mexicana","Clethra mexicana","CAF","wfo-0000889388"
"Clethra mexicana","Clethra mexicana (Aguacatillo)","CAF","wfo-0000889388"
"Clusia flava","Clusia flava","CAF","wfo-0000612212"
"Clusia flava","Clusia flava (Clusia)","CAF","wfo-0000612212"
"Coffea arabica","Coffea arabica","CAF","wfo-0000910097"
"Coffea arabica","Coffea arabica (Café)","CAF","wfo-0000910097"
"Coulteria platyloba","Coulteria platyloba","CAF","wfo-0001039846"
"Coulteria platyloba","Coulteria platyloba (Cascalote)","CAF","wfo-0001039846"
"Crescentia cujete","Crescentia cujete","CAF","wfo-0000782030"
"Crescentia cujete","Crescentia cujete (Jícara)","CAF","wfo-0000782030"
"Croton draco","Croton draco","CAF","wfo-0000927862"
"Croton draco","Croton draco (Sangre de drago)","CAF","wfo-0000927862"
"Diphysa americana","Diphysa americana","CAF","wfo-0000210419"
"Diphysa americana","Diphysa americana (Guachipelín)","CAF","wfo-0000210419"
"Eriobotrya japonica","Eriobotrya japonica","CAF","wfo-0000986002"
"Eriobotrya japonica","Eriobotrya japonica (Níspero)","CAF","wfo-0000986002"
"Euphorbia tanquahuete","Euphorbia tanquahuete","CAF","wfo-0000965021"
"Euphorbia tanquahuete","Euphorbia tanquahuete (Tanquahuete)","CAF","wfo-0000965021"
"Ficus insipida","Ficus insipida","CAF","wfo-0000688819"
"Ficus insipida","Ficus insipida (Higuerón)","CAF","wfo-0000688819"
"Gliricidia sepium","Gliricidia sepium","CAF","wfo-0000178022"
"Gliricidia sepium","Gliricidia sepium (Madreado)","CAF","wfo-0000178022"
"Gronovia scandens","Gronovia scandens","CAF","wfo-0000710521"
"Gronovia scandens","Gronovia scandens (Hierba del negro)","CAF","wfo-0000710521"
"Guarea guidonia","Guarea guidonia","CAF","wfo-0000710909"
"Guarea guidonia","Guarea guidonia (Cedrillo)","CAF","wfo-0000710909"
"Hedyosmum mexicanum","Hedyosmum mexicanum","CAF","wfo-0000716665"
"Hedyosmum mexicanum","Hedyosmum mexicanum (Hierba santa de monte)","CAF","wfo-0000716665"
"Heliconia farinosa","Heliconia farinosa","CAF","wfo-0000437522"
"Heliconia velloziana","Heliconia velloziana (Heliconia)","CAF","wfo-0000437522"
"Heliocarpus appendiculatus","Heliocarpus appendiculatus","CAF","wfo-0000718188"
"Heliocarpus appendiculatus","Heliocarpus appendiculatus (Jonote)","CAF","wfo-0000718188"
"Inga edulis","Inga edulis","CAF","wfo-0000175962"
"Inga edulis","Inga edulis (Guaba)","CAF","wfo-0000175962"
"Inga flexuosa","Inga flexuosa","CAF","wfo-0000175887"
"Inga flexuosa","Inga flexuosa (Jinicuil)","CAF","wfo-0000175887"
"Inga laurina","Inga laurina","CAF","wfo-0000183520"
"Inga laurina","Inga laurina (Cuajinicuil)","CAF","wfo-0000183520"
"Inga paterno","Inga paterno","CAF","wfo-0000165758"
"Inga paterno","Inga paterno (Paterna)","CAF","wfo-0000165758"
"Inga vera","Inga vera","CAF","wfo-0000173675"
"Inga vera","Inga vera (Jinicuil)","CAF","wfo-0000173675"
"Inga vera subsp. vera","Inga vera subsp. vera","CAF","wfo-0000179944"
"Laurus nobilis","Laurus nobilis","CAF","wfo-0000364153"
"Laurus nobilis","Laurus nobilis (Laurel)","CAF","wfo-0000364153"
"Lonchocarpus guatemalensis","Lonchocarpus guatemalensis","CAF","wfo-0000173718"
"Lonchocarpus guatemalensis","Lonchocarpus guatemalensis (Chaperno)","CAF","wfo-0000173718"
"Macadamia integrifolia","Macadamia integrifolia","CAF","wfo-0000452329"
"Macadamia integrifolia","Macadamia integrifolia (Macadamia)","CAF","wfo-0000452329"
"Malvastrum coromandelianum","Malvastrum coromandelianum","CAF","wfo-0000449486"
"Malvastrum coromandelianum","Malvastrum coromandelianum (Malva)","CAF","wfo-0000449486"
"Mangifera indica","Mangifera indica","CAF","wfo-0000371248"
"Mangifera indica","Mangifera indica (Mango)","CAF","wfo-0000371248"
"Muntingia calabura","Muntingia calabura","CAF","wfo-0000451606"
"Muntingia calabura","Muntingia calabura (Capulín)","CAF","wfo-0000451606"
"Musa x paradisiaca","Musa x paradisiaca","CAF","wfo-0000474656"
"Musa x paradisiaca","Musa x paradisiaca (Plátano)","CAF","wfo-0000474656"
"Olea europaea","Olea europaea","CAF","wfo-0000817273"
"Olea europaea","Olea europaea (Olivo)","CAF","wfo-0000817273"
"Other or don't know","Other or don't know","CAF",
"Persea americana","Persea americana","CAF","wfo-0000465160"
"Persea americana","Persea americana (Aguacate)","CAF","wfo-0000465160"
"Perymenium grande","Perymenium grande","CAF","wfo-0000081604"
"Perymenium grande","Perymenium grande (Acahual)","CAF","wfo-0000081604"
"Platanus mexicana","Platanus mexicana","CAF","wfo-0000487037"
"Platanus mexicana","Platanus mexicana (Sicómoro mexicano)","CAF","wfo-0000487037"
"Pluchea carolinensis","Pluchea carolinensis","CAF","wfo-0000072311"
"Pluchea carolinensis","Pluchea carolinensis (Salvia amarga)","CAF","wfo-0000072311"
"Prunus persica","Prunus persica","CAF","wfo-0001005418"
"Prunus persica","Prunus persica (Durazno)","CAF","wfo-0001005418"
"Prunus serotina var. salicifolia","Prunus serotina var. salicifolia","CAF","wfo-0001006722"
"Prunus serotina var. salicifolia","Prunus serotina var. salicifolia (Capulín)","CAF","wfo-0001006722"
"Pseudosmodingium andrieuxii","Pseudosmodingium andrieuxii","CAF","wfo-0001247923"
"Pseudosmodingium andrieuxii","Pseudosmodingium andrieuxii (Tzalam colorado)","CAF","wfo-0001247923"
"Psidium guajava","Psidium guajava","CAF","wfo-0000284421"
"Psidium guajava","Psidium guajava (Guayaba)","CAF","wfo-0000284421"
"Quercus castanea","Quercus castanea","CAF","wfo-0000289991"
"Quercus castanea","Quercus castanea (Encino roble)","CAF","wfo-0000289991"
"Sapindus saponaria","Sapindus saponaria","CAF","wfo-0000493168"
"Sapindus saponaria","Sapindus saponaria (Jaboncillo)","CAF","wfo-0000493168"
"Saurauia montana","Saurauia montana","CAF","wfo-0000501393"
"Saurauia montana","Saurauia montana (Mocoque)","CAF","wfo-0000501393"
"Solanum betaceum","Solanum betaceum","CAF","wfo-0001026534"
"Solanum betaceum","Solanum betaceum (Tomate de árbol)","CAF","wfo-0001026534"
"Solanum mauritianum","Solanum mauritianum","CAF","wfo-0001029408"
"Solanum mauritianum","Solanum mauritianum (Tabaco cimarrón)","CAF","wfo-0001029408"
"Spondias mombin","Spondias mombin","CAF","wfo-0000435470"
"Spondias mombin","Spondias mombin (Jobo)","CAF","wfo-0000435470"
"Syzygium jambos","Syzygium jambos","CAF","wfo-0000318809"
"Syzygium jambos","Syzygium jambos (Pomarrosa)","CAF","wfo-0000318809"
"Ternstroemia luquillensis","Ternstroemia luquillensis","CAF","wfo-0001142163"
"Ternstroemia luquillensis","Ternstroemia luquillensis (Ternstroemia)","CAF","wfo-0001142163"
"Ternstroemia sylvatica","Ternstroemia sylvatica","CAF","wfo-0001142158"
"Ternstroemia sylvatica","Ternstroemia sylvatica (Ternstroemia)","CAF","wfo-0001142158"
"Trichanthera gigantea","Trichanthera gigantea","CAF","wfo-0000410436"
"Trichanthera gigantea","Trichanthera gigantea (Nacedero)","CAF","wfo-0000410436"
"Ulmus mexicana","Ulmus mexicana","CAF","wfo-0000416676"
"Ulmus mexicana","Ulmus mexicana (Olmo mexicano)","CAF","wfo-0000416676"
"Vachellia collinsii","Vachellia collinsii","CAF","wfo-0001277422"
"Vachellia collinsii","Vachellia collinsii (Cornizuelo)","CAF","wfo-0001277422"
"Verbesina myriocephala","Verbesina myriocephala","CAF","wfo-0000035633"
"Verbesina myriocephala","Verbesina myriocephala (Capitaneja)","CAF","wfo-0000035633"
"Vernonanthura patens","Vernonanthura patens (Tzitzilché)","CAF","wfo-0000015889"
"Vernonanthura phosphorica","Vernonanthura phosphorica","CAF","wfo-0000015889"
"Barringtonia acutangula","Barringtonia acutangula (Reang)","CAM","wfo-0000774811"
"Bridelia retusa","Bridelia retusa (Vor Toek)","CAM","wfo-0000424897"
"Combretum trifoliatum","Combretum trifoliatum (Tros)","CAM","wfo-0000616853"
"Crateva adansonii subsp. odora","Crateva adansonii subsp. odora (Thnan Toek)","CAM","wfo-0000625677"
"Crateva religiosa","Crateva religiosa (Tonlea)","CAM","wfo-0000625724"
"Crudia zeylanica","Crudia zeylanica (Sdey)","CAM","wfo-0000203535"
"Cynometra ramiflora","Cynometra ramiflora (Chompring)","CAM","wfo-0000192868"
"Dalbergia horrida","Dalbergia horrida (Thmeinh Trey)","CAM","wfo-0000199960"
"Derris trifoliata","Derris trifoliata (Khnay Morn)","CAM","wfo-0000198908"
"Diospyros cambodiana","Diospyros cambodiana (Ptoul)","CAM","wfo-0000648629"
"Elaeocarpus lanceifolius","Elaeocarpus lanceifolius (Rodeinh)","CAM","wfo-0000664420"
"Ficus heterophylla","Ficus heterophylla (Slort)","CAM","wfo-0000688663"
"Garcinia cochinchinensis","Garcinia cochinchinensis (Sandan)","CAM",
"Gmelina arborea","Gmelina arborea (Anh Chanh)","CAM","wfo-0001144396"
"Homalium brevidens","Homalium brevidens (Roteang)","CAM","wfo-0000926211"
"Madhuca elliptica","Madhuca elliptica","CAM","wfo-0000232736"
"Mallotus paniculatus var. paniculatus","Mallotus paniculatus var. paniculatus (Vor Preng)","CAM","wfo-0000803667"
"Mallotus plicatus","Mallotus plicatus (Chrakeng)","CAM","wfo-0000234699"
"Other or don't know","Other or don't know","CAM",
"Terminalia cambodiana","Terminalia cambodiana (Ta Uo)","CAM","wfo-0000406933"
"Xanthophyllum lanceatum","Xanthophyllum lanceatum (Kanseng)","CAM","wfo-0000428586"
"Abarema sp.","Abarema sp. (Abarema)","CEP",
"Anacardium occidentale","Anacardium occidentale (Cajueiro; Caju)","CEP",
"Apeiba tiborbou","Apeiba tiborbou (Pau-Jangada; Escova-De-Macaco; Pente-De-Macaco; Embira-Branca)","CEP",
"Bixa orellana","Bixa orellana (Urucum; Urucu)","CEP",
"Cecropia pachystachya","Cecropia pachystachya (Embaúba; Embaúba-Branca)","CEP",
"Clusia cf. spiritu-sanctensis","Clusia cf. spiritu-sanctensis (Clúsia)","CEP",
"Guazuma ulmifolia","Guazuma ulmifolia (Mutamba)","CEP",
"Hymenaea courbaril","Hymenaea courbaril (Jatobá)","CEP",
"Joannesia princeps","Joannesia princeps (Andá-Açu; Boleira; Cutieira)","CEP",
"Ormosia arborea","Ormosia arborea (Olho-De-Cabra; Olho-De-Boi)","CEP",
"Other or don't know","Other or don't know","CEP",
"Psidium guajava","Psidium guajava (Goiabeira; Goiaba)","CEP",
"Sapindus saponaria","Sapindus saponaria (Saboneteira)","CEP",
"Schinus terebinthifolia","Schinus terebinthifolia (Aroeira-Vermelha; Aroeira-Pimenteira)","CEP",
"Spondias mombin","Spondias mombin (Cajá; Taperebá)","CEP",
"Astrocaryum aculeatum","Astrocaryum aculeatum (Tucumã)","CER","wfo-0000293087"
"Astronium lecointei","Astronium lecointei (Muiracatiara)","CER","wfo-0000555004"
"Attalea butyracea","Attalea butyracea (Jaci)","CER","wfo-0000295921"
"Bagassa guianensis","Bagassa guianensis (Tatajuba)","CER","wfo-0000558480"
"Bauhinia variegata","Bauhinia variegata (Pata-De-Vaca)","CER","wfo-0000213330"
"Bellucia grossularioides","Bellucia grossularioides (Goiaba-De-Anta)","CER","wfo-0001081015"
"Bertholletia excelsa","Bertholletia excelsa (Castanheira-Do-Pará)","CER","wfo-0000775013"
"Bixa arborea","Bixa arborea (Urucum Arbóreo)","CER","wfo-0000342522"
"Brosimum guianense","Brosimum guianense (Mama-Cadela-Vermelha)","CER","wfo-0000572409"
"Byrsonima crispa","Byrsonima crispa (Murici-Da-Mata)","CER","wfo-0000576810"
"Byrsonima stipulacea","Byrsonima stipulacea (Murici-Do-Litoral)","CER","wfo-0000577046"
"Carapa guianensis","Carapa guianensis (Andiroba)","CER","wfo-0000586378"
"Caryocar glabrum","Caryocar glabrum (Pequiarana)","CER","wfo-0000808144"
"Caryocar villosum","Caryocar villosum (Piquiá)","CER","wfo-0000808353"
"Casearia bicolor","Casearia bicolor (Guaçatonga, Erva-De-Bugre)","CER","wfo-0000923855"
"Casearia sylvestris","Casearia sylvestris (Guaçatonga)","CER","wfo-0000924251"
"Cassia leiandra","Cassia leiandra (Mari-Mari)","CER","wfo-0000164226"
"Cecropia glaziovii","Cecropia glaziovii (Embaúba-Vermelha)","CER","wfo-0000592227"
"Cecropia sciadophylla","Cecropia sciadophylla (Imbaúba-Do-Norte)","CER","wfo-0000592336"
"Cedrela odorata","Cedrela odorata (Cedro)","CER","wfo-0000592446"
"Ceiba pentandra","Ceiba pentandra (Sumaúma)","CER","wfo-0000592594"
"Ceiba speciosa","Ceiba speciosa (Paineira)","CER","wfo-0000592612"
"Citharexylum myrianthum","Citharexylum myrianthum (Tucaneiro)","CER","wfo-0000867825"
"Clarisia racemosa","Clarisia racemosa (Guariúba)","CER","wfo-0000608499"
"Cochlospermum vitifolium","Cochlospermum vitifolium (Pacoté)","CER","wfo-0000902633"
"Copaifera glycycarpa","Copaifera glycycarpa (Copaíba)","CER","wfo-0000165636"
"Copaifera multijuga","Copaifera multijuga (Copaíba)","CER","wfo-0000165650"
"Copaifera oblongifolia","Copaifera oblongifolia (Paudoizinho)","CER","wfo-0001034243"
"Cordia alliodora","Cordia alliodora (Freijó)","CER","wfo-0000620227"
"Couratari guianensis","Couratari guianensis (Tauari)","CER","wfo-0000775104"
"Dialium guianense","Dialium guianense (Jataipeba)","CER","wfo-0000170401"
"Dipteryx odorata","Dipteryx odorata (Cumaru)","CER","wfo-0000170550"
"Enterolobium contortisiliquum","Enterolobium contortisiliquum (Tamboril)","CER","wfo-0000194820"
"Enterolobium maximum","Enterolobium maximum (Tamboril)","CER","wfo-0000165858"
"Eriotheca pentaphylla","Eriotheca pentaphylla (Embiruçu-Branco)","CER","wfo-0000676183"
"Eschweilera coriacea","Eschweilera coriacea (Matamatá)","CER","wfo-0000775226"
"Eugenia cuspidifolia","Eugenia cuspidifolia (Araçá-Do-Mato, Guamirim)","CER","wfo-0000957036"
"Euterpe precatoria","Euterpe precatoria (Açaí-Da-Mata)","CER","wfo-0000965698"
"Genipa infundibuliformis","Genipa infundibuliformis (Jenipaparana)","CER","wfo-0000971844"
"Goupia glabra","Goupia glabra (Cupiúba)","CER","wfo-0000708396"
"Guatteria foliosa","Guatteria foliosa (Envira-Da-Casca-Verde)","CER","wfo-0000711281"
"Guatteria meliodora","Guatteria meliodora (Envira)","CER","wfo-0000711396"
"Handroanthus impetiginosus","Handroanthus impetiginosus (Ipê-Roxo)","CER","wfo-0000778595"
"Handroanthus serratifolius","Handroanthus serratifolius (Ipê-Amarelo, Pau D'Arco)","CER","wfo-0000808837"
"Heisteria duckei","Heisteria duckei (Casca-D'Anta,)","CER","wfo-0000717119"
"Hevea brasiliensis","Hevea brasiliensis (Seringueira)","CER","wfo-0000982080"
"Himatanthus phagedaenicus","Himatanthus phagedaenicus (Janaguba, Jasmim-Do-Piauí)","CER","wfo-0000982461"
"Hymenolobium petraeum","Hymenolobium petraeum (Angelim-Rajado, Angelim-Da-Mata)","CER","wfo-0000165135"
"Inga alba","Inga alba (Ingá, Ingá-Branco)","CER","wfo-0000173653"
"Inga cylindrica","Inga cylindrica (Ingá)","CER","wfo-0000173656"
"Inga edulis","Inga edulis (Ingá-Cipó, Ingá-Açu)","CER","wfo-0000175962"
"Inga vera","Inga vera (Ingá-Mirim)","CER","wfo-0000173675"
"Iryanthera juruensis","Iryanthera juruensis (Ucuúba, Ucuúba-Da-Terra-Firme)","CER","wfo-0000732330"
"Isertia hypoleuca","Isertia hypoleuca (Quina-Quina, Quina-Da-Mata)","CER","wfo-0000217720"
"Jacaranda copaia","Jacaranda copaia (Jacarandá)","CER","wfo-0000778869"
"Leonia glycycarpa","Leonia glycycarpa (Parinari-Do-Mato,)","CER","wfo-0000445332"
"Leonia ulei","Leonia ulei (Parinari, Parinari-Da-Amazônia)","CER","wfo-0001423749"
"Leptobalanus longistylus","Leptobalanus longistylus (Castanha-De-Cutia, Castanha-Brava)","CER","wfo-0001354214"
"Mabea speciosa","Mabea speciosa (Canudo-De-Pito)","CER","wfo-0000231722"
"Maprounea guianensis","Maprounea guianensis (Leiteira, Leiteira-Vermelha)","CER","wfo-0000236270"
"Mauritia flexuosa","Mauritia flexuosa (Buriti)","CER","wfo-0000238075"
"Mezilaurus ita-uba","Mezilaurus ita-uba","CER","wfo-0000373104"
"Mezilaurus itauba","Mezilaurus itauba (Itaúba, Itaúba-Preta)","CER","wfo-0000373104"
"Miconia poeppigii","Miconia poeppigii (Catuaba)","CER","wfo-0001079797"
"Micropholis guyanensis","Micropholis guyanensis (Abiurana-Mangabarana, Abiurana-Balatarana)","CER","wfo-0000243608"
"Myracrodruon urundeuva","Myracrodruon urundeuva (Aroeira)","CER","wfo-0001050974"
"Myrciaria dubia","Myrciaria dubia (Camu-Camu, Caçari, Araçá-D'Água)","CER","wfo-0000248093"
"Ochroma pyramidale","Ochroma pyramidale (Balsa, Topa)","CER","wfo-0000390582"
"Ocotea nigrescens","Ocotea nigrescens (Louro-Preto)","CER","wfo-0001255084"
"Ormosia paraensis","Ormosia paraensis (Tento, Tento-Preto, Buiuçu)","CER","wfo-0000168283"
"Other or don't know","Other or don't know","CER",
"Parkia gigantocarpa","Parkia gigantocarpa (Fava-Atanã, Faveira-Atanã)","CER","wfo-0000168344"
"Parkia multijuga","Parkia multijuga (Faveira, Faveira-Benguê)","CER","wfo-0000174165"
"Parkia pendula","Parkia pendula (Angelim-Saia, Visgueiro)","CER","wfo-0000174167"
"Paypayrola grandiflora","Paypayrola grandiflora (Maparajuba,)","CER","wfo-0000472826"
"Piparea multiflora","Piparea multiflora (Guaçatonga)","CER","wfo-0001062987"
"Piptadenia gonoacantha","Piptadenia gonoacantha (Pau-Jacaré, Jacaré, Angico-Jacaré, Angico-Branco)","CER","wfo-0000168399"
"Poeppigia procera","Poeppigia procera (Faveira, Faveira-Amarela)","CER","wfo-0000174236"
"Pourouma guianensis","Pourouma guianensis (Embaúba-Do-Norte)","CER","wfo-0000394986"
"Pouteria caimito","Pouteria caimito (Abiu, Abieiro, Abio)","CER","wfo-0000281599"
"Pouteria macrophylla","Pouteria macrophylla (Cutite, Cutitiribá, Abiu-Cutite)","CER","wfo-0000281886"
"Pouteria torta","Pouteria torta (Guapeva, Grão-De-Galo, Abiu-Do-Cerrado)","CER","wfo-0000282152"
"Protium acrense","Protium acrense (Breu, Breu-Branco)","CER","wfo-1000024315"
"Protium heptaphyllum","Protium heptaphyllum (Amescla, Almesca, Almécega, Breu)","CER","wfo-0000397106"
"Pseudobombax munguba","Pseudobombax munguba (Munguba)","CER","wfo-0001215031"
"Psidium guajava","Psidium guajava (Goiabeira, Goiaba)","CER","wfo-0000284421"
"Pterocarpus santalinoides","Pterocarpus santalinoides (Mututi)","CER","wfo-0000172847"
"Quararibea guianensis","Quararibea guianensis (Envira-Sapotinha)","CER","wfo-0000733289"
"Robrichia schomburgkii","Robrichia schomburgkii (Tamboril)","CER","wfo-1000030958"
"Samanea tubulosa","Samanea tubulosa (Sete-Cascas, Farinha-Seca)","CER","wfo-0000194890"
"Sapium glandulosum","Sapium glandulosum (Leiteiro, Leiteiro-Vermelho, Leiteiro-De-Seiva)","CER","wfo-0000302804"
"Schizolobium parahyba","Schizolobium parahyba (Guapuruvu, Parica)","CER","wfo-0000186738"
"Senefeldera verticillata","Senefeldera verticillata (Pau-De-Candeia, Candeia-De-Macaco)","CER","wfo-0000309280"
"Senegalia polyphylla","Senegalia polyphylla (Guarucaia)","CER","wfo-0000184469"
"Simarouba amara","Simarouba amara (Marupá)","CER","wfo-0000492139"
"Socratea exorrhiza","Socratea exorrhiza (Palmeira-Andante, Paxiúba)","CER","wfo-0000311608"
"Solanum lycocarpum","Solanum lycocarpum (Lobeira, Fruta-Do-Lobo)","CER","wfo-0001029205"
"Solanum mauritianum","Solanum mauritianum (Fumo-Bravo, Caapeba-De-Galinha)","CER","wfo-0001029408"
"Spondias mombin","Spondias mombin (Cajá, Taperebá, Cajazeira, Taperebazeiro)","CER","wfo-0000435470"
"Stryphnodendron pulcherrimum","Stryphnodendron pulcherrimum (Fava-Branca, Barbatimão)","CER","wfo-0000164068"
"Swartzia costata","Swartzia costata (Coração-De-Negro)","CER","wfo-0001052516"
"Swartzia ingifolia","Swartzia ingifolia (Coração De Negro)","CER","wfo-0001049752"
"Swartzia laurifolia","Swartzia laurifolia (Gombeira, Gombeira-Vermelha)","CER","wfo-0000164127"
"Swietenia macrophylla","Swietenia macrophylla (Mogno, Mogno-Brasileiro)","CER","wfo-0000505131"
"Tachigali glauca","Tachigali glauca (Taxi, Taxi-Preto, Taxi-Pitomba)","CER","wfo-0001055106"
"Tachigali paniculata","Tachigali paniculata (Taxi, Tachí)","CER","wfo-0000184227"
"Talisia esculenta","Talisia esculenta (Pitomba, Pitombeira, Olho-De-Boi)","CER","wfo-0001135264"
"Tapirira guianensis","Tapirira guianensis (Cupuba, Cupiúva, Camboatá, Pau-Pombo)","CER","wfo-0000410062"
"Ternstroemia dentata","Ternstroemia dentata (Murici-Bravo,)","CER","wfo-0001253043"
"Theobroma speciosum","Theobroma speciosum (Cacauí, Cacau-De-Macaco, Cacau-Jacaré, Cacau-Da-Mata)","CER","wfo-0000458710"
"Toulicia guianensis","Toulicia guianensis (Tatú, Tulisi)","CER","wfo-0000459199"
"Trattinnickia rhoifolia","Trattinnickia rhoifolia (Breu-Sucuruba, Breu-Amarelo)","CER","wfo-0000407611"
"Trema micranthum","Trema micranthum (Candiúva, Candiúba, Crindiúva, Pau-Pólvora)","CER","wfo-0000457786"
"Unonopsis stipitata","Unonopsis stipitata (Envira-Cascuda)","CER","wfo-0000415804"
"Virola sebifera","Virola sebifera (Ucuúba-Do-Cerrado, Ucuúba, Bicuíba)","CER","wfo-0000418491"
"Virola venosa","Virola venosa (Ucuúba-Branca, Ucuúba)","CER","wfo-0000418475"
"Vismia brasiliensis","Vismia brasiliensis (Ruão)","CER","wfo-0001296200"
"Vismia guianensis","Vismia guianensis (Lacre-Do-Mato, Vismeira)","CER","wfo-0000422374"
"Vitex duckei","Vitex duckei (Tarumã, Tarumã-Da-Amazônia)","CER","wfo-0000333065"
"Zanthoxylum rhoifolium","Zanthoxylum rhoifolium (Mamica-De-Cadela, Mamica-De-Porca)","CER","wfo-0000429355"
"Alnus nepalensis","Alnus nepalensis","CHI","wfo-0000946943"
"Buddleja asiatica","Buddleja asiatica","CHI","wfo-0000573923"
"Camellia japonica","Camellia japonica","CHI","wfo-0000582404"
"Camellia oleifera","Camellia oleifera","CHI","wfo-0000582552"
"Cornus alba","Cornus alba","CHI","wfo-0000924570"
"Eutrochium maculatum","Eutrochium maculatum","CHI","wfo-0000095626"
"Keteleeria evelyniana","Keteleeria evelyniana","CHI","wfo-0000356899"
"Leucaena leucocephala","Leucaena leucocephala","CHI","wfo-0000164084"
"Litsea rubescens","Litsea rubescens","CHI","wfo-0001070705"
"Other or don't know","Other or don't know","CHI",
"Pieris japonica","Pieris japonica","CHI","wfo-0001047846"
"Pinus elliottii","Pinus elliottii","CHI","wfo-0000481442"
"Pinus yunnanensis","Pinus yunnanensis","CHI","wfo-0000481591"
"Pistacia chinensis","Pistacia chinensis","CHI","wfo-0000394532"
"Pistacia weinmannifolia","Pistacia weinmannifolia","CHI","wfo-0001051936"
"Populus tremuloides","Populus tremuloides","CHI","wfo-0000928260"
"Pyrus betulifolia","Pyrus betulifolia","CHI","wfo-0001016380"
"Quercus acutissima","Quercus acutissima","CHI","wfo-0000289386"
"Quercus aliena","Quercus aliena","CHI","wfo-0000289483"
"Quercus schottkyana","Quercus schottkyana","CHI","wfo-0000293102"
"Quercus variabilis","Quercus variabilis","CHI","wfo-0000293817"
"Rhus chinensis","Rhus chinensis","CHI","wfo-0000402760"
"Schima wallichii","Schima wallichii","CHI","wfo-0001142186"
"Ternstroemia gymnanthera","Ternstroemia gymnanthera","CHI","wfo-0001142234"
"Abarema brachystachya","Abarema brachystachya (Olho De Cabra Azul)","CIC",
"Abarema filamentosa","Abarema filamentosa (Angelim Arruda)","CIC",
"Abarema villosa","Abarema villosa (Raposeira)","CIC",
"Acacia mangium","Acacia mangium (Acácia-Mangium)","CIC",
"Aegiphila integrifolia","Aegiphila integrifolia (Tamanqueiro, Tamanqueira, Pau-De-Tamanco, Pau-De-Gaiola, Mululo, Fruta-De-Papagaio, Fumo-Bravo, Fidalgo, Minura, Briaúva)","CIC","wfo-0000809574"
"Albizia polycephala","Albizia polycephala (Albízia)","CIC",
"Anacardium occidentale","Anacardium occidentale (Cajueiro)","CIC","wfo-0000533072"
"Anadenanthera colubrina","Anadenanthera colubrina (Angico)","CIC","wfo-0000169564"
"Anadenanthera peregrina","Anadenanthera peregrina (Angico Do Cerrado)","CIC",
"Andira fraxinifolia","Andira fraxinifolia (Angelim Doce)","CIC",
"Andira nitida","Andira nitida (Angelim De Morcego)","CIC",
"Annona glabra","Annona glabra (Araticum Do Brejo)","CIC",
"Annona montana","Annona montana (Jaca De Pobre)","CIC",
"Apuleia leiocarpa","Apuleia leiocarpa (Grápia)","CIC","wfo-0000186778"
"Aspidosperma cylindrocarpon","Aspidosperma cylindrocarpon (Peroba, Peroba-Poca, Guatambu, Tambu)","CIC","wfo-0000290503"
"Astronium urundeuva","Astronium urundeuva (Aroeira Preta)","CIC",
"Baccharis dracunculifolia","Baccharis dracunculifolia (Alecrim do campo)","CIC",
"Bactris acanthocarpa","Bactris acanthocarpa (Marajá)","CIC",
"Bactris caryotifolia","Bactris caryotifolia (Tucum Babo de Peixe)","CIC",
"Bixa orellana","Bixa orellana (Urucum)","CIC","wfo-0000342565"
"Byrsonima crassifolia","Byrsonima crassifolia (Murici)","CIC",
"Byrsonima sericea","Byrsonima sericea (Murici Miúdo)","CIC",
"Calophyllum brasiliense","Calophyllum brasiliense (Guanandi)","CIC",
"Campomanesia guaviroba","Campomanesia guaviroba (Guabiroba)","CIC",
"Cariniana estrellensis","Cariniana estrellensis (Jequitibá-Branco)","CIC","wfo-0000775058"
"Cariniana legalis","Cariniana legalis (Jequitibá-Rosa)","CIC","wfo-0000775066"
"Casearia melliodora","Casearia melliodora (Guaçatonga-Branca)","CIC",
"Cecropia glaziovii","Cecropia glaziovii (Embaúba Vermelha)","CIC",
"Cecropia hololeuca","Cecropia hololeuca (Embaúba-Prateada)","CIC","wfo-0000592236"
"Cecropia pachystachya","Cecropia pachystachya (Embaúba)","CIC","wfo-0000592291"
"Cedrela fissilis","Cedrela fissilis (Cedro, Cedro-Rosa, Cedro-Branco)","CIC","wfo-0000592409"
"Cedrela odorata","Cedrela odorata (Cedro, Cedro-Rosa, Cedro-Branco)","CIC","wfo-0000592446"
"Chamaecrista ensiformis","Chamaecrista ensiformis (Ingá-falso)","CIC",
"Chrysophyllum marginatum","Chrysophyllum marginatum (Aguaí)","CIC",
"Citharexylum myrianthum","Citharexylum myrianthum (Tucaneiro, Pau-De-Viola)","CIC","wfo-0000867825"
"Colubrina glandulosa","Colubrina glandulosa (Sobragi, Sobrasil, Saguari, Falso-Pau-Ferro, Sabiá-Do-Mato, Socorujuva)","CIC","wfo-0000615244"
"Cordia ecalyculata","Cordia ecalyculata (Clarayba)","CIC",
"Cordia goeldiana","Cordia goeldiana (Louro, Louro‑Do‑Mato)","CIC","wfo-0000620529"
"Cordia sellowiana","Cordia sellowiana (Juruté)","CIC",
"Cordia trichotoma","Cordia trichotoma (Louro-Pardo)","CIC","wfo-0000621058"
"Croton floribundus","Croton floribundus (Capixingui)","CIC","wfo-0000927983"
"Croton urucurana","Croton urucurana (Sangra D’Água)","CIC","wfo-0000932652"
"Cupania ludowigii","Cupania ludowigii (Camboatá Miúdo)","CIC",
"Cupania racemosa","Cupania racemosa (Camboatá Da Capoeira)","CIC",
"Cupania vernalis","Cupania vernalis (Camboatá Vermelho)","CIC",
"Cybistax antisyphilitica","Cybistax antisyphilitica (Ipê Verde)","CIC",
"Dalbergia nigra","Dalbergia nigra (Jacarandá, Caviúna, Cabiúna, Cabiúna-Rajada, Cabiúna-Do-Mato, Graúna, Caviúno, Jacarandá-Cabiúna, Jacarandá-Caviúna, Jacarandá-Preto, Jacarandá-Una E Pau-Preto)","CIC","wfo-0000170463"
"Dictyoloma vandellianum","Dictyoloma vandellianum (Dictyoloma)","CIC",
"Dilodendron bipinnatum","Dilodendron bipinnatum (Maria-Pobre)","CIC","wfo-0000647698"
"Diospyros lasiocalyx","Diospyros lasiocalyx (Caqui-Peludo)","CIC",
"Enterolobium contortisiliquum","Enterolobium contortisiliquum (Timbaúva, Tamboril)","CIC","wfo-0000194820"
"Eriotheca macrophylla","Eriotheca macrophylla (Munguba)","CIC","wfo-0000676178"
"Eriotheca pentaphylla","Eriotheca pentaphylla (Imbiruçu Branco)","CIC",
"Erythroxylum columbinum","Erythroxylum columbinum (Fruta de Pombo)","CIC",
"Eschweilera ovata","Eschweilera ovata (Biriba-Branca)","CIC","wfo-0000775312"
"Eugenia brasiliensis","Eugenia brasiliensis (Grumixama)","CIC",
"Eugenia uniflora","Eugenia uniflora (Pitanga)","CIC","wfo-0000959411"
"Euterpe edulis","Euterpe edulis (Jussara)","CIC",
"Faramea multiflora","Faramea multiflora (Folha-Carta)","CIC",
"Ficus guaranitica","Ficus guaranitica (Figueira Branca)","CIC",
"Gallesia integrifolia","Gallesia integrifolia (Pau-D'Alho)","CIC","wfo-0000693929"
"Genipa americana","Genipa americana (Jenipapo)","CIC","wfo-0000971808"
"Guatteria sellowiana","Guatteria sellowiana (Embira-Preta)","CIC",
"Guazuma ulmifolia","Guazuma ulmifolia (Mutamba, Mutambo, Mucungo, Fruta-De-Macaco)","CIC","wfo-0000711645"
"Handroanthus chrysotrichus","Handroanthus chrysotrichus (Ipê Amarelo Cascudo)","CIC",
"Handroanthus impetiginosus","Handroanthus impetiginosus (Ipê Roxo, Ipê Rosa)","CIC","wfo-0000778595"
"Handroanthus serratifolius","Handroanthus serratifolius (Ipê-Amarelo, Ipê-Tabaco, Ipê-Ovo-De-Macuco)","CIC","wfo-0000808837"
"Heliocarpus americanus","Heliocarpus americanus (Paineira, Lixa‑De‑Pau)","CIC","wfo-0000718186"
"Himatanthus bracteatus","Himatanthus bracteatus (Agoniada)","CIC",
"Hymenaea courbaril","Hymenaea courbaril (Jatobá)","CIC",
"Hymenaea stigonocarpa","Hymenaea stigonocarpa (Jatobá Do Cerrado)","CIC",
"Inga Mill.","Inga Mill. (Ingá)","CIC",
"Inga blanchetiana","Inga blanchetiana (Inga-De-Pêlo)","CIC",
"Inga capitata","Inga capitata (Ingá Costela)","CIC",
"Inga edulis","Inga edulis (Ingá De Metro)","CIC",
"Inga laurina","Inga laurina (Inga Laurina, Ingá-Branco, Ingá-Do-Brejo)","CIC","wfo-0000183520"
"Inga sessilis","Inga sessilis (Ingá-Ferradura)","CIC","wfo-0000173671"
"Inga thibaudiana","Inga thibaudiana (Inga-Cipó)","CIC",
"Inga vera","Inga vera (Ingá Do Rio, Ingá Do Brejo)","CIC","wfo-0000173675"
"Iochroma arborescens","Iochroma arborescens (Fruto De Sabiá)","CIC","wfo-0001354497"
"Jacaranda brasiliana","Jacaranda brasiliana (Jacarandá Boca De Sapo)","CIC","wfo-0000778814"
"Jacaranda puberula","Jacaranda puberula (Caroba)","CIC",
"Joannesia princeps","Joannesia princeps (Boleira, Anda-Assú, Cotieira)","CIC","wfo-0000220129"
"Lafoensia pacari","Lafoensia pacari (Pacari, Cambará)","CIC","wfo-0001075982"
"Lecythis lanceolata","Lecythis lanceolata (Sapucaia Mirim)","CIC",
"Licania Aubl.","Licania Aubl. (Licania Sp. 1)","CIC",
"Licania nitida","Licania nitida (Oitirana)","CIC",
"Lonchocarpus cultratus","Lonchocarpus cultratus (Embirinha)","CIC",
"Luehea candicans","Luehea candicans (Açoita Cavalo)","CIC",
"Luehea divaricata","Luehea divaricata (Açoita-Cavalo-Miúdo, Açoita-Cavalo)","CIC","wfo-0000445208"
"Luehea grandiflora","Luehea grandiflora (Açoita Cavalo Grande)","CIC",
"Mabea fistulifera","Mabea fistulifera (Mamoninha Do Mato)","CIC",
"Machaerium acutifolium","Machaerium acutifolium (Jacaranda Tã)","CIC",
"Machaerium brasiliense","Machaerium brasiliense (Sapuva)","CIC",
"Machaerium pedicellatum","Machaerium pedicellatum (Jacarandá)","CIC",
"Margaritaria nobilis","Margaritaria nobilis (Margaritária, Pérola-Vegetal)","CIC","wfo-0000236325"
"Matayba guianensis","Matayba guianensis (Mataíba)","CIC",
"Maytenus obtusifolia","Maytenus obtusifolia (NA)","CIC","wfo-0001292526"
"Melanoxylon brauna","Melanoxylon brauna (Braúna Preta)","CIC",
"Miconia cinnamomifolia","Miconia cinnamomifolia (Jacatirão)","CIC",
"Mimosa bimucronata","Mimosa bimucronata (Maricá)","CIC","wfo-0000164376"
"Mimosa schomburgkii","Mimosa schomburgkii (Jurema, Jurema‑Preta, Mimosa)","CIC","wfo-0000174632"
"Monteverdia brasiliensis","Monteverdia brasiliensis (Falsa Espinheira)","CIC",
"Myracrodruon urundeuva","Myracrodruon urundeuva (Aroeira, Aroeira-Preta, Aroeira-Do-Sertão, Uriunduba)","CIC","wfo-0001050974"
"Myrcia amazonica","Myrcia amazonica (Guamirim-Ferrugem)","CIC",
"Myrcia excoriata","Myrcia excoriata (Guamirana)","CIC",
"Myrsine guianensis","Myrsine guianensis (Capororoca Brava)","CIC",
"Nao Identificada","Nao Identificada (Nao Identificada)","CIC",
"Nectandra cissiflora","Nectandra cissiflora (Nectandra Folhão)","CIC",
"Nectandra membranacea","Nectandra membranacea (Canela Branca)","CIC",
"Ocotea puberula","Ocotea puberula (Guiacá)","CIC",
"Other or don't know","Other or don't know","CIC",
"Parapiptadenia rigida","Parapiptadenia rigida (Angico, Angico‑Branco, Paricá)","CIC","wfo-0000168342"
"Paubrasilia echinata","Paubrasilia echinata (Pau‑Brasil, Brazilwood, Pau‑Brasil)","CIC","wfo-0001318224"
"Peltophorum dubium","Peltophorum dubium (Pau‑Ferro, Canafístula, Amarelinho)","CIC","wfo-0000168369"
"Pera glabrata","Pera glabrata (Pau De Tamanco)","CIC",
"Pouteria Aubl. Sp. 1","Pouteria Aubl. Sp. 1 (Pouteria Sp. 1)","CIC",
"Pouteria Aubl. Sp. 2","Pouteria Aubl. Sp. 2 (Pouteria Sp. 2)","CIC",
"Pouteria venosa","Pouteria venosa (Bapeba Pessego)","CIC",
"Pradosia lactescens","Pradosia lactescens (Marrmixa)","CIC",
"Protium aracouchini","Protium aracouchini (NA)","CIC","wfo-0000397157"
"Protium heptaphyllum","Protium heptaphyllum (Almecegueira)","CIC",
"Pseudalbizzia niopoides","Pseudalbizzia niopoides (Angico Branco, Angico)","CIC","wfo-1000040151"
"Pseudobombax grandiflorum","Pseudobombax grandiflorum (Imbiruçu)","CIC",
"Pseudopiptadenia contorta","Pseudopiptadenia contorta (Angico Rosa)","CIC",
"Psidium cattleyanum","Psidium cattleyanum (Araçá-Rosa, Araçá-De-Coroa, Araçá-Da-Praia)","CIC","wfo-0001319200"
"Psidium guajava","Psidium guajava (Araça, Goiaba)","CIC",
"Psidium guineense","Psidium guineense (Araçá-Da-Praia, Araçá-Mirim, Goiabinha)","CIC","wfo-0000284428"
"Psidium rufum","Psidium rufum (Araça Roxo)","CIC",
"Schinus terebinthifolia","Schinus terebinthifolia (Aroeira, Pimenta Rosa)","CIC","wfo-0000435152"
"Schizolobium parahyba","Schizolobium parahyba (Guapuruvú)","CIC","wfo-0000186738"
"Senegalia polyphylla","Senegalia polyphylla (Angiquinho, Angico-Branco, Espinheiro)","CIC","wfo-0000184469"
"Senna alata","Senna alata (Mata-Pasto)","CIC","wfo-0000214728"
"Senna multijuga","Senna multijuga (Cássia-Multijuga)","CIC","wfo-0000164356"
"Senna pendula","Senna pendula (Fedegoso)","CIC",
"Sideroxylon obtusifolium","Sideroxylon obtusifolium (Quixaba)","CIC",
"Solanum lycocarpum","Solanum lycocarpum (Lobeira, Fruta‑Do‑Lobo, Fruta‑Do‑Lobo)","CIC","wfo-0001029205"
"Solanum paniculatum","Solanum paniculatum (Jurubeba)","CIC","wfo-0001030198"
"Sparattanthelium botocudorum","Sparattanthelium botocudorum (Arco-De-Barril, Agasalho-De-Anú)","CIC","wfo-0001065317"
"Sparattosperma leucanthum","Sparattosperma leucanthum (Cinco-Folhas, Caroba-Branca, Caroba-De-Flor-Branca, Cinco-Chagas, Ipê-Batata, Ipê-Boia, Ipê-Branco, Tarumã)","CIC","wfo-0000779743"
"Spondias macrocarpa","Spondias macrocarpa (Cajazinho)","CIC","wfo-0000435447"
"Spondias venulosa","Spondias venulosa (Cajarana)","CIC","wfo-0001049847"
"Swartzia acutifolia","Swartzia acutifolia (Banha De Galinha)","CIC",
"Swartzia oblata","Swartzia oblata (Grão De Bode)","CIC",
"Swartzia simplex","Swartzia simplex (Jacarandá Banana)","CIC",
"Syagrus pseudococos","Syagrus pseudococos (Coco Amargo)","CIC",
"Syzygium aqueum","Syzygium aqueum (Jambo-Branco)","CIC",
"Tabebuia roseoalba","Tabebuia roseoalba (Ipê-Branco)","CIC","wfo-0000780753"
"Tabernaemontana catharinensis","Tabernaemontana catharinensis (Jasmim-Cata-Vento, Cobrina, Foquilheira)","CIC","wfo-0000319766"
"Tapirira guianensis","Tapirira guianensis (Copiúva, Cupiúva, Pau-Pombo)","CIC","wfo-0000410062"
"Trema micranthum","Trema micranthum (Grandiúva, Crindiúva)","CIC","wfo-0000457786"
"Trichilia lepidota","Trichilia lepidota (Cedrinho)","CIC",
"Triplaris americana","Triplaris americana (Pau-Formiga)","CIC","wfo-0000454468"
"Vismia guianensis","Vismia guianensis (Leite Amarelo)","CIC",
"Xylopia aromatica","Xylopia aromatica (Pimenta De Macaco)","CIC",
"Zanthoxylum rhoifolium","Zanthoxylum rhoifolium (Mamica De Porca)","CIC",
"Zeyheria tuberculosa","Zeyheria tuberculosa (Ipê-Felpudo)","CIC","wfo-0000780396"
"Aiouea montana","Aiouea montana (Clementino)","COL","wfo-0001421696"
"Albizia sp.","Albizia sp. (Legitimo)","COL",
"Alibertia patinoi","Alibertia patinoi (Borojó)","COL","wfo-0000922922"
"Anacardium excelsum","Anacardium excelsum (Caracolí)","COL","wfo-0000533054"
"Anacardium occidentale","Anacardium occidentale (Marañon)","COL",
"Annona cherimola","Annona cherimola (Anón)","COL",
"Annona sp.","Annona sp. (Guanabana)","COL",
"Artocarpus altilis","Artocarpus altilis (Árbol pan)","COL","wfo-0000550425"
"Aspidosperma desmanthum","Aspidosperma desmanthum (Caney)","COL","wfo-0000290569"
"Aspidosperma polyneuron","Aspidosperma polyneuron (Carreto)","COL","wfo-0000291421"
"Astronium graveolens","Astronium graveolens (Gusanero)","COL","wfo-0000554996"
"Bombax ceiba","Bombax ceiba (Ceiba tolúa)","COL","wfo-0000568369"
"Borojoa patinoi","Borojoa patinoi (Borojó)","COL",
"Brosimum alicastrum","Brosimum alicastrum (Guáimaro)","COL","wfo-0000572378"
"Brosimum guianense","Brosimum guianense (Guáimaro macho)","COL","wfo-0000572409"
"Brosimum sp.","Brosimum sp. (Lechoso)","COL",
"Brosimum utile","Brosimum utile (Guáimaro)","COL","wfo-0000572451"
"Brownea ariza","Brownea ariza (Florizado)","COL",
"Bursera graveolens","Bursera graveolens (Palo Santo)","COL","wfo-0000576197"
"Bursera simaruba","Bursera simaruba (Resbalamono/Fruta de mico)","COL","wfo-0000576316"
"Caesalpinia coriaria","Caesalpinia coriaria (Divi divi)","COL",
"Caesalpinia sp.","Caesalpinia sp. (Granadilla)","COL",
"Calliandra sp.","Calliandra sp. (Kamaleandra)","COL",
"Calycolpus moritzianus","Calycolpus moritzianus (Guayabito)","COL","wfo-0000781846"
"Cariniana pyriformis","Cariniana pyriformis (Abarco)","COL","wfo-0000775074"
"Casearia corymbosa","Casearia corymbosa (Varablanca)","COL","wfo-0000923916"
"Cassia grandis","Cassia grandis (Cañandonga)","COL","wfo-0000163908"
"Cavanillesia platanifolia","Cavanillesia platanifolia (Macondo)","COL","wfo-0000591270"
"Cecropia peltata","Cecropia peltata (Guarumo)","COL","wfo-0000592298"
"Cedrela odorata","Cedrela odorata (Cedro)","COL","wfo-0000592446"
"Ceiba pentandra","Ceiba pentandra (Ceiba)","COL","wfo-0000592594"
"Chrysophyllum sp","Chrysophyllum sp (Zapotillo)","COL",
"Cinchona pubescens","Cinchona pubescens (Quina/Cascarilla)","COL","wfo-0000862489"
"Clusia sp.","Clusia sp. (Rompacho)","COL",
"Cochlospermum vitifolium","Cochlospermum vitifolium (Papayote)","COL","wfo-0000902633"
"Cordia allidora","Cordia allidora (Nogal)","COL",
"Cordia alliodora","Cordia alliodora (Nogal)","COL","wfo-0000620227"
"Crescentia cujete","Crescentia cujete (Totumo)","COL","wfo-0000782030"
"Croton malambo","Croton malambo (Malambo)","COL",
"Dictyocaryum lamarckianum","Dictyocaryum lamarckianum (Palma tagua)","COL","wfo-0000943072"
"Didymopanax morototoni","Didymopanax morototoni (Mano de tigre/Cuero de Tigre)","COL","wfo-0000943189"
"Enterolobium cyclocarpum","Enterolobium cyclocarpum (Carito)","COL","wfo-0000194821"
"Erythrina edulis","Erythrina edulis (Canta gallo)","COL",
"Erythrina poeppigiana","Erythrina poeppigiana (Cachimbo)","COL","wfo-0000165906"
"Euterpe precatoria","Euterpe precatoria (Makenke)","COL","wfo-0000965698"
"Ficus citrifolia","Ficus citrifolia (Higuerón 2)","COL","wfo-0000687833"
"Ficus sp.","Ficus sp. (Higuerón)","COL",
"Gliricidia sepium","Gliricidia sepium (Matarratón)","COL","wfo-0000178022"
"Guarea guidonia","Guarea guidonia (Zambocedro)","COL","wfo-0000710909"
"Guazuma ulmifolia","Guazuma ulmifolia (Guásimo)","COL","wfo-0000711645"
"Handroanthus chrysanthus","Handroanthus chrysanthus (Guayacán)","COL","wfo-0000808824"
"Hymenaea coubaril","Hymenaea coubaril (Algarroba/Algarrobo)","COL",
"Hymenaea courbaril","Hymenaea courbaril (Algarroba/Algarrobo)","COL","wfo-0000168642"
"Inga densiflora","Inga densiflora (Guamo)","COL","wfo-0000165257"
"Inga edulis","Inga edulis (Guamo)","COL","wfo-0000175962"
"Inga sp.","Inga sp. (Guamo)","COL",
"Inga vera","Inga vera (Guamo)","COL","wfo-0000173675"
"Jacaranda caucana","Jacaranda caucana (Gualanday)","COL","wfo-0000778820"
"Lafoensia punicifolia","Lafoensia punicifolia (Trompito)","COL","wfo-0000366823"
"Libidibia coriaria","Libidibia coriaria (Divi divi)","COL","wfo-0000175562"
"Mabea occidentalis","Mabea occidentalis (Mare blanco)","COL","wfo-0000231683"
"Machaerium capote","Machaerium capote (Capote)","COL","wfo-0000169286"
"Machaerium sp.","Machaerium sp. (Siete cuero)","COL",
"Maclura tinctorea","Maclura tinctorea (Mora/Dinde Mora)","COL",
"Maclura tinctoria","Maclura tinctoria (Mora/Tindemora)","COL","wfo-0000447821"
"Mammea americana","Mammea americana (Mamey)","COL",
"Manilkara zapota","Manilkara zapota (Níspero)","COL",
"Matisia cordata","Matisia cordata (Zapote/Zapote chupa-chupa)","COL","wfo-0000369061"
"Melicoccus sp.","Melicoccus sp. (Mamón)","COL",
"Miconia sp","Miconia sp (Tuno)","COL",
"Moringa oleifera","Moringa oleifera (Moringa)","COL","wfo-0001085051"
"Nectandra hihua","Nectandra hihua (Laurel amarillo)","COL","wfo-0000379103"
"Nectandra sp.","Nectandra sp. (Laurel)","COL",
"Nectandra turbacensis","Nectandra turbacensis (Aguacatillo)","COL","wfo-0000381687"
"Ochroma pyramidale","Ochroma pyramidale (Balso)","COL","wfo-0000390582"
"Ocotea caesariata","Ocotea caesariata (Laurel negro)","COL","wfo-0001427181"
"Ocotea calophylla","Ocotea calophylla (Aguacate macho)","COL",
"Oenocarpus minor","Oenocarpus minor (Palma makenke)","COL",
"Ormosia sp.","Ormosia sp. (Pionio)","COL",
"Other or don't know","Other or don't know","COL",
"Pachira quinata","Pachira quinata (Ceiba roja)","COL",
"Parinari pachyphylla","Parinari pachyphylla (Perehuetano)","COL",
"Peltogyne purpurea","Peltogyne purpurea (Cananeo)","COL",
"Persea americana","Persea americana (Aguacate)","COL","wfo-0000465160"
"Persea caerulea","Persea caerulea (Laurel bongo)","COL",
"Persea sp.","Persea sp. (Aguacatillo)","COL",
"Platymiscium pinnatum","Platymiscium pinnatum (Trébol)","COL","wfo-0000169443"
"Platymiscium sp.","Platymiscium sp. (Trébol)","COL",
"Podocarpus sp.","Podocarpus sp. (Pino)","COL",
"Poepiggia procera","Poepiggia procera (Cuchillito)","COL",
"Poeppigia procera","Poeppigia procera (Cuchillito)","COL","wfo-0000174236"
"Pouteria arguacoensium","Pouteria arguacoensium (Manzano de la Sierra)","COL","wfo-0000281543"
"Pouteria caimito","Pouteria caimito (Caimito)","COL",
"Pouteria sapota","Pouteria sapota (Zapotico de monte)","COL","wfo-0000282077"
"Protium neglectum","Protium neglectum (Cascarillo)","COL",
"Protium sp.","Protium sp. (Cascarillo)","COL",
"Protium tenuifolium subsp. tenuifolium","Protium tenuifolium subsp. tenuifolium (Cascarillo)","COL","wfo-1200094050"
"Pseudobombax septenatum","Pseudobombax septenatum (Magajua colora)","COL","wfo-0000397219"
"Pseudosamanea guachapele","Pseudosamanea guachapele (Tabaco)","COL","wfo-0000185990"
"Psidium guajava","Psidium guajava (Guayaba)","COL","wfo-0000284421"
"Pterygota colombiana","Pterygota colombiana (Mastre)","COL","wfo-0000475852"
"Roseodendron chryseum","Roseodendron chryseum (Cañaguate)","COL","wfo-0000779515"
"Sabal mauritiiformis","Sabal mauritiiformis (Palma amarga)","COL",
"Samanea saman","Samanea saman (Campano)","COL","wfo-0000194888"
"Schizolobium parahyba","Schizolobium parahyba (Tambor)","COL","wfo-0000186738"
"Schizolobium sp.","Schizolobium sp. (Tambor)","COL",
"Simira cordifolia","Simira cordifolia (Pijiño)","COL","wfo-0000311151"
"Simiria sp.","Simiria sp. (Pijinio)","COL",
"Spondias mombin","Spondias mombin (Jobo)","COL","wfo-0000435470"
"Spondias purpurea","Spondias purpurea (Ciruela)","COL","wfo-0000435489"
"Sterculia apelata","Sterculia apelata (Camajón)","COL",
"Swietenia macrophylla","Swietenia macrophylla (Caoba)","COL","wfo-0000505131"
"Syzygium sp.","Syzygium sp. (Pera)","COL",
"Tabebuia billbergii","Tabebuia billbergii (Puy)","COL",
"Tabebuia chrysantha","Tabebuia chrysantha (Guayacán)","COL",
"Tabebuia chrysea","Tabebuia chrysea (Cañaguate)","COL",
"Tabebuia rosea","Tabebuia rosea (Roble)","COL","wfo-0000780302"
"Tamarindus indica","Tamarindus indica (Tamarindo)","COL",
"Trema micranthum","Trema micranthum (Látigo)","COL","wfo-0000457786"
"Trema sp.","Trema sp. (Sula)","COL",
"Trichilia pallida","Trichilia pallida (Jobo loco)","COL","wfo-0000455741"
"Triplaris americana","Triplaris americana (Vara santa)","COL","wfo-0000454468"
"Virola sebifera","Virola sebifera (Mortecino)","COL","wfo-0000418491"
"Vismia macrophylla","Vismia macrophylla (Achote)","COL","wfo-0000418662"
"Vismia sp1","Vismia sp1 (Achotino)","COL",
"Vitex cymosa","Vitex cymosa (Aceituna/Aceituno)","COL","wfo-0000333040"
"Xylopia sp","Xylopia sp (Yaya)","COL",
"Zanthoxylum rhoifolium","Zanthoxylum rhoifolium (Tachuelo 1)","COL","wfo-0000429355"
"Zanthoxylum sp","Zanthoxylum sp (Mapurito)","COL",
"Ziziphus sp","Ziziphus sp (Palo blanco)","COL",
"Zygia cf. longifolia","Zygia cf. longifolia (Guamito de piedra)","COL",
"Acrocomia aculeata","Acrocomia aculeata (Coyol)","CUC","wfo-0000486739"
"Alchornea latifolia","Alchornea latifolia (Palo de dólar)","CUC","wfo-0000939231"
"Alvaradoa amorphoides","Alvaradoa amorphoides (Cola de ardilla)","CUC","wfo-0000529101"
"Annona muricata","Annona muricata (Guanábana)","CUC","wfo-0000537848"
"Annona reticulata","Annona reticulata (Anona colorada)","CUC","wfo-0000537905"
"Annona squamosa","Annona squamosa (Anona, saramuyo)","CUC","wfo-0000537947"
"Astronium graveolens","Astronium graveolens (Jobillo)","CUC","wfo-0000554996"
"Atriplex canescens","Atriplex canescens (Chamizo)","CUC","wfo-0000555884"
"Ayenia aculeata","Ayenia aculeata (Zarza)","CUC","wfo-0001423467"
"Azadirachta indica","Azadirachta indica (Neem)","CUC","wfo-0000557668"
"Brosimum alicastrum","Brosimum alicastrum (Ramón)","CUC","wfo-0000572378"
"Bursera simaruba","Bursera simaruba (Palo mulato)","CUC","wfo-0000576316"
"Byrsonima crassifolia","Byrsonima crassifolia (Nanche)","CUC","wfo-0000576794"
"Caesalpinia pulcherrima","Caesalpinia pulcherrima (Flor de pavo real, tabachín)","CUC","wfo-0000214363"
"Calophyllum brasiliense","Calophyllum brasiliense (Barí)","CUC","wfo-0000581058"
"Casearia corymbosa","Casearia corymbosa (Huesito)","CUC","wfo-0000923916"
"Castilla elastica","Castilla elastica (Hule)","CUC","wfo-0000589992"
"Cecropia obtusifolia","Cecropia obtusifolia (Guarumbo)","CUC","wfo-0000592286"
"Cecropia peltata","Cecropia peltata (Guarumbo)","CUC","wfo-0000592298"
"Cedrela odorata","Cedrela odorata (Cedro rojo)","CUC","wfo-0000592446"
"Ceiba aesculifolia","Ceiba aesculifolia (Pochote)","CUC","wfo-0000592562"
"Ceiba pentandra","Ceiba pentandra (Ceiba)","CUC","wfo-0000592594"
"Cestrum nocturnum","Cestrum nocturnum (Galán de noche)","CUC","wfo-0001020728"
"Chamaedorea tepejilote","Chamaedorea tepejilote (Tepejilote)","CUC","wfo-0000839378"
"Chiranthodendron pentadactylon","Chiranthodendron pentadactylon (Flor de manita)","CUC","wfo-0000602317"
"Citronella mucronata","Citronella mucronata (Naranjillo)","CUC","wfo-0000607715"
"Citrus aurantiifolia","Citrus aurantiifolia (Limón criollo)","CUC","wfo-0001242548"
"Citrus aurantium","Citrus aurantium (Naranja agria)","CUC","wfo-0000607909"
"Citrus reticulata","Citrus reticulata (Mandarina)","CUC","wfo-0000607909"
"Citrus sinensis","Citrus sinensis (Naranja dulce)","CUC","wfo-0000607909"
"Citrus x aurantium","Citrus x aurantium","CUC","wfo-0000607909"
"Clethra mexicana","Clethra mexicana (Aguacatillo)","CUC","wfo-0000889388"
"Coccoloba barbadensis","Coccoloba barbadensis (Uvero)","CUC","wfo-0000613007"
"Cocos nucifera","Cocos nucifera (Cocotero)","CUC","wfo-0000903570"
"Coffea arabica","Coffea arabica (Café)","CUC","wfo-0000910097"
"Cojoba arborea","Cojoba arborea (Cojoba)","CUC","wfo-0000171255"
"Cordia alliodora","Cordia alliodora (Laurel)","CUC","wfo-0000620227"
"Cordia dentata","Cordia dentata (Tigüilote)","CUC","wfo-0000620413"
"Cryosophila nana","Cryosophila nana (Palma escoba)","CUC","wfo-0000933077"
"Cupania dentata","Cupania dentata (Guara)","CUC","wfo-0000629437"
"Cupania glabra","Cupania glabra (Guara)","CUC","wfo-0000629476"
"Cyperus esculentus","Cyperus esculentus (Coquito, chufa)","CUC","wfo-0000372964"
"Dalbergia granadillo","Dalbergia granadillo (Granadillo)","CUC","wfo-0000169011"
"Damburneya coriacea","Damburneya coriacea (Laurel de monte)","CUC","wfo-0001347159"
"Diospyros nigra","Diospyros nigra (Zapote negro)","CUC","wfo-0000649408"
"Diphysa americana","Diphysa americana (Guachipelín)","CUC","wfo-0000210419"
"Diphysa carthagenensis","Diphysa carthagenensis (Guachipelín)","CUC","wfo-0000170547"
"Dracaena fragrans","Dracaena fragrans (Tronco de Brasil)","CUC","wfo-0000765769"
"Enterolobium cyclocarpum","Enterolobium cyclocarpum (Guanacaste, parota)","CUC","wfo-0000194821"
"Eryngium foetidum","Eryngium foetidum (Culantro)","CUC","wfo-0000677912"
"Erythrina americana","Erythrina americana (Colorín)","CUC","wfo-0000165879"
"Ficus aurea","Ficus aurea (Higuerón)","CUC","wfo-0000687419"
"Ficus insipida","Ficus insipida (Higuerón)","CUC","wfo-0000688819"
"Genipa americana","Genipa americana (Jagua)","CUC","wfo-0000971808"
"Gliricidia sepium","Gliricidia sepium (Madreado, mata ratón)","CUC","wfo-0000178022"
"Guarea glabra","Guarea glabra (Cedrillo)","CUC","wfo-0000710891"
"Guazuma ulmifolia","Guazuma ulmifolia (Guácimo)","CUC","wfo-0000711645"
"Hamelia patens","Hamelia patens (Coralillo)","CUC","wfo-0000979110"
"Hesperocyparis lusitanica","Hesperocyparis lusitanica (Ciprés mexicano)","CUC","wfo-0000912972"
"Homalium senarium","Homalium senarium (Canshán)","CUC","wfo-0000926352"
"Hymenaea courbaril","Hymenaea courbaril (Guapinol)","CUC","wfo-0000168642"
"Inga edulis","Inga edulis (Guaba)","CUC","wfo-0000175962"
"Inga vera","Inga vera (Jinicuil)","CUC","wfo-0000173675"
"Isertia haenkeana","Isertia haenkeana (Palo de sangre)","CUC","wfo-0000217716"
"Kalanchoe orgyalis","Kalanchoe orgyalis (Oreja de elefante)","CUC","wfo-0001299810"
"Leucaena leucocephala","Leucaena leucocephala (Guaje)","CUC","wfo-0000164084"
"Luehea candida","Luehea candida (Guácimo blanco)","CUC","wfo-0000445212"
"Lysiloma divaricatum","Lysiloma divaricatum (Tepemezquite)","CUC","wfo-0000183564"
"Malvastrum coromandelianum","Malvastrum coromandelianum (Malva)","CUC","wfo-0000449486"
"Mangifera indica","Mangifera indica (Mango)","CUC","wfo-0000371248"
"Manilkara zapota","Manilkara zapota (Chicozapote)","CUC","wfo-0000235995"
"Mariosousa coulteri","Mariosousa coulteri (Acacia de Coulter)","CUC","wfo-0001279155"
"Miconia minutiflora","Miconia minutiflora (Nanche de monte)","CUC","wfo-0001078840"
"Microdesmia arborea","Microdesmia arborea (Icaco de monte)","CUC","wfo-0001356658"
"Musa x paradisiaca","Musa x paradisiaca (Plátano)","CUC","wfo-0000474656"
"Ocotea sinuata","Ocotea sinuata (Laurel)","CUC","wfo-0000383384"
"Other or don't know","Other or don't know","CUC",
"Persea americana","Persea americana (Aguacate)","CUC","wfo-0000465160"
"Pisonia aculeata","Pisonia aculeata (Uña de gato)","CUC","wfo-0000476234"
"Pouteria sapota","Pouteria sapota (Mamey)","CUC","wfo-0000282077"
"Prunus serotina var. salicifolia","Prunus serotina var. salicifolia (Capulín)","CUC","wfo-0001006722"
"Psidium guajava","Psidium guajava (Guayaba)","CUC","wfo-0000284421"
"Quercus castanea","Quercus castanea (Encino roble)","CUC","wfo-0000289991"
"Quercus robur","Quercus robur (Roble europeo)","CUC","wfo-0000292858"
"Roseodendron donnell-smithii","Roseodendron donnell-smithii (Primavera)","CUC","wfo-0000779516"
"Spondias mombin","Spondias mombin (Jobo)","CUC","wfo-0000435470"
"Swietenia macrophylla","Swietenia macrophylla (Caoba)","CUC","wfo-0000505131"
"Syzygium jambos","Syzygium jambos (Pomarrosa)","CUC","wfo-0000318809"
"Tabebuia rosea","Tabebuia rosea (Macuilís, roble rosa)","CUC","wfo-0000780302"
"Tamarindus indica","Tamarindus indica (Tamarindo)","CUC","wfo-0000170926"
"Theobroma cacao","Theobroma cacao (Cacao)","CUC","wfo-0000458440"
"Tipuana tipu","Tipuana tipu (Tipa)","CUC","wfo-0000172971"
"Trophis racemosa","Trophis racemosa (Ramón blanco)","CUC","wfo-0000456065"
"Vachellia collinsii","Vachellia collinsii (Cornizuelo)","CUC","wfo-0001277422"
"Vachellia farnesiana","Vachellia farnesiana (Huizache)","CUC","wfo-0000182273"
"Zanthoxylum fagara","Zanthoxylum fagara (Colima)","CUC","wfo-0000429502"
"Zanthoxylum riedelianum","Zanthoxylum riedelianum (Palo amarillo)","CUC","wfo-0000429350"
"Anacardium occidentale","Anacardium occidentale (Cajueiro, Caju, cajuzeiro)","EMA","wfo-0000533072"
"Anadenanthera colubrina","Anadenanthera colubrina (Angico-branco, Angico-rajado, angico-amargoso)","EMA","wfo-0000169564"
"Andira surinamensis","Andira surinamensis (Angelim, Angelim-amargoso)","EMA","wfo-0000169589"
"Aniba citrifolia","Aniba citrifolia (Louro-branco, Louro-amarelo)","EMA","wfo-0000536817"
"Annona dolabripetala","Annona dolabripetala (Araticum, Pinha-do-mato)","EMA","wfo-0000537743"
"Apeiba tibourbou","Apeiba tibourbou (Pente-de-macaco, Embira, pau-de-seda)","EMA","wfo-0000539840"
"Astronium fraxinifolium","Astronium fraxinifolium (Gonçalo-alves, Muiracatiara)","EMA","wfo-0000554983"
"Attalea maripa","Attalea maripa (Inajá, Inajazeiro)","EMA","wfo-0000296358"
"Attalea speciosa","Attalea speciosa (Babaçu, Coco-babaçu)","EMA","wfo-0000296598"
"Bactris gasipaes","Bactris gasipaes (Pupunha, Pupuinha, pijuayo)","EMA","wfo-0000307252"
"Banara guianensis","Banara guianensis (Capitiú, Tamanqueira)","EMA","wfo-0000921288"
"Bixa orellana","Bixa orellana (Urucum, Açafroa)","EMA","wfo-0000342565"
"Byrsonima crassifolia","Byrsonima crassifolia (Murici, Mirici)","EMA","wfo-0000576794"
"Byrsonima crispa","Byrsonima crispa (Murici-crespo, Murici-do-campo)","EMA","wfo-0000576810"
"Carapa guianensis","Carapa guianensis (Andiroba, Carapanaúba)","EMA","wfo-0000586378"
"Caryocar brasiliense","Caryocar brasiliense (Pequi, Pequiá-do-cerrado)","EMA","wfo-0000808012"
"Cecropia palmata","Cecropia palmata (Embaúba, Umbaúba, torém)","EMA","wfo-0000592293"
"Cedrela fissilis","Cedrela fissilis (Cedro-rosa, Cedro-amargo)","EMA","wfo-0000592409"
"Cochlospermum vitifolium","Cochlospermum vitifolium (Algodão-do-campo, Paina-amarela)","EMA","wfo-0000902633"
"Dipteryx odorata","Dipteryx odorata (Cumaru, Cumaru-verdadeiro, tonka)","EMA","wfo-0000170550"
"Eremanthus erythropappus","Eremanthus erythropappus (Candeia, Candeia-amarela)","EMA","wfo-0000001796"
"Eschweilera coriacea","Eschweilera coriacea (Matamatá, Biribá-grande)","EMA","wfo-0000775226"
"Eschweilera ovata","Eschweilera ovata (Biribá, Embiriba)","EMA","wfo-0000775312"
"Euterpe oleracea","Euterpe oleracea (Açaí, Açaizeiro)","EMA","wfo-0000965687"
"Gliricidia sepium","Gliricidia sepium (Glicídia, Flor-de-santo-antônio)","EMA","wfo-0000178022"
"Gustavia augusta","Gustavia augusta (Jenipapinho-do-mato, Cutite)","EMA","wfo-0000775442"
"Handroanthus aureus","Handroanthus aureus (Ipê-amarelo, Pau-d’arco-amarelo)","EMA","wfo-0000778580"
"Handroanthus heptaphyllus","Handroanthus heptaphyllus (Ipê-roxo, Pau-d’arco-roxo)","EMA","wfo-0000778594"
"Handroanthus impetiginosus","Handroanthus impetiginosus (Ipê-roxo-de-flores-grandes, Piúva)","EMA","wfo-0000778595"
"Handroanthus speciosus","Handroanthus speciosus (Ipê-amarelo-do-cerrado, Ipê-cascudo)","EMA","wfo-0001424123"
"Handroanthus umbellatus","Handroanthus umbellatus (Ipê-amarelo-do-brejo, Ipê-mirim)","EMA","wfo-0000778607"
"Himatanthus sucuuba","Himatanthus sucuuba (Sucuúba, Janaguba)","EMA","wfo-0000982467"
"Hymenaea courbaril","Hymenaea courbaril (Jatobá, Jatobazeiro)","EMA","wfo-0000168642"
"Inga cinnamomea","Inga cinnamomea (Ingá-cipó, Ingá-cheiroso)","EMA","wfo-0000165241"
"Inga edulis","Inga edulis (Ingá-de-metro, Ingá-cipoal)","EMA","wfo-0000175962"
"Jacaranda brasiliana","Jacaranda brasiliana (Caroba, Caroba-verdadeira)","EMA","wfo-0000778814"
"Jupunba cochleata","Jupunba cochleata (Abarema, Ingá-de-metro, angico-de-bezerro)","EMA","wfo-1000002966"
"Lecythis pisonis","Lecythis pisonis (Sapucaia, Cumbuca-de-macaco)","EMA","wfo-0000774428"
"Libidibia ferrea","Libidibia ferrea (Jucá, Pau-ferro, jucaúna)","EMA","wfo-0000744153"
"Luehea divaricata","Luehea divaricata (Açoita-cavalo, Açoita-cavalo-cinza)","EMA","wfo-0000445208"
"Margaritaria nobilis","Margaritaria nobilis (Cocão, Casca-de-anta)","EMA","wfo-0000236325"
"Mimosa caesalpiniifolia","Mimosa caesalpiniifolia (Sansão-do-campo, Amorosa)","EMA","wfo-0000211663"
"Oenocarpus bacaba","Oenocarpus bacaba (Bacaba, Bacabeira)","EMA","wfo-0000254532"
"Ormosia subsimplex","Ormosia subsimplex (Tento, Tento-rajado)","EMA","wfo-0001051837"
"Other or don't know","Other or don't know","EMA",
"Pouteria ramiflora","Pouteria ramiflora (Guapeva, Curriola)","EMA","wfo-0000282030"
"Psidium guajava","Psidium guajava (Goiabeira, Goiaba)","EMA","wfo-0000284421"
"Schinus terebinthifolia","Schinus terebinthifolia (Aroeira, Aroeira-vermelha)","EMA","wfo-0000435152"
"Schizolobium parahyba","Schizolobium parahyba (Guapuruvu, Ficheira)","EMA","wfo-0000186738"
"Solanum paniculatum","Solanum paniculatum (Jurubeba, Jurubeba-amarga)","EMA","wfo-0001030198"
"Spondias mombin","Spondias mombin (Cajá, Taperebá)","EMA","wfo-0000435470"
"Sterculia pruriens","Sterculia pruriens (Xixá, Chichá)","EMA","wfo-0000491748"
"Swietenia macrophylla","Swietenia macrophylla (Mogno, Mogno-brasileiro)","EMA","wfo-0000505131"
"Symphonia globulifera","Symphonia globulifera (Anani, Bacurizeiro-bravo)","EMA","wfo-0000438147"
"Syzygium cumini","Syzygium cumini (Jambolão, Jamelão)","EMA","wfo-0000318521"
"Terminalia argentea","Terminalia argentea (Capitari, Capitação)","EMA","wfo-0001296420"
"Theobroma cacao","Theobroma cacao (Cacaueiro, Cacau)","EMA","wfo-0000458440"
"Theobroma grandiflorum","Theobroma grandiflorum (Cupuaçu, Cupuaçuzeiro)","EMA","wfo-0000458603"
"Vismia guianensis","Vismia guianensis (Lacre, Vime-do-mato)","EMA","wfo-0000422374"
"Abrahamia ditimena","Abrahamia ditimena","FAF","wfo-0001277939"
"Abrahamia grandidieri","Abrahamia grandidieri","FAF","wfo-0001278404"
"Acacia auriculiformis","Acacia auriculiformis","FAF","wfo-0000173754"
"Acacia dealbata","Acacia dealbata","FAF","wfo-0000192338"
"Acacia mangium","Acacia mangium","FAF","wfo-0000202567"
"Albizia adianthifolia","Albizia adianthifolia","FAF","wfo-0000179990"
"Albizia gummifera","Albizia gummifera","FAF","wfo-0000183535"
"Albizia lebbeck","Albizia lebbeck","FAF","wfo-0000184271"
"Aloe vera","Aloe vera","FAF","wfo-0000758976"
"Androya decaryi","Androya decaryi","FAF","wfo-0000534968"
"Annona muricata","Annona muricata","FAF","wfo-0000537848"
"Annona squamosa","Annona squamosa","FAF","wfo-0000537947"
"Antidesma madagascariense","Antidesma madagascariense","FAF","wfo-0000237209"
"Aphloia theiformis","Aphloia theiformis","FAF","wfo-0000540357"
"Artocarpus altilis","Artocarpus altilis","FAF","wfo-0000550425"
"Artocarpus heterophyllus","Artocarpus heterophyllus","FAF","wfo-0000550491"
"Baronia taratana","Baronia taratana","FAF","wfo-0000560675"
"Baudouinia flueggeiformis","Baudouinia flueggeiformis","FAF","wfo-0000195768"
"Brachylaena perrieri","Brachylaena perrieri","FAF","wfo-0000083845"
"Brachylaena ramiflora","Brachylaena ramiflora","FAF","wfo-0000060728"
"Buddleja madagascariensis","Buddleja madagascariensis","FAF","wfo-0000574137"
"Burasaia madagascariensis","Burasaia madagascariensis","FAF","wfo-0000575970"
"Cajanus cajan","Cajanus cajan","FAF","wfo-0000179103"
"Calophyllum inophyllum","Calophyllum inophyllum","FAF","wfo-0000581184"
"Canarium boivinii","Canarium boivinii","FAF","wfo-0000583459"
"Canarium madagascariense","Canarium madagascariense","FAF","wfo-0000583603"
"Carica papaya","Carica papaya","FAF","wfo-0000588009"
"Citrus aurantiifolia","Citrus aurantiifolia","FAF","wfo-0001242548"
"Citrus x aurantium","Citrus x aurantium","FAF","wfo-0000607909"
"Cnestis polyphylla","Cnestis polyphylla","FAF","wfo-0000612730"
"Coffea arabica","Coffea arabica","FAF","wfo-0000910097"
"Coffea canephora","Coffea canephora","FAF","wfo-0000910571"
"Coffea mangoroensis","Coffea mangoroensis","FAF","wfo-0000911440"
"Coffea millotii","Coffea millotii","FAF","wfo-0000911584"
"Combretum coccineum","Combretum coccineum","FAF","wfo-0000616187"
"Corymbia citriodora","Corymbia citriodora","FAF","wfo-0000925431"
"Crateva excelsa","Crateva excelsa","FAF","wfo-0000625694"
"Cryptocarya agathophylla","Cryptocarya agathophylla","FAF","wfo-0000508937"
"Dianella ensifolia","Dianella ensifolia","FAF","wfo-0000765197"
"Diospyros kaki","Diospyros kaki","FAF","wfo-0000649136"
"Dodonaea madagascariensis","Dodonaea madagascariensis","FAF","wfo-0000653083"
"Dombeya lucida","Dombeya lucida","FAF","wfo-0000653811"
"Dracaena angustifolia","Dracaena angustifolia","FAF","wfo-0000765665"
"Dracaena reflexa","Dracaena reflexa","FAF","wfo-0000765906"
"Entada chrysostachys","Entada chrysostachys","FAF","wfo-0000211417"
"Entada louvelii","Entada louvelii","FAF","wfo-0000195892"
"Erica baroniana","Erica baroniana","FAF","wfo-0000671481"
"Eriobotrya japonica","Eriobotrya japonica","FAF","wfo-0000986002"
"Erythroxylum sphaeranthum","Erythroxylum sphaeranthum","FAF","wfo-0000680115"
"Eucalyptus camaldulensis","Eucalyptus camaldulensis","FAF","wfo-0000954597"
"Eucalyptus globulus","Eucalyptus globulus","FAF","wfo-0000954998"
"Eucalyptus grandis","Eucalyptus grandis","FAF","wfo-0001086255"
"Eucalyptus robusta","Eucalyptus robusta","FAF","wfo-0000955809"
"Euphorbia tetraptera","Euphorbia tetraptera","FAF","wfo-0000965083"
"Euphorbia tulearensis","Euphorbia tulearensis","FAF","wfo-0000965208"
"Ficus benjamina","Ficus benjamina","FAF","wfo-0000687511"
"Ficus lutea","Ficus lutea","FAF","wfo-0000689147"
"Ficus marmorata","Ficus marmorata","FAF","wfo-0000689240"
"Ficus polita","Ficus polita","FAF","wfo-0001084781"
"Ficus reflexa","Ficus reflexa","FAF","wfo-0000690015"
"Ficus tiliifolia","Ficus tiliifolia","FAF","wfo-0000690608"
"Flagellaria indica","Flagellaria indica","FAF","wfo-0000424775"
"Gambeya boiviniana","Gambeya boiviniana","FAF","wfo-0000970694"
"Grevillea robusta","Grevillea robusta","FAF","wfo-0000709544"
"Grona adscendens","Grona adscendens","FAF","wfo-0001423669"
"Grona barbata","Grona barbata","FAF","wfo-0001423664"
"Harungana madagascariensis","Harungana madagascariensis","FAF","wfo-0000716096"
"Hymenaea verrucosa","Hymenaea verrucosa","FAF","wfo-0000168651"
"Ilex mitis","Ilex mitis","FAF","wfo-0000729632"
"Intsia bijuga","Intsia bijuga","FAF","wfo-0000168901"
"Jatropha curcas","Jatropha curcas","FAF","wfo-0000219580"
"Lantana camara","Lantana camara","FAF","wfo-0000223016"
"Leea guineensis","Leea guineensis","FAF","wfo-0001145321"
"Litchi chinensis","Litchi chinensis","FAF","wfo-0000446283"
"Luma apiculata","Luma apiculata","FAF","wfo-0000231064"
"Macaranga obovata","Macaranga obovata","FAF","wfo-0000232134"
"Maesa lanceolata","Maesa lanceolata","FAF","wfo-0000448927"
"Malus domestica","Malus domestica","FAF","wfo-0001008355"
"Mangifera indica","Mangifera indica","FAF","wfo-0000371248"
"Miconia crenata","Miconia crenata","FAF","wfo-0001429190"
"Monoporus paludosus","Monoporus paludosus","FAF","wfo-0001085361"
"Moringa oleifera","Moringa oleifera","FAF","wfo-0001085051"
"Morus alba","Morus alba","FAF","wfo-0000447905"
"Mystroxylon aethiopicum","Mystroxylon aethiopicum","FAF","wfo-0000376745"
"Noronhia gracilipes","Noronhia gracilipes","FAF","wfo-0000816587"
"Nuxia capitata","Nuxia capitata","FAF","wfo-0000797416"
"Olax thouarsii","Olax thouarsii","FAF","wfo-0001087292"
"Orfilea coriacea","Orfilea coriacea","FAF","wfo-0000260514"
"Other or don't know","Other or don't know","FAF",
"Persea americana","Persea americana","FAF","wfo-0000465160"
"Petchia cryptophlebia","Petchia cryptophlebia","FAF","wfo-0000267786"
"Phyllarthron schatzii","Phyllarthron schatzii","FAF","wfo-0001315851"
"Piper borbonense","Piper borbonense","FAF","wfo-0001093487"
"Piper nigrum","Piper nigrum","FAF","wfo-0000486494"
"Pittosporum ochrosiifolium","Pittosporum ochrosiifolium","FAF","wfo-0001094621"
"Prunus africana","Prunus africana","FAF","wfo-0000995790"
"Prunus persica","Prunus persica","FAF","wfo-0001005418"
"Psiadia altissima","Psiadia altissima","FAF","wfo-1000043685"
"Psidium guajava","Psidium guajava","FAF","wfo-0000284421"
"Psorospermum chionanthifolium","Psorospermum chionanthifolium","FAF","wfo-0001295822"
"Pterophylla decora","Pterophylla decora","FAF","wfo-1000028600"
"Pterophylla madagascariensis","Pterophylla madagascariensis","FAF","wfo-1000028623"
"Pterophylla rutenbergii","Pterophylla rutenbergii","FAF","wfo-1000028641"
"Punica granatum","Punica granatum","FAF","wfo-0000468843"
"Rosa richardii","Rosa richardii","FAF","wfo-0000987564"
"Schinus terebinthifolia","Schinus terebinthifolia","FAF","wfo-0000435152"
"Sclerocarya birrea","Sclerocarya birrea","FAF","wfo-0000434908"
"Scolopia madagascariensis","Scolopia madagascariensis","FAF","wfo-0001063032"
"Spondias dulcis","Spondias dulcis","FAF","wfo-0000435462"
"Streblus dimepate","Streblus dimepate","FAF","wfo-0001084938"
"Streblus mauritianus","Streblus mauritianus","FAF","wfo-0000505943"
"Symphonia urophylla","Symphonia urophylla","FAF","wfo-0001295866"
"Syzygium aromaticum","Syzygium aromaticum","FAF","wfo-0000318267"
"Syzygium cumini","Syzygium cumini","FAF","wfo-0000318521"
"Syzygium emirnense","Syzygium emirnense","FAF","wfo-0000318599"
"Syzygium jambos","Syzygium jambos","FAF","wfo-0000318809"
"Syzygium onivense","Syzygium onivense","FAF","wfo-0000319123"
"Syzygium parkeri","Syzygium parkeri","FAF","wfo-0000319167"
"Tamarindus indica","Tamarindus indica","FAF","wfo-0000170926"
"Tambourissa hildebrandtii","Tambourissa hildebrandtii","FAF","wfo-0001084522"
"Tambourissa madagascariensis","Tambourissa madagascariensis","FAF","wfo-0001084523"
"Tambourissa purpurea","Tambourissa purpurea","FAF","wfo-0001084531"
"Thilachium angustifolium","Thilachium angustifolium","FAF","wfo-0001290412"
"Tina apiculata","Tina apiculata","FAF","wfo-0001135055"
"Trachylobium homemannianum","Trachylobium homemannianum","FAF","wfo-0000414154"
"Trema orientalis","Trema orientalis","FAF","wfo-0000457758"
"Uapaca thouarsii","Uapaca thouarsii","FAF","wfo-0000329115"
"Urochloa brizantha","Urochloa brizantha","FAF","wfo-0000906798"
"Vanilla planifolia","Vanilla planifolia","FAF","wfo-0000331533"
"Vitex betsiliensis","Vitex betsiliensis","FAF","wfo-0000332968"
"Vitis vinifera","Vitis vinifera","FAF","wfo-0000421791"
"Voacanga thouarsii","Voacanga thouarsii","FAF","wfo-0000333650"
"Xylopia humblotiana","Xylopia humblotiana","FAF","wfo-0001065803"
"Acacia auriculiformis","Acacia auriculiformis","FAL","wfo-0000173754"
"Acacia mangium","Acacia mangium","FAL","wfo-0000202567"
"Adenanthera pavonina","Adenanthera pavonina","FAL","wfo-0000173869"
"Afzelia bipindensis","Afzelia bipindensis","FAL","wfo-0000211767"
"Albizia adianthifolia","Albizia adianthifolia","FAL","wfo-0000179990"
"Albizia chinensis","Albizia chinensis","FAL","wfo-0000182103"
"Albizia lebbeck","Albizia lebbeck","FAL","wfo-0000184271"
"Alchornea cordifolia","Alchornea cordifolia","FAL","wfo-0000938571"
"Antrocaryon klaineanum","Antrocaryon klaineanum","FAL","wfo-0000539713"
"Aucoumea klaineana","Aucoumea klaineana","FAL","wfo-0000556878"
"Autranella congolensis","Autranella congolensis","FAL","wfo-0000302689"
"Baillonella toxisperma","Baillonella toxisperma","FAL","wfo-0000311990"
"Blighia welwitschii","Blighia welwitschii","FAL","wfo-0000566875"
"Bobgunnia fistuloides","Bobgunnia fistuloides","FAL","wfo-0000192567"
"Brachystegia laurentii","Brachystegia laurentii","FAL","wfo-0000213807"
"Bridelia micrantha","Bridelia micrantha","FAL","wfo-0000421441"
"Caloncoba welwitschii","Caloncoba welwitschii","FAL","wfo-0000923638"
"Canarium schweinfurthii","Canarium schweinfurthii","FAL","wfo-0001328093"
"Ceiba pentandra","Ceiba pentandra","FAL","wfo-0000592594"
"Celtis tessmannii","Celtis tessmannii","FAL","wfo-0000593782"
"Chaetocarpus africanus","Chaetocarpus africanus","FAL","wfo-0000836059"
"Chrysophyllum africanum","Chrysophyllum africanum","FAL","wfo-0000853878"
"Cleistopholis glauca","Cleistopholis glauca","FAL","wfo-0000609404"
"Coffea arabica","Coffea arabica","FAL","wfo-0000910097"
"Coffea canephora","Coffea canephora","FAL","wfo-0000910571"
"Croton mubango","Croton mubango","FAL","wfo-0000931762"
"Detarium macrocarpum","Detarium macrocarpum","FAL","wfo-0000166410"
"Dialium englerianum","Dialium englerianum","FAL","wfo-0000166574"
"Dialium pachyphyllum","Dialium pachyphyllum","FAL","wfo-0000166755"
"Dichostemma glaucescens","Dichostemma glaucescens","FAL","wfo-0000942979"
"Diospyros crassiflora","Diospyros crassiflora","FAL","wfo-0000648727"
"Distemonanthus benthamianus","Distemonanthus benthamianus","FAL","wfo-0000167098"
"Dracaena mannii","Dracaena mannii","FAL","wfo-0000765846"
"Entandrophragma candollei","Entandrophragma candollei","FAL","wfo-0000668209"
"Entandrophragma cylindricum","Entandrophragma cylindricum","FAL","wfo-0000668215"
"Entandrophragma utile","Entandrophragma utile","FAL","wfo-0000668244"
"Erythrophleum ivorense","Erythrophleum ivorense","FAL","wfo-0000194825"
"Erythrophleum suaveolens","Erythrophleum suaveolens","FAL","wfo-0000194829"
"Fillaeopsis discophora","Fillaeopsis discophora","FAL","wfo-0000163602"
"Flacourtia indica","Flacourtia indica","FAL","wfo-0000925655"
"Gaertnera paniculata","Gaertnera paniculata","FAL","wfo-0000967623"
"Gambeya lacourtiana","Gambeya lacourtiana","FAL","wfo-0000970704"
"Garcinia kola","Garcinia kola","FAL","wfo-0000694394"
"Gilbertiodendron dewevrei","Gilbertiodendron dewevrei","FAL","wfo-0000167462"
"Guibourtia demeusei","Guibourtia demeusei","FAL","wfo-0000168393"
"Guibourtia pellegriniana","Guibourtia pellegriniana","FAL","wfo-0001057635"
"Harungana madagascariensis","Harungana madagascariensis","FAL","wfo-0000716096"
"Hevea brasiliensis","Hevea brasiliensis","FAL","wfo-0000982080"
"Hymenocardia acida","Hymenocardia acida","FAL","wfo-0000216004"
"Irvingia gabonensis","Irvingia gabonensis","FAL","wfo-0000732297"
"Irvingia smithii","Irvingia smithii","FAL","wfo-0000732317"
"Khaya senegalensis","Khaya senegalensis","FAL","wfo-0000356989"
"Lannea welwitschii","Lannea welwitschii","FAL","wfo-0000360256"
"Leplaea cedrata","Leplaea cedrata","FAL","wfo-0001333610"
"Leucaena leucocephala","Leucaena leucocephala","FAL","wfo-0000164084"
"Ligustrum vulgare","Ligustrum vulgare","FAL","wfo-0000815984"
"Maesopsis eminii","Maesopsis eminii","FAL","wfo-0000452431"
"Mammea africana","Mammea africana","FAL","wfo-0000375043"
"Mangifera indica","Mangifera indica","FAL","wfo-0000371248"
"Maprounea africana","Maprounea africana","FAL","wfo-0000236256"
"Milicia excelsa","Milicia excelsa","FAL","wfo-0000447908"
"Millettia drastica","Millettia drastica","FAL","wfo-0000199845"
"Millettia laurentii","Millettia laurentii","FAL","wfo-0000200277"
"Millettia versicolor","Millettia versicolor","FAL","wfo-0000200860"
"Moringa oleifera","Moringa oleifera","FAL","wfo-0001085051"
"Musanga cecropioides","Musanga cecropioides","FAL","wfo-0000374733"
"Nauclea diderrichii","Nauclea diderrichii","FAL","wfo-0000249515"
"Ochna afzelii","Ochna afzelii","FAL","wfo-0000388902"
"Ongokea gore","Ongokea gore","FAL","wfo-0000389510"
"Other or don't know","Other or don't know","FAL",
"Pachira aquatica","Pachira aquatica","FAL","wfo-0000397427"
"Pachylobus normandii","Pachylobus normandii","FAL","wfo-0001423920"
"Paramacrolobium coeruleum","Paramacrolobium coeruleum","FAL","wfo-0001057771"
"Parkia bicolor","Parkia bicolor","FAL","wfo-0000176872"
"Pentaclethra macrophylla","Pentaclethra macrophylla","FAL","wfo-0000178053"
"Pericopsis elata","Pericopsis elata","FAL","wfo-0000212083"
"Persea americana","Persea americana","FAL","wfo-0000465160"
"Phyllanthus gabonensis","Phyllanthus gabonensis","FAL","wfo-0000836371"
"Piptadeniastrum africanum","Piptadeniastrum africanum","FAL","wfo-0000168772"
"Prioria balsamifera","Prioria balsamifera","FAL","wfo-0001252462"
"Prioria oxyphylla","Prioria oxyphylla","FAL","wfo-0001252475"
"Pterocarpus soyauxii","Pterocarpus soyauxii","FAL","wfo-0000172858"
"Pycnanthus angolensis","Pycnanthus angolensis","FAL","wfo-0000476435"
"Ricinodendron heudelotii","Ricinodendron heudelotii","FAL","wfo-0000297055"
"Ricinodendron heudelotii subsp. africanum","Ricinodendron heudelotii subsp. africanum","FAL","wfo-0000297056"
"Schizolobium parahyba","Schizolobium parahyba","FAL","wfo-0000186738"
"Scorodophloeus zenkeri","Scorodophloeus zenkeri","FAL","wfo-0000170783"
"Senna corymbosa","Senna corymbosa","FAL","wfo-0000163689"
"Senna siamea","Senna siamea","FAL","wfo-0000164745"
"Senna spectabilis","Senna spectabilis","FAL","wfo-0000164878"
"Senna x floribunda","Senna x floribunda","FAL","wfo-0001055947"
"Senna × floribunda","Senna × floribunda","FAL","wfo-0001055947"
"Staudtia kamerunensis","Staudtia kamerunensis","FAL","wfo-0001085238"
"Strombosia grandifolia","Strombosia grandifolia","FAL","wfo-0000505579"
"Symphonia globulifera","Symphonia globulifera","FAL","wfo-0000438147"
"Terminalia superba","Terminalia superba","FAL","wfo-0000408519"
"Tessmannia africana","Tessmannia africana","FAL","wfo-0000170937"
"Tetraberlinia bifoliolata","Tetraberlinia bifoliolata","FAL","wfo-0000171097"
"Tetrapleura tetraptera","Tetrapleura tetraptera","FAL","wfo-0000171351"
"Treculia africana","Treculia africana","FAL","wfo-0000456573"
"Uapaca guineensis","Uapaca guineensis","FAL","wfo-0000329039"
"Uapaca heudelotii","Uapaca heudelotii","FAL","wfo-0000329044"
"Vitex ferruginea","Vitex ferruginea","FAL","wfo-0000333079"
"Bursera","Bursera","FED","wfo-4000005804"
"Bursera simaruba","Bursera simaruba (Indio desnudo, jiote)","FED","wfo-4000005804"
"Byrsonima crassifolia","Byrsonima crassifolia (Arbol de nance)","FED","wfo-0000576794"
"Calophyllum brasiliense","Calophyllum brasiliense (Santa Maria)","FED","wfo-0000581058"
"Calophyllum brasiliense var. antillanum","Calophyllum brasiliense var. antillanum (Santa Maria)","FED","wfo-0000581059"
"Casimiroa edulis","Casimiroa edulis (Matasano, zapote blanco)","FED","wfo-0000589005"
"Casuarina","Casuarina","FED","wfo-4000006952"
"Casuarina equisetifolia","Casuarina equisetifolia (Casuarina)","FED","wfo-0000590663"
"Casuarina sp.","Casuarina sp. (Casuarina)","FED","wfo-4000006952"
"Cecropia","Cecropia","FED","wfo-4000007108"
"Cecropia obtusifolia","Cecropia obtusifolia (Guarumo, guarumbo)","FED","wfo-0000592286"
"Cecropia peltata","Cecropia peltata (Guarumo, guarumbo)","FED","wfo-0000592298"
"Cecropia sp.","Cecropia sp. (Guarumo, guarumbo)","FED","wfo-4000007108"
"Cedrela odorata","Cedrela odorata (Cedro)","FED","wfo-0000592446"
"Ceiba pentandra","Ceiba pentandra (Ceiba, ceibo)","FED","wfo-0000592594"
"Citrus aurantiifolia","Citrus aurantiifolia (Limon, limonero)","FED","wfo-0001242548"
"Citrus x aurantium","Citrus x aurantium (Naranjo agrio, naranjo amargo)","FED","wfo-0000607909"
"Cojoba arborea","Cojoba arborea (Tamarindo silvestre)","FED","wfo-0000171255"
"Cordia alliodora","Cordia alliodora (Laurel, Laurel blanco)","FED","wfo-0000620227"
"Corymbia torelliana","Corymbia torelliana (Eucalipto torreliana)","FED","wfo-0000925593"
"Cupressus","Cupressus","FED","wfo-4000010075"
"Cupressus sp.","Cupressus sp. (cipres)","FED","wfo-4000010075"
"Dalbergia stevensonii","Dalbergia stevensonii (Rosul)","FED","wfo-0000169029"
"Dalbergia tucurensis","Dalbergia tucurensis (Granadillo)","FED","wfo-0000169031"
"Enterolobium","Enterolobium","FED","wfo-4000013494"
"Enterolobium sp.","Enterolobium sp. (Guanacaste)","FED","wfo-4000013494"
"Erythrina poeppigiana","Erythrina poeppigiana (Poro, pito extranjero)","FED","wfo-0000165906"
"Genipa americana","Genipa americana (Jagua)","FED","wfo-0000971808"
"Gliricidia sepium","Gliricidia sepium (Madrecacao, mata raton)","FED","wfo-0000178022"
"Handroanthus ochraceus","Handroanthus ochraceus (Cortes amarillo)","FED","wfo-0000778601"
"Hesperocyparis lusitanica","Hesperocyparis lusitanica (Cipres comun)","FED","wfo-0000912972"
"Inga","Inga","FED","wfo-4000019086"
"Inga sp.","Inga sp. (Guama, paterna)","FED","wfo-4000019086"
"Inga vera","Inga vera (Guamo macho, guama)","FED","wfo-0000173675"
"Kalmia latifolia","Kalmia latifolia (Laurel de montaña)","FED","wfo-0000356132"
"Liquidambar styraciflua","Liquidambar styraciflua (Liquidambar)","FED","wfo-0000364015"
"Litsea glaucescens","Litsea glaucescens (Falso laurel, Arrayan)","FED","wfo-0000365712"
"Magnolia grandiflora","Magnolia grandiflora (Magnolia comun)","FED","wfo-0000233174"
"Mangifera indica","Mangifera indica (Mango)","FED","wfo-0000371248"
"Musa x paradisiaca","Musa x paradisiaca (Platano, bananero)","FED","wfo-0000474656"
"Ochroma pyramidale","Ochroma pyramidale (Palo balsa, bach)","FED","wfo-0000390582"
"Other or don't know","Other or don't know","FED",
"Pachira aquatica","Pachira aquatica (Zapote de agua)","FED","wfo-0000397427"
"Persea americana","Persea americana (Aguacate)","FED","wfo-0000465160"
"Perymenium grande","Perymenium grande (Taxiscobo, tatascán)","FED","wfo-0000081604"
"Pinus maximinoi","Pinus maximinoi (Pino candelillo)","FED","wfo-0000481770"
"Pinus oocarpa","Pinus oocarpa (Pino ocote)","FED","wfo-0000481733"
"Platymiscium dimorphandrum","Platymiscium dimorphandrum (Palo de hormigo, granadillo)","FED","wfo-0000169436"
"Pouteria sapota","Pouteria sapota (Zapote)","FED","wfo-0000282077"
"Quercus","Quercus","FED","wfo-4000032377"
"Quercus humboldtii","Quercus humboldtii","FED","wfo-0000291146"
"Quercus sapotifolia","Quercus sapotifolia","FED","wfo-0000293079"
"Quercus sp.","Quercus sp. (Encino)","FED","wfo-4000032377"
"Quercus virginiana","Quercus virginiana","FED","wfo-0000293884"
"Roseodendron donnell-smithii","Roseodendron donnell-smithii (Cortez blanco, Primavera)","FED","wfo-0000779516"
"Saurauia villosa","Saurauia villosa (Barba de toro)","FED","wfo-0000500906"
"Swietenia macrophylla","Swietenia macrophylla (Caoba)","FED","wfo-0000505131"
"Tabebuia rosea","Tabebuia rosea (Matilisguate)","FED","wfo-0000780302"
"Vochysia guatemalensis","Vochysia guatemalensis (San Juan)","FED","wfo-0001146187"
"Brosimum alicastrum","Brosimum alicastrum (Ramón, Ojoche)","FRA","wfo-0000572378"
"Brosimum alicastrum","Brosimum alicastrum","FRA","wfo-0000572378"
"Calycophyllum candidissimum","Calycophyllum candidissimum (Madroño)","FRA","wfo-0000782062"
"Calycophyllum candidissimum","Calycophyllum candidissimum","FRA","wfo-0000782062"
"Cedrela odorata","Cedrela odorata (Cedro rojo)","FRA","wfo-0000592446"
"Cedrela odorata","Cedrela odorata","FRA","wfo-0000592446"
"Ceiba pentandra","Ceiba pentandra (Ceiba, Pochote, Pochota)","FRA","wfo-0000592594"
"Ceiba pentandra","Ceiba pentandra","FRA","wfo-0000592594"
"Coffea arabica","Coffea arabica (Café)","FRA","wfo-0000910097"
"Coffea arabica","Coffea arabica","FRA","wfo-0000910097"
"Cordia alliodora","Cordia alliodora (Laurel)","FRA","wfo-0000620227"
"Cordia alliodora","Cordia alliodora","FRA","wfo-0000620227"
"Cordia dodecandra","Cordia dodecandra (Ciricote)","FRA","wfo-0000620429"
"Cordia dodecandra","Cordia dodecandra","FRA","wfo-0000620429"
"Diphysa americana","Diphysa americana (Guachipelín, Guachipilin)","FRA","wfo-0000210419"
"Diphysa americana","Diphysa americana","FRA","wfo-0000210419"
"Enterolobium cyclocarpum","Enterolobium cyclocarpum (Guanacaste, Parota)","FRA","wfo-0000194821"
"Enterolobium cyclocarpum","Enterolobium cyclocarpum","FRA","wfo-0000194821"
"Eysenhardtia polystachya","Eysenhardtia polystachya (Palo dulce)","FRA","wfo-0000165921"
"Eysenhardtia polystachya","Eysenhardtia polystachya","FRA","wfo-0000165921"
"Gliricidia sepium","Gliricidia sepium (Madreado, Mata ratón, Madre Cacao)","FRA","wfo-0000178022"
"Gliricidia sepium","Gliricidia sepium","FRA","wfo-0000178022"
"Guazuma ulmifolia","Guazuma ulmifolia (Guácimo, cahulote)","FRA","wfo-0000711645"
"Guazuma ulmifolia","Guazuma ulmifolia","FRA","wfo-0000711645"
"Hesperocyparis lusitanica","Hesperocyparis lusitanica (Ciprés mexicano)","FRA","wfo-0000912972"
"Hesperocyparis lusitanica","Hesperocyparis lusitanica","FRA","wfo-0000912972"
"Inga vera","Inga vera (Jinicuil, Guamo)","FRA","wfo-0000173675"
"Inga vera","Inga vera","FRA","wfo-0000173675"
"Inga vera subsp. vera","Inga vera subsp. vera","FRA","wfo-0000179944"
"Leucaena leucocephala","Leucaena leucocephala (Guaje, guash)","FRA","wfo-0000164084"
"Leucaena leucocephala","Leucaena leucocephala","FRA","wfo-0000164084"
"Other or don't know","Other or don't know","FRA",
"Pinus oocarpa","Pinus oocarpa (Ocote, pino ocote)","FRA","wfo-0000481733"
"Pinus oocarpa","Pinus oocarpa","FRA","wfo-0000481733"
"Platymiscium dimorphandrum","Platymiscium dimorphandrum (Granadillo)","FRA","wfo-0000169436"
"Platymiscium dimorphandrum","Platymiscium dimorphandrum","FRA","wfo-0000169436"
"Poeppigia procera","Poeppigia procera (Cola de pava)","FRA","wfo-0000174236"
"Poeppigia procera","Poeppigia procera","FRA","wfo-0000174236"
"Roseodendron donnell-smithii","Roseodendron donnell-smithii (Primavera)","FRA","wfo-0000779516"
"Roseodendron donnell-smithii","Roseodendron donnell-smithii","FRA","wfo-0000779516"
"Swietenia humilis","Swietenia humilis (Caobilla, Caoba del Pacífico)","FRA","wfo-0000505132"
"Swietenia humilis","Swietenia humilis","FRA","wfo-0000505132"
"Swietenia macrophylla","Swietenia macrophylla (Caoba)","FRA","wfo-0000505131"
"Swietenia macrophylla","Swietenia macrophylla","FRA","wfo-0000505131"
"Tabebuia rosea","Tabebuia rosea (Macuilís, Roble rosa)","FRA","wfo-0000780302"
"Tabebuia rosea","Tabebuia rosea","FRA","wfo-0000780302"
"Tecoma stans","Tecoma stans (Tronadora)","FRA","wfo-0000779838"
"Tecoma stans","Tecoma stans","FRA","wfo-0000779838"
"Theobroma cacao","Theobroma cacao (Cacao)","FRA","wfo-0000458440"
"Theobroma cacao","Theobroma cacao","FRA","wfo-0000458440"
"Tithonia diversifolia","Tithonia diversifolia (Botón de oro)","FRA","wfo-0000018279"
"Tithonia diversifolia","Tithonia diversifolia","FRA","wfo-0000018279"
"Vachellia campeachiana","Vachellia campeachiana (Acacia campechiana, Aroma)","FRA","wfo-0001277415"
"Vachellia campeachiana","Vachellia campeachiana","FRA","wfo-0001277415"
"Abarema","Abarema","GAF","wfo-4000000013"
"Abarema sp.","Abarema sp. (NA)","GAF","wfo-4000000013"
"Aegiphila integrifolia","Aegiphila integrifolia (Tamanqueiro, Tamanqueira, Pau-De-Tamanco, Pau-De-Gaiola, Mululo, Fruta-De-Papagaio, Fumo-Bravo, Fidalgo, Minura, Briaúva)","GAF","wfo-0000809574"
"Aegiphila integrifolia","Aegiphila integrifolia","GAF","wfo-0000809574"
"Aidia","Aidia","GAF","wfo-4000001014"
"Aidia sp.","Aidia sp. (Laranjeira-Do-Mato,)","GAF","wfo-4000001014"
"Alchornea sidifolia","Alchornea sidifolia (Tanheiro)","GAF","wfo-0000939897"
"Alchornea sidifolia","Alchornea sidifolia","GAF","wfo-0000939897"
"Allophylus racemosus","Allophylus racemosus (Chal-Chal, Vacum)","GAF","wfo-0000526834"
"Allophylus racemosus","Allophylus racemosus","GAF","wfo-0000526834"
"Alseis floribunda","Alseis floribunda (Falsa-Pelada, Goiabeira, Goiabeira-Branca, Guabiraba-Preta)","GAF","wfo-0000951557"
"Alseis floribunda","Alseis floribunda","GAF","wfo-0000951557"
"Anacardium occidentale","Anacardium occidentale (Cajueiro)","GAF","wfo-0000533072"
"Anacardium occidentale","Anacardium occidentale","GAF","wfo-0000533072"
"Anadenanthera colubrina","Anadenanthera colubrina (Angico)","GAF","wfo-0000169564"
"Anadenanthera colubrina","Anadenanthera colubrina","GAF","wfo-0000169564"
"Anadenanthera macrocarpa","Anadenanthera macrocarpa (Angico-Vermelho)","GAF","wfo-0000183302"
"Anadenanthera macrocarpa","Anadenanthera macrocarpa","GAF","wfo-0000183302"
"Andira","Andira","GAF","wfo-4000001959"
"Andira anthelmia","Andira anthelmia (Angelim)","GAF","wfo-0000169569"
"Andira anthelmia","Andira anthelmia","GAF","wfo-0000169569"
"Andira fraxinifolia","Andira fraxinifolia (Angelim-Doce, Angelim-Rosa, Angelim-Do-Mato, Pau-De-Morcego, Angelim-Branco, Angelim-Coco, Angelim-Mirim, Angelim-Preto, Angelim-Amargoso, Angelim-Pedra, Angelim-Roxo)","GAF","wfo-0000169573"
"Andira fraxinifolia","Andira fraxinifolia","GAF","wfo-0000169573"
"Andira legalis","Andira legalis (Angelim Coco, Angelim Doce, Urarema, Angelim Gigante)","GAF","wfo-0000182252"
"Andira legalis","Andira legalis","GAF","wfo-0000182252"
"Andira sp.","Andira sp. (NA)","GAF","wfo-4000001959"
"Aniba firmula","Aniba firmula (Canela)","GAF","wfo-0000536830"
"Aniba firmula","Aniba firmula","GAF","wfo-0000536830"
"Annona mucosa","Annona mucosa (Biribazeiro)","GAF","wfo-0000537847"
"Annona mucosa","Annona mucosa","GAF","wfo-0000537847"
"Annona muricata","Annona muricata (Graviola)","GAF","wfo-0000537848"
"Annona muricata","Annona muricata","GAF","wfo-0000537848"
"Annona sylvatica","Annona sylvatica (Araticum, Araticum-Do-Mato)","GAF","wfo-0000537958"
"Annona sylvatica","Annona sylvatica","GAF","wfo-0000537958"
"Apeiba tibourbou","Apeiba tibourbou (Pau De Angada, Malva Pente-De-Macaco, Pente-De-Macaco, Pau-De-Jangada, Escova-De-Macaco)","GAF","wfo-0000539840"
"Apeiba tibourbou","Apeiba tibourbou","GAF","wfo-0000539840"
"Apuleia leiocarpa","Apuleia leiocarpa (Grápia)","GAF","wfo-0000186778"
"Apuleia leiocarpa","Apuleia leiocarpa","GAF","wfo-0000186778"
"Arapatiella psilophylla","Arapatiella psilophylla (Arapati, Faveco-Vermelho)","GAF","wfo-0001049801"
"Arapatiella psilophylla","Arapatiella psilophylla","GAF","wfo-0001049801"
"Aspidosperma discolor","Aspidosperma discolor (Pau-Falha)","GAF","wfo-0000290579"
"Aspidosperma discolor","Aspidosperma discolor","GAF","wfo-0000290579"
"Aspidosperma polyneuron","Aspidosperma polyneuron (Peroba-Comum, Peroba-Rosa)","GAF","wfo-0000291421"
"Aspidosperma polyneuron","Aspidosperma polyneuron","GAF","wfo-0000291421"
"Astronium fraxinifolium","Astronium fraxinifolium (Gonçalo, Gonçalo-Alves, Gonçaleiro)","GAF","wfo-0000554983"
"Astronium fraxinifolium","Astronium fraxinifolium","GAF","wfo-0000554983"
"Baccharis calvescens","Baccharis calvescens (Alecrim-Do-Mato, Alecrim)","GAF","wfo-0000030508"
"Baccharis calvescens","Baccharis calvescens","GAF","wfo-0000030508"
"Bauhinia forficata","Bauhinia forficata (Pata-De-Vaca)","GAF","wfo-0000173906"
"Bauhinia forficata","Bauhinia forficata","GAF","wfo-0000173906"
"Bauhinia longifolia","Bauhinia longifolia (Pata-De-Vaca Do Campo)","GAF","wfo-0000178467"
"Bauhinia longifolia","Bauhinia longifolia","GAF","wfo-0000178467"
"Bixa orellana","Bixa orellana (Urucum)","GAF","wfo-0000342565"
"Bixa orellana","Bixa orellana","GAF","wfo-0000342565"
"Bowdichia virgilioides","Bowdichia virgilioides (Sucupira-Preta, Sucupira-Do-Cerrado, Sicupira-Do-Cerrado, Sapupira-Do-Campo, Sucupira-Açu, Cutiúba, Sepifirme, Sucupira-Amarela, Sucupira-Da-Praia, Sebepira, Paricarana, Jurema-Mineira E Acari-Açu)","GAF","wfo-0000164496"
"Bowdichia virgilioides","Bowdichia virgilioides","GAF","wfo-0000164496"
"Brosimum rubescens","Brosimum rubescens (Conduru-De-Sangue, Amapá-Doce, Apé, Muirapiranga, Conduru, Pau-Rainha)","GAF","wfo-0000572443"
"Brosimum rubescens","Brosimum rubescens","GAF","wfo-0000572443"
"Byrsonima crassifolia","Byrsonima crassifolia (Murici)","GAF","wfo-0000576794"
"Byrsonima crassifolia","Byrsonima crassifolia","GAF","wfo-0000576794"
"Byrsonima sericea","Byrsonima sericea (Murici)","GAF","wfo-0000577022"
"Byrsonima sericea","Byrsonima sericea","GAF","wfo-0000577022"
"Byrsonima verbascifolia","Byrsonima verbascifolia (Murici, Muricizeiro)","GAF","wfo-0000577076"
"Byrsonima verbascifolia","Byrsonima verbascifolia","GAF","wfo-0000577076"
"Caesalpinia","Caesalpinia","GAF","wfo-4000005909"
"Caesalpinia sp.","Caesalpinia sp. (NA)","GAF","wfo-4000005909"
"Calophyllum brasiliense","Calophyllum brasiliense (Guanandi, Olandi)","GAF","wfo-0000581058"
"Calophyllum brasiliense","Calophyllum brasiliense","GAF","wfo-0000581058"
"Campomanesia dichotoma","Campomanesia dichotoma (Guabiroba Roxa)","GAF","wfo-0000792910"
"Campomanesia dichotoma","Campomanesia dichotoma","GAF","wfo-0000792910"
"Cariniana estrellensis","Cariniana estrellensis (Jequitibá-Branco)","GAF","wfo-0000775058"
"Cariniana estrellensis","Cariniana estrellensis","GAF","wfo-0000775058"
"Cariniana legalis","Cariniana legalis (Jequitibá-Rosa)","GAF","wfo-0000775066"
"Cariniana legalis","Cariniana legalis","GAF","wfo-0000775066"
"Caryocar brasiliense","Caryocar brasiliense (Pequi-De-Capoeira)","GAF","wfo-0000808012"
"Caryocar brasiliense","Caryocar brasiliense","GAF","wfo-0000808012"
"Casearia sylvestris","Casearia sylvestris (Guassotonga, Guaçatonga)","GAF","wfo-0000924251"
"Casearia sylvestris","Casearia sylvestris","GAF","wfo-0000924251"
"Cecropia hololeuca","Cecropia hololeuca (Embaúba-Prateada)","GAF","wfo-0000592236"
"Cecropia hololeuca","Cecropia hololeuca","GAF","wfo-0000592236"
"Cecropia pachystachya","Cecropia pachystachya (Embaúba)","GAF","wfo-0000592291"
"Cecropia pachystachya","Cecropia pachystachya","GAF","wfo-0000592291"
"Cedrela fissilis","Cedrela fissilis (Cedro, Cedro-Rosa, Cedro-Branco)","GAF","wfo-0000592409"
"Cedrela fissilis","Cedrela fissilis","GAF","wfo-0000592409"
"Ceiba pubiflora","Ceiba pubiflora (Painera, Barriguda, Barriguda-De-Espinho)","GAF","wfo-0000592597"
"Ceiba pubiflora","Ceiba pubiflora","GAF","wfo-0000592597"
"Ceiba speciosa","Ceiba speciosa (Painera, Barriguda, Barriguda-De-Espinho)","GAF","wfo-0000592612"
"Ceiba speciosa","Ceiba speciosa","GAF","wfo-0000592612"
"Centrolobium robustum","Centrolobium robustum (Putumuju, Araraúva, Arariba, Araribá)","GAF","wfo-0000174029"
"Centrolobium robustum","Centrolobium robustum","GAF","wfo-0000174029"
"Chrysophyllum splendens","Chrysophyllum splendens (Cajueirinho)","GAF","wfo-0000857592"
"Chrysophyllum splendens","Chrysophyllum splendens","GAF","wfo-0000857592"
"Cinnamomum verum","Cinnamomum verum (Caneleira-Verdadeira)","GAF","wfo-0000605512"
"Cinnamomum verum","Cinnamomum verum","GAF","wfo-0000605512"
"Citharexylum myrianthum","Citharexylum myrianthum (Tucaneiro, Pau-De-Viola)","GAF","wfo-0000867825"
"Citharexylum myrianthum","Citharexylum myrianthum","GAF","wfo-0000867825"
"Coccoloba alnifolia","Coccoloba alnifolia (Cocoloba Da Praia)","GAF","wfo-0000612994"
"Coccoloba alnifolia","Coccoloba alnifolia","GAF","wfo-0000612994"
"Colubrina glandulosa","Colubrina glandulosa (Sobragi, Sobrasil, Saguari, Falso-Pau-Ferro, Sabiá-Do-Mato, Socorujuva)","GAF","wfo-0000615244"
"Colubrina glandulosa","Colubrina glandulosa","GAF","wfo-0000615244"
"Copaifera langsdorffii","Copaifera langsdorffii (Pau-Óleo, Pau-Óleo-Copaíba, Copaíba)","GAF","wfo-0000165642"
"Copaifera langsdorffii","Copaifera langsdorffii","GAF","wfo-0000165642"
"Cordia magnoliifolia","Cordia magnoliifolia (Babosa-Branca, Baba-De-Boi-Preta, Crista-De-Galo, Baba-De)","GAF","wfo-0000620712"
"Cordia magnoliifolia","Cordia magnoliifolia","GAF","wfo-0000620712"
"Cordia sellowiana","Cordia sellowiana (Louro‑Branco)","GAF","wfo-0000620960"
"Cordia sellowiana","Cordia sellowiana","GAF","wfo-0000620960"
"Cordia superba","Cordia superba (Louro)","GAF","wfo-0000621019"
"Cordia superba","Cordia superba","GAF","wfo-0000621019"
"Cordia trichotoma","Cordia trichotoma (Louro-Pardo)","GAF","wfo-0000621058"
"Cordia trichotoma","Cordia trichotoma","GAF","wfo-0000621058"
"Croton floribundus","Croton floribundus (Capixingui)","GAF","wfo-0000927983"
"Croton floribundus","Croton floribundus","GAF","wfo-0000927983"
"Cupania oblongifolia","Cupania oblongifolia (Guaraná‑Do‑Mato, Cupania)","GAF","wfo-0000629548"
"Cupania oblongifolia","Cupania oblongifolia","GAF","wfo-0000629548"
"Cupania vernalis","Cupania vernalis (NA)","GAF","wfo-0000629654"
"Cupania vernalis","Cupania vernalis","GAF","wfo-0000629654"
"Dalbergia nigra","Dalbergia nigra (Jacarandá, Caviúna, Cabiúna, Cabiúna-Rajada, Cabiúna-Do-Mato, Graúna, Caviúno, Jacarandá-Cabiúna, Jacarandá-Caviúna, Jacarandá-Preto, Jacarandá-Una E Pau-Preto)","GAF","wfo-0000170463"
"Dalbergia nigra","Dalbergia nigra","GAF","wfo-0000170463"
"Dictyoloma vandellianum","Dictyoloma vandellianum (Ardente, Brauninha, Cetim-Amargoso, Pau De Urubu, Pau Vidro, Sabugueiro Da Mata, Canela Pimenta, Tingui, Tingui Preto)","GAF","wfo-0000646352"
"Dictyoloma vandellianum","Dictyoloma vandellianum","GAF","wfo-0000646352"
"Didymopanax morototoni","Didymopanax morototoni (Morototó, Mandiocão)","GAF","wfo-0000943189"
"Didymopanax morototoni","Didymopanax morototoni","GAF","wfo-0000943189"
"Dimorphandra jorgei","Dimorphandra jorgei (Angelim Vermelho, Faveira Vermelha, Falso Angelim, Pau Pratudo)","GAF","wfo-0000174993"
"Dimorphandra jorgei","Dimorphandra jorgei","GAF","wfo-0000174993"
"Ecclinusa ramiflora","Ecclinusa ramiflora (Maçaranduba, Abiurana)","GAF","wfo-0000947298"
"Ecclinusa ramiflora","Ecclinusa ramiflora","GAF","wfo-0000947298"
"Emmotum nitens","Emmotum nitens (Sôbro, Sôbre, Aderno, Casca-De-Anta)","GAF","wfo-0000667193"
"Emmotum nitens","Emmotum nitens","GAF","wfo-0000667193"
"Eriotheca pentaphylla","Eriotheca pentaphylla (Imbiruçu-Branco)","GAF","wfo-0000676183"
"Eriotheca pentaphylla","Eriotheca pentaphylla","GAF","wfo-0000676183"
"Eschweilera mattos-silvae","Eschweilera mattos-silvae (Pau‑D’Alho, Matamatá)","GAF","wfo-0000775288"
"Eschweilera mattos-silvae","Eschweilera mattos-silvae","GAF","wfo-0000775288"
"Eschweilera ovata","Eschweilera ovata (Biriba-Branca)","GAF","wfo-0000775312"
"Eschweilera ovata","Eschweilera ovata","GAF","wfo-0000775312"
"Eugenia uniflora","Eugenia uniflora (Pitanga)","GAF","wfo-0000959411"
"Eugenia uniflora","Eugenia uniflora","GAF","wfo-0000959411"
"Euphorbia grantii","Euphorbia grantii (Janaúba)","GAF","wfo-0000962368"
"Euphorbia grantii","Euphorbia grantii","GAF","wfo-0000962368"
"Euphorbia heterophylla","Euphorbia heterophylla (Amendoim-Bravo, Leiteira)","GAF","wfo-0000962515"
"Euphorbia heterophylla","Euphorbia heterophylla","GAF","wfo-0000962515"
"Euterpe oleracea","Euterpe oleracea (Açaí)","GAF","wfo-0000965687"
"Euterpe oleracea","Euterpe oleracea","GAF","wfo-0000965687"
"Gallesia integrifolia","Gallesia integrifolia (Pau-D'Alho)","GAF","wfo-0000693929"
"Gallesia integrifolia","Gallesia integrifolia","GAF","wfo-0000693929"
"Genipa americana","Genipa americana (Jenipapo)","GAF","wfo-0000971808"
"Genipa americana","Genipa americana","GAF","wfo-0000971808"
"Guapira opposita","Guapira opposita (Maria-Mole)","GAF","wfo-0000710756"
"Guapira opposita","Guapira opposita","GAF","wfo-0000710756"
"Guazuma crinita","Guazuma crinita (Moço-Branco)","GAF","wfo-0000711632"
"Guazuma crinita","Guazuma crinita","GAF","wfo-0000711632"
"Guazuma ulmifolia","Guazuma ulmifolia (Mutamba, Mutambo, Mucungo, Fruta-De-Macaco)","GAF","wfo-0000711645"
"Guazuma ulmifolia","Guazuma ulmifolia","GAF","wfo-0000711645"
"Handroanthus albus","Handroanthus albus (Ipê-Da-Serra, Ipê-Branco, Ipê-Vacariano, Ipê-Do-Cerrado, Pau-D’Arco-Amarelo)","GAF","wfo-0000778576"
"Handroanthus albus","Handroanthus albus","GAF","wfo-0000778576"
"Handroanthus chrysotrichus","Handroanthus chrysotrichus (Ipê-Amarelo)","GAF","wfo-0000778587"
"Handroanthus chrysotrichus","Handroanthus chrysotrichus","GAF","wfo-0000778587"
"Handroanthus heptaphyllus","Handroanthus heptaphyllus (Ipê-Roxo-De-Sete-Folhas)","GAF","wfo-0000778594"
"Handroanthus heptaphyllus","Handroanthus heptaphyllus","GAF","wfo-0000778594"
"Handroanthus impetiginosus","Handroanthus impetiginosus (Ipê Roxo, Ipê Rosa)","GAF","wfo-0000778595"
"Handroanthus impetiginosus","Handroanthus impetiginosus","GAF","wfo-0000778595"
"Handroanthus serratifolius","Handroanthus serratifolius (Ipê-Amarelo, Ipê-Tabaco, Ipê-Ovo-De-Macuco)","GAF","wfo-0000808837"
"Handroanthus serratifolius","Handroanthus serratifolius","GAF","wfo-0000808837"
"Heisteria ovata","Heisteria ovata (Itaubarana, Pau-De-Mico)","GAF","wfo-0000717142"
"Heisteria ovata","Heisteria ovata","GAF","wfo-0000717142"
"Hieronyma alchorneoides","Hieronyma alchorneoides (Licurana, Urucurana-Brava)","GAF","wfo-0000982272"
"Hieronyma alchorneoides","Hieronyma alchorneoides","GAF","wfo-0000982272"
"Himatanthus bracteatus","Himatanthus bracteatus (Banana-De-Papagaio, Janaúba)","GAF","wfo-0000982450"
"Himatanthus bracteatus","Himatanthus bracteatus","GAF","wfo-0000982450"
"Himatanthus phagedaenicus","Himatanthus phagedaenicus (Sucuuba)","GAF","wfo-0000982461"
"Himatanthus phagedaenicus","Himatanthus phagedaenicus","GAF","wfo-0000982461"
"Hydrochorea pedicellaris","Hydrochorea pedicellaris (Angico, Angico-Preto)","GAF","wfo-1000040164"
"Hydrochorea pedicellaris","Hydrochorea pedicellaris","GAF","wfo-1000040164"
"Hymenaea courbaril","Hymenaea courbaril (Jatobá)","GAF","wfo-0000168642"
"Hymenaea courbaril","Hymenaea courbaril","GAF","wfo-0000168642"
"Inga affinis","Inga affinis (Ingá, Ingazeiro, Ingá‑Doce)","GAF","wfo-0000165188"
"Inga affinis","Inga affinis","GAF","wfo-0000165188"
"Inga cylindrica","Inga cylindrica (Ingá-Feijão, Ingá-Cilindrica, Inga-Do-Cerrado)","GAF","wfo-0000173656"
"Inga cylindrica","Inga cylindrica","GAF","wfo-0000173656"
"Inga edulis","Inga edulis (Ingá-Cipó)","GAF","wfo-0000175962"
"Inga edulis","Inga edulis","GAF","wfo-0000175962"
"Inga laurina","Inga laurina (Inga Laurina, Ingá-Branco, Ingá-Do-Brejo)","GAF","wfo-0000183520"
"Inga laurina","Inga laurina","GAF","wfo-0000183520"
"Inga marginata","Inga marginata (Ingá-Feijão, Ingá-Mirim)","GAF","wfo-0000183521"
"Inga marginata","Inga marginata","GAF","wfo-0000183521"
"Inga sessilis","Inga sessilis (Ingá-Ferradura)","GAF","wfo-0000173671"
"Inga sessilis","Inga sessilis","GAF","wfo-0000173671"
"Inga subnuda","Inga subnuda (Ingá, Ingazeiro, Ingá‑De‑Terra)","GAF","wfo-0000165815"
"Inga subnuda","Inga subnuda","GAF","wfo-0000165815"
"Iochroma arborescens","Iochroma arborescens (Fruto De Sabiá)","GAF","wfo-0001354497"
"Iochroma arborescens","Iochroma arborescens","GAF","wfo-0001354497"
"Jacaranda macrantha","Jacaranda macrantha (Jacarandá, Jacarandá‑Do‑Mato)","GAF","wfo-0000778770"
"Jacaranda macrantha","Jacaranda macrantha","GAF","wfo-0000778770"
"Jacaranda mimosifolia","Jacaranda mimosifolia (Jacarandá-Mimoso)","GAF","wfo-0000778761"
"Jacaranda mimosifolia","Jacaranda mimosifolia","GAF","wfo-0000778761"
"Jacaranda puberula","Jacaranda puberula (Caroba, Carobinha)","GAF","wfo-0000778801"
"Jacaranda puberula","Jacaranda puberula","GAF","wfo-0000778801"
"Jacaranda ulei","Jacaranda ulei (Jacarandá)","GAF","wfo-0000778793"
"Jacaranda ulei","Jacaranda ulei","GAF","wfo-0000778793"
"Jaracatia spinosa","Jaracatia spinosa (Jaracatiá, Mama-Cadela)","GAF","wfo-0000355402"
"Jaracatia spinosa","Jaracatia spinosa","GAF","wfo-0000355402"
"Joannesia princeps","Joannesia princeps (Boleira, Anda-Assú, Cotieira)","GAF","wfo-0000220129"
"Joannesia princeps","Joannesia princeps","GAF","wfo-0000220129"
"Jupunba langsdorffii","Jupunba langsdorffii (Jatobá‑Do‑Campo, Jatobá, Jupunba)","GAF","wfo-1000002956"
"Jupunba langsdorffii","Jupunba langsdorffii","GAF","wfo-1000002956"
"Lecythis lurida","Lecythis lurida (Castanheira‑Do‑Pará, Sapucaia, Nome Regional Variável)","GAF","wfo-0000774519"
"Lecythis lurida","Lecythis lurida","GAF","wfo-0000774519"
"Lecythis pisonis","Lecythis pisonis (Sapucaia)","GAF","wfo-0000774428"
"Lecythis pisonis","Lecythis pisonis","GAF","wfo-0000774428"
"Libidibia ferrea","Libidibia ferrea (Pau-Ferro)","GAF","wfo-0000744153"
"Libidibia ferrea","Libidibia ferrea","GAF","wfo-0000744153"
"Machaerium nictitans","Machaerium nictitans (Esponjinha, Canela‑De‑Ema, Nome Regional Variável)","GAF","wfo-0000185801"
"Machaerium nictitans","Machaerium nictitans","GAF","wfo-0000185801"
"Manilkara bidentata","Manilkara bidentata (Maparajuba, Balata, Quinilla, Macaranduba)","GAF","wfo-0000235825"
"Manilkara bidentata","Manilkara bidentata","GAF","wfo-0000235825"
"Margaritaria nobilis","Margaritaria nobilis (Margaritária, Pérola-Vegetal)","GAF","wfo-0000236325"
"Margaritaria nobilis","Margaritaria nobilis","GAF","wfo-0000236325"
"Maytenus ilicifolia","Maytenus ilicifolia (Espinheira‑Santa, Espinheira‑Santa)","GAF","wfo-0000375199"
"Maytenus ilicifolia","Maytenus ilicifolia","GAF","wfo-0000375199"
"Melanoxylon braunia","Melanoxylon braunia (Braúna, Baraúna)","GAF","wfo-0000185804"
"Melanoxylon braunia","Melanoxylon braunia","GAF","wfo-0000185804"
"Miconia","Miconia","GAF","wfo-4000024014"
"Miconia albicans","Miconia albicans (Canela‑De‑Ema, Capororoca, Nome Regional Variável)","GAF","wfo-0001078809"
"Miconia albicans","Miconia albicans","GAF","wfo-0001078809"
"Miconia sp.","Miconia sp. (Miconia)","GAF","wfo-4000024014"
"Micropholis venulosa","Micropholis venulosa (Curupixá)","GAF","wfo-0000243658"
"Micropholis venulosa","Micropholis venulosa","GAF","wfo-0000243658"
"Mimosa caesalpiniifolia","Mimosa caesalpiniifolia (Sabiá, Sansão-Do-Campo)","GAF","wfo-0000211663"
"Mimosa caesalpiniifolia","Mimosa caesalpiniifolia","GAF","wfo-0000211663"
"Moldenhawera blanchetiana","Moldenhawera blanchetiana (Sangra‑D’Água)","GAF","wfo-0000174432"
"Moldenhawera blanchetiana","Moldenhawera blanchetiana","GAF","wfo-0000174432"
"Myracrodruon urundeuva","Myracrodruon urundeuva (Aroeira, Aroeira-Preta, Aroeira-Do-Sertão, Uriunduba)","GAF","wfo-0001050974"
"Myracrodruon urundeuva","Myracrodruon urundeuva","GAF","wfo-0001050974"
"Myrcia plusiantha","Myrcia plusiantha (Araçá-Do-Mato, Guamirim)","GAF","wfo-0000247772"
"Myrcia plusiantha","Myrcia plusiantha","GAF","wfo-0000247772"
"Myrcia splendens","Myrcia splendens (Guamirim, Araçá-Do-Mato)","GAF","wfo-0000247907"
"Myrcia splendens","Myrcia splendens","GAF","wfo-0000247907"
"Myrsine coriacea","Myrsine coriacea (Capororoca)","GAF","wfo-0000449079"
"Myrsine coriacea","Myrsine coriacea","GAF","wfo-0000449079"
"Myrsine coriacea subsp. coriacea","Myrsine coriacea subsp. coriacea (Capororoca, Pororoca)","GAF","wfo-0001237874"
"Myrsine coriacea subsp. coriacea","Myrsine coriacea subsp. coriacea","GAF","wfo-0001237874"
"Myrsine guianensis","Myrsine guianensis (Capororoca)","GAF","wfo-0000453706"
"Myrsine guianensis","Myrsine guianensis","GAF","wfo-0000453706"
"Nectandra mollis","Nectandra mollis (Canela, Canela-Amarela)","GAF","wfo-0000379151"
"Nectandra mollis","Nectandra mollis","GAF","wfo-0000379151"
"Nectandra oppositifolia","Nectandra oppositifolia (Canela‑Preta, Canela, Nome Regional Variável)","GAF","wfo-0000379158"
"Nectandra oppositifolia","Nectandra oppositifolia","GAF","wfo-0000379158"
"Ocotea odorifera","Ocotea odorifera (Canela‑Santa, Canela‑Preta, Louro‑Canela)","GAF","wfo-0000382803"
"Ocotea odorifera","Ocotea odorifera","GAF","wfo-0000382803"
"Olax papillosa","Olax papillosa (Olax, Pau-De-Espinho)","GAF","wfo-0001443316"
"Olax papillosa","Olax papillosa","GAF","wfo-0001443316"
"Ormosia","Ormosia","GAF","wfo-4000027172"
"Ormosia sp.","Ormosia sp. (NA)","GAF","wfo-4000027172"
"Other or don't know","Other or don't know","GAF",
"Parapiptadenia rigida","Parapiptadenia rigida (Angico, Angico‑Branco, Paricá)","GAF","wfo-0000168342"
"Parapiptadenia rigida","Parapiptadenia rigida","GAF","wfo-0000168342"
"Paratecoma peroba","Paratecoma peroba (Peroba, Peroba‑Do‑Campo)","GAF","wfo-0000779462"
"Paratecoma peroba","Paratecoma peroba","GAF","wfo-0000779462"
"Parkia pendula","Parkia pendula (Juerana-Verdadeira, Juerana-Vermelha, Visgueiro)","GAF","wfo-0000174167"
"Parkia pendula","Parkia pendula","GAF","wfo-0000174167"
"Paubrasilia echinata","Paubrasilia echinata (Pau‑Brasil, Brazilwood, Pau‑Brasil)","GAF","wfo-0001318224"
"Paubrasilia echinata","Paubrasilia echinata","GAF","wfo-0001318224"
"Paypayrola blanchetiana","Paypayrola blanchetiana (NA)","GAF","wfo-0001144469"
"Paypayrola blanchetiana","Paypayrola blanchetiana","GAF","wfo-0001144469"
"Peltophorum dubium","Peltophorum dubium (Pau‑Ferro, Canafístula, Amarelinho)","GAF","wfo-0000168369"
"Peltophorum dubium","Peltophorum dubium","GAF","wfo-0000168369"
"Pera decipiens","Pera decipiens (Pera‑Do‑Mato)","GAF","wfo-0000267130"
"Pera decipiens","Pera decipiens","GAF","wfo-0000267130"
"Pera glabrata","Pera glabrata (Pera)","GAF","wfo-0000267144"
"Pera glabrata","Pera glabrata","GAF","wfo-0000267144"
"Pera heteranthera","Pera heteranthera (Pera)","GAF","wfo-0000267150"
"Pera heteranthera","Pera heteranthera","GAF","wfo-0000267150"
"Piparea dentata","Piparea dentata (Limão-Bravo, Fruta-De-Papagaio)","GAF","wfo-0001258386"
"Piparea dentata","Piparea dentata","GAF","wfo-0001258386"
"Planchonella torricellensis","Planchonella torricellensis (NA)","GAF","wfo-0000274283"
"Planchonella torricellensis","Planchonella torricellensis","GAF","wfo-0000274283"
"Plathymenia reticulata","Plathymenia reticulata (Vinhático)","GAF","wfo-0000182203"
"Plathymenia reticulata","Plathymenia reticulata","GAF","wfo-0000182203"
"Pleroma granulosum","Pleroma granulosum (Tibouchina, Quaresmeira)","GAF","wfo-0000158052"
"Pleroma granulosum","Pleroma granulosum","GAF","wfo-0000158052"
"Pogonophora schomburgkiana","Pogonophora schomburgkiana (Batinga-Branca, Amarelinho, Gema-De-Ovo, Cafezinho, Cocão)","GAF","wfo-0000279618"
"Pogonophora schomburgkiana","Pogonophora schomburgkiana","GAF","wfo-0000279618"
"Pouteria bapeba","Pouteria bapeba (Bapeba)","GAF","wfo-0000281564"
"Pouteria bapeba","Pouteria bapeba","GAF","wfo-0000281564"
"Pouteria butyrocarpa","Pouteria butyrocarpa (Cupã)","GAF","wfo-0000281598"
"Pouteria butyrocarpa","Pouteria butyrocarpa","GAF","wfo-0000281598"
"Pouteria caimito","Pouteria caimito (Abiu, Caimito, Abiu‑Do‑Mato)","GAF","wfo-0000281599"
"Pouteria caimito","Pouteria caimito","GAF","wfo-0000281599"
"Pouteria venosa","Pouteria venosa (Bapeba-Pêssego, Tuturubá, Guacá-De-Leite, Aboirana)","GAF","wfo-0000282178"
"Pouteria venosa","Pouteria venosa","GAF","wfo-0000282178"
"Pradosia lactescens","Pradosia lactescens (Buranhém, Guranhém, Guaranhém, Guraém, Embiraém, Emiraém, Ivuranhê, Pau-De-Remo, Pau-Doce)","GAF","wfo-0000282219"
"Pradosia lactescens","Pradosia lactescens","GAF","wfo-0000282219"
"Protium aracouchini","Protium aracouchini (NA)","GAF","wfo-0000397157"
"Protium aracouchini","Protium aracouchini","GAF","wfo-0000397157"
"Pseudalbizzia polycephala","Pseudalbizzia polycephala (Sumaúma, Ingá‑Doce,)","GAF","wfo-1000040144"
"Pseudalbizzia polycephala","Pseudalbizzia polycephala","GAF","wfo-1000040144"
"Pseudobombax grandiflorum","Pseudobombax grandiflorum (Embiruçu)","GAF","wfo-0000397224"
"Pseudobombax grandiflorum","Pseudobombax grandiflorum","GAF","wfo-0000397224"
"Psidium cattleyanum","Psidium cattleyanum (Araçá-Rosa, Araçá-De-Coroa, Araçá-Da-Praia)","GAF","wfo-0001319200"
"Psidium cattleyanum","Psidium cattleyanum","GAF","wfo-0001319200"
"Psidium guajava","Psidium guajava (Goiabeira, Goiaba)","GAF","wfo-0000284421"
"Psidium guajava","Psidium guajava","GAF","wfo-0000284421"
"Psidium myrtoides","Psidium myrtoides (Araçá-Roxo)","GAF","wfo-0000284526"
"Psidium myrtoides","Psidium myrtoides","GAF","wfo-0000284526"
"Psidium rufum","Psidium rufum (Araçá, Araçá‑Do‑Mato)","GAF","wfo-0000284608"
"Psidium rufum","Psidium rufum","GAF","wfo-0000284608"
"Pterocarpus acapulcensis","Pterocarpus acapulcensis (Sangra-D'Água, Pau-Sangue)","GAF","wfo-0000194871"
"Pterocarpus acapulcensis","Pterocarpus acapulcensis","GAF","wfo-0000194871"
"Pterocarpus rohrii","Pterocarpus rohrii (Pau‑Rosa, Cedro‑Rosa)","GAF","wfo-0000194879"
"Pterocarpus rohrii","Pterocarpus rohrii","GAF","wfo-0000194879"
"Randia armata","Randia armata (Marmelada-De-Espinho, Laranjinha-Do-Mato, Fruta-De-Cachorro)","GAF","wfo-0000294317"
"Randia armata","Randia armata","GAF","wfo-0000294317"
"Ruta graveolens","Ruta graveolens (Arruda)","GAF","wfo-0000463744"
"Ruta graveolens","Ruta graveolens","GAF","wfo-0000463744"
"Schinus terebinthifolia","Schinus terebinthifolia (Aroeira, Pimenta Rosa)","GAF","wfo-0000435152"
"Schinus terebinthifolia","Schinus terebinthifolia","GAF","wfo-0000435152"
"Schizolobium parahyba","Schizolobium parahyba (Guapuruvú)","GAF","wfo-0000186738"
"Schizolobium parahyba","Schizolobium parahyba","GAF","wfo-0000186738"
"Senefeldera verticillata","Senefeldera verticillata (Sucuruba, Leiteiro)","GAF","wfo-0000309280"
"Senefeldera verticillata","Senefeldera verticillata","GAF","wfo-0000309280"
"Senegalia polyphylla","Senegalia polyphylla (Angiquinho, Angico-Branco, Espinheiro)","GAF","wfo-0000184469"
"Senegalia polyphylla","Senegalia polyphylla","GAF","wfo-0000184469"
"Senna alata","Senna alata (Mata-Pasto)","GAF","wfo-0000214728"
"Senna alata","Senna alata","GAF","wfo-0000214728"
"Senna macranthera","Senna macranthera (Manduirana, Pau-Fava, Aleluia, Cabo-Verde, Fedegoso)","GAF","wfo-0000175253"
"Senna macranthera","Senna macranthera","GAF","wfo-0000175253"
"Senna multijuga","Senna multijuga (Cássia-Multijuga)","GAF","wfo-0000164356"
"Senna multijuga","Senna multijuga","GAF","wfo-0000164356"
"Senna spectabilis","Senna spectabilis (Cássia, Cassia-Do-Nordeste, Cássia-Macranta, Cássia-Macrantera)","GAF","wfo-0000164878"
"Senna spectabilis","Senna spectabilis","GAF","wfo-0000164878"
"Siparuna guianensis","Siparuna guianensis (Siparuna, Capitiú)","GAF","wfo-0000505093"
"Siparuna guianensis","Siparuna guianensis","GAF","wfo-0000505093"
"Sloanea obtusifolia","Sloanea obtusifolia (Gindiba)","GAF","wfo-0000499124"
"Sloanea obtusifolia","Sloanea obtusifolia","GAF","wfo-0000499124"
"Solanum bullatum","Solanum bullatum (Fumo-Bravo)","GAF","wfo-0001026706"
"Solanum bullatum","Solanum bullatum","GAF","wfo-0001026706"
"Sparattanthelium botocudorum","Sparattanthelium botocudorum (Arco-De-Barril, Agasalho-De-Anú)","GAF","wfo-0001065317"
"Sparattanthelium botocudorum","Sparattanthelium botocudorum","GAF","wfo-0001065317"
"Sparattosperma leucanthum","Sparattosperma leucanthum (Cinco-Folhas, Caroba-Branca, Caroba-De-Flor-Branca, Cinco-Chagas, Ipê-Batata, Ipê-Boia, Ipê-Branco, Tarumã)","GAF","wfo-0000779743"
"Sparattosperma leucanthum","Sparattosperma leucanthum","GAF","wfo-0000779743"
"Spondias mombin","Spondias mombin (Cajá, Cajazeira, Cajá-Mirim, Taperebá)","GAF","wfo-0000435470"
"Spondias mombin","Spondias mombin","GAF","wfo-0000435470"
"Spondias venulosa","Spondias venulosa (Cajarana)","GAF","wfo-0001049847"
"Spondias venulosa","Spondias venulosa","GAF","wfo-0001049847"
"Sterculia excelsa","Sterculia excelsa (Imbira-Quiabo, Embira-Quiabo, Axixá, Xixá)","GAF","wfo-0001140654"
"Sterculia excelsa","Sterculia excelsa","GAF","wfo-0001140654"
"Swartzia apetala","Swartzia apetala (Arruda-Vermelha, Coração De Negro, Pau-Roxo)","GAF","wfo-0000164091"
"Swartzia apetala","Swartzia apetala","GAF","wfo-0000164091"
"Swartzia langsdorffii","Swartzia langsdorffii (Pacová-De-Macaco, Jacarandá-Banana, Jacarandá-De-Sangue, Banana-De-Papagaio)","GAF","wfo-0000164124"
"Swartzia langsdorffii","Swartzia langsdorffii","GAF","wfo-0000164124"
"Swartzia polita","Swartzia polita (NA)","GAF","wfo-0001280364"
"Swartzia polita","Swartzia polita","GAF","wfo-0001280364"
"Syagrus botryophora","Syagrus botryophora (Pati, Palmeira-Pati, Pati-Rainha)","GAF","wfo-0000317827"
"Syagrus botryophora","Syagrus botryophora","GAF","wfo-0000317827"
"Symphonia globulifera","Symphonia globulifera (Guanandi, Landirana)","GAF","wfo-0000438147"
"Symphonia globulifera","Symphonia globulifera","GAF","wfo-0000438147"
"Tabebuia roseoalba","Tabebuia roseoalba (Ipê-Branco)","GAF","wfo-0000780753"
"Tabebuia roseoalba","Tabebuia roseoalba","GAF","wfo-0000780753"
"Tabernaemontana","Tabernaemontana","GAF","wfo-4000037395"
"Tabernaemontana hystrix","Tabernaemontana hystrix (Leiteira, Gancheira, Janaguba, Leiteira-Esperta, Jasmin-Do-Campo)","GAF","wfo-0000319903"
"Tabernaemontana hystrix","Tabernaemontana hystrix","GAF","wfo-0000319903"
"Tabernaemontana sp.","Tabernaemontana sp. (NA)","GAF","wfo-4000037395"
"Talisia esculenta","Talisia esculenta (Pitomba, Pitombeira, Olho-De-Boi)","GAF","wfo-0001135264"
"Talisia esculenta","Talisia esculenta","GAF","wfo-0001135264"
"Tapirira guianensis","Tapirira guianensis (Copiúva, Cupiúva, Pau-Pombo)","GAF","wfo-0000410062"
"Tapirira guianensis","Tapirira guianensis","GAF","wfo-0000410062"
"Theobroma cacao","Theobroma cacao (Cacau)","GAF","wfo-0000458440"
"Theobroma cacao","Theobroma cacao","GAF","wfo-0000458440"
"Theobroma grandiflorum","Theobroma grandiflorum (Cupuaçu)","GAF","wfo-0000458603"
"Theobroma grandiflorum","Theobroma grandiflorum","GAF","wfo-0000458603"
"Thyrsodium spruceanum","Thyrsodium spruceanum (Mangava-Brava, Amaparana)","GAF","wfo-0000409419"
"Thyrsodium spruceanum","Thyrsodium spruceanum","GAF","wfo-0000409419"
"Trema micranthum","Trema micranthum (Grandiúva, Crindiúva)","GAF","wfo-0000457786"
"Trema micranthum","Trema micranthum","GAF","wfo-0000457786"
"Vatairea heteroptera","Vatairea heteroptera (Angelim-Amargosoi, Faveira, Sucupira-Amargosa)","GAF","wfo-0000165385"
"Vatairea heteroptera","Vatairea heteroptera","GAF","wfo-0000165385"
"Virola bicuhyba","Virola bicuhyba (Bicuíba, Candeia-De-Caboclo, Bocuva)","GAF","wfo-0000418518"
"Virola bicuhyba","Virola bicuhyba","GAF","wfo-0000418518"
"Vismia guianensis","Vismia guianensis (Lacre, Lacre-Vermelho, Goma-Lacre, Pau-De-Lacre)","GAF","wfo-0000422374"
"Vismia guianensis","Vismia guianensis","GAF","wfo-0000422374"
"Vismia latifolia","Vismia latifolia (Pau-De-Sangue, Lacre, Lacre-Branco, Pau-De-Lacre)","GAF","wfo-0001296205"
"Vismia latifolia","Vismia latifolia","GAF","wfo-0001296205"
"Vismia martiana","Vismia martiana (Lacre, Pau-De-Lacre, Lacre-Branco)","GAF","wfo-0001295800"
"Vismia martiana","Vismia martiana","GAF","wfo-0001295800"
"Vismia pentagyna","Vismia pentagyna (NA)","GAF","wfo-0001296203"
"Vismia pentagyna","Vismia pentagyna","GAF","wfo-0001296203"
"Xylopia aromatica","Xylopia aromatica (Cipó-Unha-De-Boi, Escada-De-Macaco, Escada-De-Jabuti)","GAF","wfo-0000428891"
"Xylopia aromatica","Xylopia aromatica","GAF","wfo-0000428891"
"Xylopia brasiliensis","Xylopia brasiliensis (Pindaíba-De-Folha-Pequena, Pimenta De Mato, Pinaíba, Pindaubuna)","GAF","wfo-0000428881"
"Xylopia brasiliensis","Xylopia brasiliensis","GAF","wfo-0000428881"
"Xylopia frutescens","Xylopia frutescens (Pindaíba, Jereré, Pau-De-Mastro)","GAF","wfo-0000428954"
"Xylopia frutescens","Xylopia frutescens","GAF","wfo-0000428954"
"Xylopia sericea","Xylopia sericea (Pindaíba-Vermelha, Pindaubuna-Da-Serra, Pindaúva-Vermelha)","GAF","wfo-0000428724"
"Xylopia sericea","Xylopia sericea","GAF","wfo-0000428724"
"Zanthoxylum nemorale","Zanthoxylum nemorale (Mamica-De-Porca, Limãozinho, Tinguaciba)","GAF","wfo-0001238913"
"Zanthoxylum nemorale","Zanthoxylum nemorale","GAF","wfo-0001238913"
"Zeyheria tuberculosa","Zeyheria tuberculosa (Ipê-Felpudo)","GAF","wfo-0000780396"
"Zeyheria tuberculosa","Zeyheria tuberculosa","GAF","wfo-0000780396"
"Aegiphila integrifolia","Aegiphila integrifolia (Tamanqueiro, Tamanqueira, Pau-De-Tamanco)","GAN","wfo-0000809574"
"Aegiphila integrifolia","Aegiphila integrifolia","GAN","wfo-0000809574"
"Aegiphila verticillata","Aegiphila verticillata (Fumo-Bravo, Tamanqueiro, Mululo)","GAN","wfo-0000827271"
"Aegiphila verticillata","Aegiphila verticillata","GAN","wfo-0000827271"
"Albizia polycephala","Albizia polycephala (Angico-Branco)","GAN","wfo-1000040144"
"Alchornea triplinervia","Alchornea triplinervia (Tanheiro, Tapiá, Tapiá-Açu)","GAN","wfo-0000940082"
"Alchornea triplinervia","Alchornea triplinervia","GAN","wfo-0000940082"
"Allophylus edulis","Allophylus edulis (Vacum, Vacunzeiro, Chal-Chal)","GAN","wfo-0000526658"
"Allophylus edulis","Allophylus edulis","GAN","wfo-0000526658"
"Allophylus racemosus","Allophylus racemosus (Guariba, Farinha-Seca, Casca-Solta-Mirim)","GAN","wfo-0000526834"
"Allophylus racemosus","Allophylus racemosus","GAN","wfo-0000526834"
"Alseis floribunda","Alseis floribunda (Falsa-Pelada, Goiabeira, Goiabeira-Branca)","GAN","wfo-0000951557"
"Alseis floribunda","Alseis floribunda","GAN","wfo-0000951557"
"Anacardium occidentale","Anacardium occidentale (Cajueiro, Caju, Caju-Anão)","GAN","wfo-0000533072"
"Anacardium occidentale","Anacardium occidentale","GAN","wfo-0000533072"
"Anadenanthera colubrina","Anadenanthera colubrina (Angico, Angico-Branco, Angico-Preto)","GAN","wfo-0000169564"
"Anadenanthera colubrina","Anadenanthera colubrina","GAN","wfo-0000169564"
"Anadenanthera macrocarpa","Anadenanthera macrocarpa (Angico-Preto, Angico, Angico-Vermelho)","GAN","wfo-0000183302"
"Anadenanthera macrocarpa","Anadenanthera macrocarpa","GAN","wfo-0000183302"
"Andira anthelmia","Andira anthelmia (Angelim-Lombriga, Angelim-De-Morcego, Angelim-Amargoso)","GAN","wfo-0000169569"
"Andira anthelmia","Andira anthelmia","GAN","wfo-0000169569"
"Andira fraxinifolia","Andira fraxinifolia (Angelim-Doce, Angelim-Rosa, Pau-Angelim)","GAN","wfo-0000169573"
"Andira fraxinifolia","Andira fraxinifolia","GAN","wfo-0000169573"
"Andira legalis","Andira legalis (Angelim-Coco, Angelim-Doce, Angelim-Gigante)","GAN","wfo-0000182252"
"Andira legalis","Andira legalis","GAN","wfo-0000182252"
"Andira nitida","Andira nitida (Angelim, Andira-De-Morcego)","GAN","wfo-0000169582"
"Andira nitida","Andira nitida","GAN","wfo-0000169582"
"Annona coriacea","Annona coriacea (Araticum, Marolo, Araticum-Do-Campo)","GAN","wfo-0000537719"
"Annona coriacea","Annona coriacea","GAN","wfo-0000537719"
"Annona mucosa","Annona mucosa (Biribá, Araticum, Condessa)","GAN","wfo-0000537847"
"Annona mucosa","Annona mucosa","GAN","wfo-0000537847"
"Annona muricata","Annona muricata (Graviola, Araticum-De-Comer, Jaca-Do-Pará)","GAN","wfo-0000537848"
"Annona muricata","Annona muricata","GAN","wfo-0000537848"
"Annona sylvatica","Annona sylvatica (Araticum-Do-Mato, Pinha, Araticum)","GAN","wfo-0000537958"
"Annona sylvatica","Annona sylvatica","GAN","wfo-0000537958"
"Apeiba tibourbou","Apeiba tibourbou (Pau-De-Jangada, Pente-De-Macaco, Escova-De-Macaco)","GAN","wfo-0000539840"
"Apeiba tibourbou","Apeiba tibourbou","GAN","wfo-0000539840"
"Arapatiella","Arapatiella","GAN","wfo-4000002855"
"Arapatiella psilophylla","Arapatiella psilophylla (Arapati, Faveco-Vermelho)","GAN","wfo-0001049801"
"Arapatiella psilophylla","Arapatiella psilophylla","GAN","wfo-0001049801"
"Arapatiella sp.","Arapatiella sp. (Arapati)","GAN","wfo-4000002855"
"Astronium fraxinifolium","Astronium fraxinifolium (Gonçalo-Alves, Chibatã, Aroeira-Do-Campo)","GAN","wfo-0000554983"
"Astronium fraxinifolium","Astronium fraxinifolium","GAN","wfo-0000554983"
"Astronium graveolens","Astronium graveolens (Gonçalo-Alves)","GAN","wfo-0000554996"
"Astronium graveolens","Astronium graveolens","GAN","wfo-0000554996"
"Attalea funifera","Attalea funifera (Piaçava, Piassava-Da-Bahia)","GAN","wfo-0000296146"
"Attalea funifera","Attalea funifera","GAN","wfo-0000296146"
"Bactris setosa","Bactris setosa (Tucum, Tucum-De-Espinho, Tucum-Bravo)","GAN","wfo-0000309285"
"Bactris setosa","Bactris setosa","GAN","wfo-0000309285"
"Bauhinia forficata","Bauhinia forficata (Pata-De-Vaca, Unha-De-Vaca, Casco-De-Vaca)","GAN","wfo-0000173906"
"Bauhinia forficata","Bauhinia forficata","GAN","wfo-0000173906"
"Bauhinia longifolia","Bauhinia longifolia (Pata-De-Vaca)","GAN","wfo-0000178467"
"Bauhinia longifolia","Bauhinia longifolia","GAN","wfo-0000178467"
"Bixa arborea","Bixa arborea (Urucuzeiro-Arbóreo)","GAN","wfo-0000342522"
"Bixa arborea","Bixa arborea","GAN","wfo-0000342522"
"Bixa orellana","Bixa orellana (Urucuzeiro, Urucu, Açafroeiro)","GAN","wfo-0000342565"
"Bixa orellana","Bixa orellana","GAN","wfo-0000342565"
"Byrsonima sericea","Byrsonima sericea (Murici, Murici-Da-Praia, Murici-Vermelho)","GAN","wfo-0000577022"
"Byrsonima sericea","Byrsonima sericea","GAN","wfo-0000577022"
"Byrsonima verbascifolia","Byrsonima verbascifolia (Murici-Cascudo, Murici-Do-Cerrado, Murici-Pau)","GAN","wfo-0000577076"
"Byrsonima verbascifolia","Byrsonima verbascifolia","GAN","wfo-0000577076"
"Caesalpinia pulcherrima","Caesalpinia pulcherrima (Flamboyant-De-Jardim, Flamboaiãzinho, Barba-De-Barata)","GAN","wfo-0000214363"
"Caesalpinia pulcherrima","Caesalpinia pulcherrima","GAN","wfo-0000214363"
"Calophyllum brasiliense","Calophyllum brasiliense (Guanandi, Guanandizinho, Olandim)","GAN","wfo-0000581058"
"Calophyllum brasiliense","Calophyllum brasiliense","GAN","wfo-0000581058"
"Cariniana estrellensis","Cariniana estrellensis (Jequitibá-Rosa, Jequitibá-Pardo, Jequitibá)","GAN","wfo-0000775058"
"Cariniana estrellensis","Cariniana estrellensis","GAN","wfo-0000775058"
"Cariniana legalis","Cariniana legalis (Jequitibá-Rosa, Jequitibá-Gigante, Jequitibá-Vermelho)","GAN","wfo-0000775066"
"Cariniana legalis","Cariniana legalis","GAN","wfo-0000775066"
"Casearia sylvestris","Casearia sylvestris (Guaçatonga, Cafezeiro-Do-Mato, Chá-De-Bugre)","GAN","wfo-0000924251"
"Casearia sylvestris","Casearia sylvestris","GAN","wfo-0000924251"
"Cecropia hololeuca","Cecropia hololeuca (Embaúba-Prateada, Embaúba-Branca, Embaúva)","GAN","wfo-0000592236"
"Cecropia hololeuca","Cecropia hololeuca","GAN","wfo-0000592236"
"Cecropia pachystachya","Cecropia pachystachya (Embaúba, Imbaúba, Árvore-Da-Preguiça)","GAN","wfo-0000592291"
"Cecropia pachystachya","Cecropia pachystachya","GAN","wfo-0000592291"
"Cedrela fissilis","Cedrela fissilis (Cedro, Cedro-Rosa, Cedro-Branco)","GAN","wfo-0000592409"
"Cedrela fissilis","Cedrela fissilis","GAN","wfo-0000592409"
"Cedrela odorata","Cedrela odorata (Cedro-Cheiroso, Cedro-Rosa, Cedro-Espanhol)","GAN","wfo-0000592446"
"Cedrela odorata","Cedrela odorata","GAN","wfo-0000592446"
"Centrolobium robustum","Centrolobium robustum (Putumuju, Araribá-Rosa, Araribá-Amarelo)","GAN","wfo-0000174029"
"Centrolobium robustum","Centrolobium robustum","GAN","wfo-0000174029"
"Chrysophyllum splendens","Chrysophyllum splendens (Bapeba, Bapeba-Pedrim, Língua-De-Vaca)","GAN","wfo-0000857592"
"Chrysophyllum splendens","Chrysophyllum splendens","GAN","wfo-0000857592"
"Citharexylum myrianthum","Citharexylum myrianthum (Tucaneiro, Pau-De-Viola, Tarumã-Branco)","GAN","wfo-0000867825"
"Citharexylum myrianthum","Citharexylum myrianthum","GAN","wfo-0000867825"
"Clarisia racemosa","Clarisia racemosa (Guariúba, Oiticica-Amarela, Oiticica-Da-Mata)","GAN","wfo-0000608499"
"Clarisia racemosa","Clarisia racemosa","GAN","wfo-0000608499"
"Colubrina glandulosa","Colubrina glandulosa (Sobrasil, Saguaraji, Falso-Pau-Brasil)","GAN","wfo-0000615244"
"Colubrina glandulosa","Colubrina glandulosa","GAN","wfo-0000615244"
"Combretum leprosum","Combretum leprosum (Mofumbo)","GAN","wfo-0000616471"
"Combretum leprosum","Combretum leprosum","GAN","wfo-0000616471"
"Copaifera langsdorffii","Copaifera langsdorffii (Copaíba)","GAN","wfo-0000165642"
"Copaifera langsdorffii","Copaifera langsdorffii","GAN","wfo-0000165642"
"Copaifera lucens","Copaifera lucens (Copaíba)","GAN","wfo-0000165643"
"Copaifera lucens","Copaifera lucens","GAN","wfo-0000165643"
"Cordia magnoliifolia","Cordia magnoliifolia (Louro-Branco)","GAN","wfo-0000620712"
"Cordia magnoliifolia","Cordia magnoliifolia","GAN","wfo-0000620712"
"Cordia nodosa","Cordia nodosa (Maria-Preta)","GAN","wfo-0000620784"
"Cordia nodosa","Cordia nodosa","GAN","wfo-0000620784"
"Cordia superba","Cordia superba (Babosa-Branca)","GAN","wfo-0000621019"
"Cordia superba","Cordia superba","GAN","wfo-0000621019"
"Cordia trichotoma","Cordia trichotoma (Louro-Pardo)","GAN","wfo-0000621058"
"Cordia trichotoma","Cordia trichotoma","GAN","wfo-0000621058"
"Croton floribundus","Croton floribundus (Capixingui)","GAN","wfo-0000927983"
"Croton floribundus","Croton floribundus","GAN","wfo-0000927983"
"Croton urucurana","Croton urucurana (Sangra-D’Água)","GAN","wfo-0000932652"
"Croton urucurana","Croton urucurana","GAN","wfo-0000932652"
"Cryptocarya aschersoniana","Cryptocarya aschersoniana (Canela)","GAN","wfo-0000627782"
"Cryptocarya aschersoniana","Cryptocarya aschersoniana","GAN","wfo-0000627782"
"Cupania","Cupania","GAN","wfo-4000010057"
"Cupania oblongifolia","Cupania oblongifolia (Camboatá)","GAN","wfo-0000629548"
"Cupania oblongifolia","Cupania oblongifolia","GAN","wfo-0000629548"
"Cupania sp.","Cupania sp. (Camboatá)","GAN","wfo-4000010057"
"Cybistax antisyphilitica","Cybistax antisyphilitica (Ipê-Verde, Ipê-Pardo, Caroba-De-Flor-Verde)","GAN","wfo-0000782098"
"Cybistax antisyphilitica","Cybistax antisyphilitica","GAN","wfo-0000782098"
"Dalbergia nigra","Dalbergia nigra (Jacarandá-Da-Bahia, Jacarandá-Preto, Jacarandá-Caviúna)","GAN","wfo-0000170463"
"Dalbergia nigra","Dalbergia nigra","GAN","wfo-0000170463"
"Dialium guianense","Dialium guianense (Jataipeba (Jataipeva), Beijo-De-Coco, Quebra-Machado)","GAN","wfo-0000170401"
"Dialium guianense","Dialium guianense","GAN","wfo-0000170401"
"Didymopanax morototoni","Didymopanax morototoni (Morototó)","GAN","wfo-0000943189"
"Didymopanax morototoni","Didymopanax morototoni","GAN","wfo-0000943189"
"Dinizia excelsa","Dinizia excelsa (Angelim-Vermelho, Angelim-Ferro, Angelim-Pedra)","GAN","wfo-0000170430"
"Dinizia excelsa","Dinizia excelsa","GAN","wfo-0000170430"
"Diplotropis incexis","Diplotropis incexis (Sucupira)","GAN","wfo-0000178812"
"Diplotropis incexis","Diplotropis incexis","GAN","wfo-0000178812"
"Emmotum nitens","Emmotum nitens (Sôbro, Aderno, Casca-De-Anta)","GAN","wfo-0000667193"
"Emmotum nitens","Emmotum nitens","GAN","wfo-0000667193"
"Enterolobium contortisiliquum","Enterolobium contortisiliquum (Tamboril, Timbaúva, Orelha-De-Macaco)","GAN","wfo-0000194820"
"Enterolobium contortisiliquum","Enterolobium contortisiliquum","GAN","wfo-0000194820"
"Eriotheca globosa","Eriotheca globosa (Mamorana-De-Terra-Firme)","GAN","wfo-0000676171"
"Eriotheca globosa","Eriotheca globosa","GAN","wfo-0000676171"
"Eschweilera ovata","Eschweilera ovata (Biribá, Embiriba, Sapucarana)","GAN","wfo-0000775312"
"Eschweilera ovata","Eschweilera ovata","GAN","wfo-0000775312"
"Eugenia brasiliensis","Eugenia brasiliensis (Grumixama, Grumixameira)","GAN","wfo-0000956594"
"Eugenia brasiliensis","Eugenia brasiliensis","GAN","wfo-0000956594"
"Eugenia candolleana","Eugenia candolleana (Cambuí-Roxo, Murtinha, Ameixa-Da-Mata)","GAN","wfo-0000956695"
"Eugenia candolleana","Eugenia candolleana","GAN","wfo-0000956695"
"Eugenia florida","Eugenia florida (Pitanga-Preta, Guamirim (Grumirim))","GAN","wfo-0000957329"
"Eugenia florida","Eugenia florida","GAN","wfo-0000957329"
"Eugenia leitonii","Eugenia leitonii (Araçá-Piranga, Goiabão, Goiabarana)","GAN","wfo-0001357560"
"Eugenia leitonii","Eugenia leitonii","GAN","wfo-0001357560"
"Eugenia uniflora","Eugenia uniflora (Pitanga, Pitangueira)","GAN","wfo-0000959411"
"Eugenia uniflora","Eugenia uniflora","GAN","wfo-0000959411"
"Euphorbia grantii","Euphorbia grantii (Leiteira-Africana (African Milk Bush) [Espécie Exótica No Brasil])","GAN","wfo-0000962368"
"Euphorbia grantii","Euphorbia grantii","GAN","wfo-0000962368"
"Euphorbia heterophylla","Euphorbia heterophylla (Leiteira)","GAN","wfo-0000962515"
"Euphorbia heterophylla","Euphorbia heterophylla","GAN","wfo-0000962515"
"Faramea corymbosa","Faramea corymbosa (Vick)","GAN","wfo-0000966659"
"Faramea corymbosa","Faramea corymbosa","GAN","wfo-0000966659"
"Ficus enormis","Ficus enormis (Gameleira, Figueira-Da-Pedra, Figueira-Brava)","GAN","wfo-0000688245"
"Ficus enormis","Ficus enormis","GAN","wfo-0000688245"
"Ficus insipida","Ficus insipida (Figueira-Branca)","GAN","wfo-0000688819"
"Ficus insipida","Ficus insipida","GAN","wfo-0000688819"
"Gallesia integrifolia","Gallesia integrifolia (Pau-D’Alho, Guararema, Árvore-De-Alho)","GAN","wfo-0000693929"
"Gallesia integrifolia","Gallesia integrifolia","GAN","wfo-0000693929"
"Garcinia gardneriana","Garcinia gardneriana (Bacupari, Bacopari, Limãozinho)","GAN","wfo-0000694322"
"Garcinia gardneriana","Garcinia gardneriana","GAN","wfo-0000694322"
"Genipa americana","Genipa americana (Jenipapo, Jenipapeiro, Cabaçu)","GAN","wfo-0000971808"
"Genipa americana","Genipa americana","GAN","wfo-0000971808"
"Guapira opposita","Guapira opposita (Maria-Mole, João-Mole, Bucho-De-Sapo)","GAN","wfo-0000710756"
"Guapira opposita","Guapira opposita","GAN","wfo-0000710756"
"Guatteria","Guatteria","GAN","wfo-4000016312"
"Guatteria sp.","Guatteria sp. (Envira)","GAN","wfo-4000016312"
"Guazuma ulmifolia","Guazuma ulmifolia (Mutamba, Mutambo, Fruta-De-Macaco)","GAN","wfo-0000711645"
"Guazuma ulmifolia","Guazuma ulmifolia","GAN","wfo-0000711645"
"Handroanthus albus","Handroanthus albus (Ipê-Amarelo)","GAN","wfo-0000778576"
"Handroanthus albus","Handroanthus albus","GAN","wfo-0000778576"
"Handroanthus chrysotrichus","Handroanthus chrysotrichus (Ipê-Amarelo)","GAN","wfo-0000778587"
"Handroanthus chrysotrichus","Handroanthus chrysotrichus","GAN","wfo-0000778587"
"Handroanthus heptaphyllus","Handroanthus heptaphyllus (Ipê-Roxo)","GAN","wfo-0000778594"
"Handroanthus heptaphyllus","Handroanthus heptaphyllus","GAN","wfo-0000778594"
"Handroanthus impetiginosus","Handroanthus impetiginosus (Ipê-Roxo)","GAN","wfo-0000778595"
"Handroanthus impetiginosus","Handroanthus impetiginosus","GAN","wfo-0000778595"
"Handroanthus serratifolius","Handroanthus serratifolius (Ipê-Amarelo)","GAN","wfo-0000808837"
"Handroanthus serratifolius","Handroanthus serratifolius","GAN","wfo-0000808837"
"Heliocarpus americanus","Heliocarpus americanus (Jangada-Brava)","GAN","wfo-0000718186"
"Heliocarpus americanus","Heliocarpus americanus","GAN","wfo-0000718186"
"Himatanthus bracteatus","Himatanthus bracteatus (Janaúba)","GAN","wfo-0000982450"
"Himatanthus bracteatus","Himatanthus bracteatus","GAN","wfo-0000982450"
"Himatanthus drasticus","Himatanthus drasticus (Janaúba)","GAN","wfo-0000982455"
"Himatanthus drasticus","Himatanthus drasticus","GAN","wfo-0000982455"
"Himatanthus phagedaenicus","Himatanthus phagedaenicus (Janaúba)","GAN","wfo-0000982461"
"Himatanthus phagedaenicus","Himatanthus phagedaenicus","GAN","wfo-0000982461"
"Himatanthus sucuuba","Himatanthus sucuuba (Sucuba)","GAN","wfo-0000982467"
"Himatanthus sucuuba","Himatanthus sucuuba","GAN","wfo-0000982467"
"Humiria balsamifera","Humiria balsamifera (Umiriri)","GAN","wfo-0000725806"
"Humiria balsamifera","Humiria balsamifera","GAN","wfo-0000725806"
"Hydrochorea pedicellaris","Hydrochorea pedicellaris (Angico)","GAN","wfo-1000040164"
"Hydrochorea pedicellaris","Hydrochorea pedicellaris","GAN","wfo-1000040164"
"Hymenaea courbaril","Hymenaea courbaril (Jatobá)","GAN","wfo-0000168642"
"Hymenaea courbaril","Hymenaea courbaril","GAN","wfo-0000168642"
"Hymenolobium sericeum","Hymenolobium sericeum (Angelim)","GAN","wfo-0000165136"
"Hymenolobium sericeum","Hymenolobium sericeum","GAN","wfo-0000165136"
"Inga","Inga","GAN","wfo-4000019086"
"Inga affinis","Inga affinis (Ingá-Banana, Ingá-Do-Brejo)","GAN","wfo-0000165188"
"Inga affinis","Inga affinis","GAN","wfo-0000165188"
"Inga cylindrica","Inga cylindrica (Ingá-Cilindro, Ingá-De-Várzea)","GAN","wfo-0000173656"
"Inga cylindrica","Inga cylindrica","GAN","wfo-0000173656"
"Inga edulis","Inga edulis (Ingá-De-Metro, Ingá-Cipó)","GAN","wfo-0000175962"
"Inga edulis","Inga edulis","GAN","wfo-0000175962"
"Inga laurina","Inga laurina (Ingá-Mirim, Ingá-Feijão)","GAN","wfo-0000183520"
"Inga laurina","Inga laurina","GAN","wfo-0000183520"
"Inga marginata","Inga marginata (Ingá-Feijão, Ingá-Mirim)","GAN","wfo-0000183521"
"Inga marginata","Inga marginata","GAN","wfo-0000183521"
"Inga sp.","Inga sp. (Ingá)","GAN","wfo-4000019086"
"Inga striata","Inga striata (Ingá-Quadrado, Ingá-De-Quina)","GAN","wfo-0000173673"
"Inga striata","Inga striata","GAN","wfo-0000173673"
"Inga vera","Inga vera (Ingá, Ingá-Do-Rio)","GAN","wfo-0000173675"
"Inga vera","Inga vera","GAN","wfo-0000173675"
"Jacaranda","Jacaranda","GAN","wfo-4000019423"
"Jacaranda caroba","Jacaranda caroba (Caroba, Carobinha)","GAN","wfo-0000778826"
"Jacaranda caroba","Jacaranda caroba","GAN","wfo-0000778826"
"Jacaranda irwinii","Jacaranda irwinii (Jacarandá)","GAN","wfo-0000778776"
"Jacaranda irwinii","Jacaranda irwinii","GAN","wfo-0000778776"
"Jacaranda micrantha","Jacaranda micrantha (Caroba-Do-Mato, Carobão)","GAN","wfo-0000778762"
"Jacaranda micrantha","Jacaranda micrantha","GAN","wfo-0000778762"
"Jacaranda mimosifolia","Jacaranda mimosifolia (Jacarandá-Mimoso, Carobaguaçu)","GAN","wfo-0000778761"
"Jacaranda mimosifolia","Jacaranda mimosifolia","GAN","wfo-0000778761"
"Jacaranda puberula","Jacaranda puberula (Caroba, Carobinha)","GAN","wfo-0000778801"
"Jacaranda puberula","Jacaranda puberula","GAN","wfo-0000778801"
"Jacaranda sp.","Jacaranda sp. (Jacarandá)","GAN","wfo-4000019423"
"Jacaranda ulei","Jacaranda ulei (Jacarandá)","GAN","wfo-0000778793"
"Jacaranda ulei","Jacaranda ulei","GAN","wfo-0000778793"
"Jaracatia spinosa","Jaracatia spinosa (Jaracatiá, Mamão-Do-Mato)","GAN","wfo-0000355402"
"Jaracatia spinosa","Jaracatia spinosa","GAN","wfo-0000355402"
"Joannesia princeps","Joannesia princeps (Andá-Açu, Coco-De-Purga)","GAN","wfo-0000220129"
"Joannesia princeps","Joannesia princeps","GAN","wfo-0000220129"
"Jupunba langsdorffii","Jupunba langsdorffii (Ingá)","GAN","wfo-1000002956"
"Jupunba langsdorffii","Jupunba langsdorffii","GAN","wfo-1000002956"
"Lecythis lurida","Lecythis lurida (Sapucaia)","GAN","wfo-0000774519"
"Lecythis lurida","Lecythis lurida","GAN","wfo-0000774519"
"Lecythis pisonis","Lecythis pisonis (Sapucaia)","GAN","wfo-0000774428"
"Lecythis pisonis","Lecythis pisonis","GAN","wfo-0000774428"
"Libidibia ferrea","Libidibia ferrea (Pau-Ferro)","GAN","wfo-0000744153"
"Libidibia ferrea","Libidibia ferrea","GAN","wfo-0000744153"
"Machaerium","Machaerium","GAN","wfo-4000022623"
"Machaerium nictitans","Machaerium nictitans (Jacarandá-Bico-De-Pato)","GAN","wfo-0000185801"
"Machaerium nictitans","Machaerium nictitans","GAN","wfo-0000185801"
"Machaerium sp.","Machaerium sp. (Jacarandá)","GAN","wfo-4000022623"
"Machaerium stipitatum","Machaerium stipitatum (Jacarandá)","GAN","wfo-0000174421"
"Machaerium stipitatum","Machaerium stipitatum","GAN","wfo-0000174421"
"Macrolobium bifolium","Macrolobium bifolium (Arapari)","GAN","wfo-0000174429"
"Macrolobium bifolium","Macrolobium bifolium","GAN","wfo-0000174429"
"Manilkara maxima","Manilkara maxima (Maçaranduba)","GAN","wfo-0000235914"
"Manilkara maxima","Manilkara maxima","GAN","wfo-0000235914"
"Manilkara salzmannii","Manilkara salzmannii (Maçaranduba)","GAN","wfo-0000235960"
"Manilkara salzmannii","Manilkara salzmannii","GAN","wfo-0000235960"
"Margaritaria nobilis","Margaritaria nobilis (Cafezinho-Do-Mato)","GAN","wfo-0000236325"
"Margaritaria nobilis","Margaritaria nobilis","GAN","wfo-0000236325"
"Maytenus ilicifolia","Maytenus ilicifolia (Espinheira-Santa)","GAN","wfo-0000375199"
"Maytenus ilicifolia","Maytenus ilicifolia","GAN","wfo-0000375199"
"Melanoxylon braunia","Melanoxylon braunia (Braúna)","GAN","wfo-0000185804"
"Melanoxylon braunia","Melanoxylon braunia","GAN","wfo-0000185804"
"Melastomataceae","Melastomataceae (Quaresmeira)","GAN","wfo-7000000372"
"Melastomataceae","Melastomataceae","GAN","wfo-7000000372"
"Miconia crenata","Miconia crenata (Pixirica)","GAN","wfo-0001429190"
"Miconia crenata","Miconia crenata","GAN","wfo-0001429190"
"Miconia prasina","Miconia prasina (Pixirica)","GAN","wfo-0001078847"
"Miconia prasina","Miconia prasina","GAN","wfo-0001078847"
"Mimosa caesalpiniifolia","Mimosa caesalpiniifolia (Sabiá)","GAN","wfo-0000211663"
"Mimosa caesalpiniifolia","Mimosa caesalpiniifolia","GAN","wfo-0000211663"
"Mimosa tenuiflora","Mimosa tenuiflora (Jurema-Preta)","GAN","wfo-0000174654"
"Mimosa tenuiflora","Mimosa tenuiflora","GAN","wfo-0000174654"
"Myrcia ferruginea","Myrcia ferruginea (Araçá-Do-Mato)","GAN","wfo-0000247453"
"Myrcia ferruginea","Myrcia ferruginea","GAN","wfo-0000247453"
"Myrcia splendens","Myrcia splendens (Guamirim)","GAN","wfo-0000247907"
"Myrcia splendens","Myrcia splendens","GAN","wfo-0000247907"
"Myrsine","Myrsine","GAN","wfo-4000025199"
"Myrsine coriacea subsp. coriacea","Myrsine coriacea subsp. coriacea","GAN","wfo-0001237874"
"Myrsine ferruginea","Myrsine ferruginea (Capororoca)","GAN","wfo-0001237874"
"Myrsine guianensis","Myrsine guianensis (Capororoca)","GAN","wfo-0000453706"
"Myrsine guianensis","Myrsine guianensis","GAN","wfo-0000453706"
"Myrsine sp.","Myrsine sp. (Capororoca)","GAN","wfo-4000025199"
"Nectandra membranacea","Nectandra membranacea (Canela)","GAN","wfo-0000379095"
"Nectandra membranacea","Nectandra membranacea","GAN","wfo-0000379095"
"Nectandra oppositifolia","Nectandra oppositifolia (Canela)","GAN","wfo-0000379158"
"Nectandra oppositifolia","Nectandra oppositifolia","GAN","wfo-0000379158"
"Ocotea odorifera","Ocotea odorifera (Canela-Sassafrás)","GAN","wfo-0000382803"
"Ocotea odorifera","Ocotea odorifera","GAN","wfo-0000382803"
"Ocotea puberula","Ocotea puberula (Canela)","GAN","wfo-0000383318"
"Ocotea puberula","Ocotea puberula","GAN","wfo-0000383318"
"Olacaceae","Olacaceae","GAN","wfo-7000000421"
"Olacaceae sp.","Olacaceae sp. (Pau-De-Incenso)","GAN","wfo-7000000421"
"Ormosia","Ormosia","GAN","wfo-4000027172"
"Ormosia limae","Ormosia limae (Tento)","GAN","wfo-0000746916"
"Ormosia limae","Ormosia limae","GAN","wfo-0000746916"
"Ormosia sp.","Ormosia sp. (Tento)","GAN","wfo-4000027172"
"Other or don't know","Other or don't know","GAN",
"Parkia pendula","Parkia pendula (Visgueiro)","GAN","wfo-0000174167"
"Parkia pendula","Parkia pendula","GAN","wfo-0000174167"
"Paubrasilia echinata","Paubrasilia echinata (Pau-Brasil)","GAN","wfo-0001318224"
"Paubrasilia echinata","Paubrasilia echinata","GAN","wfo-0001318224"
"Paypayrola blanchetiana","Paypayrola blanchetiana (Pau-Santo)","GAN","wfo-0001144469"
"Paypayrola blanchetiana","Paypayrola blanchetiana","GAN","wfo-0001144469"
"Peltophorum dubium","Peltophorum dubium (Canafístula)","GAN","wfo-0000168369"
"Peltophorum dubium","Peltophorum dubium","GAN","wfo-0000168369"
"Pera glabrata","Pera glabrata (Seca-Ligeiro)","GAN","wfo-0000267144"
"Pera glabrata","Pera glabrata","GAN","wfo-0000267144"
"Pera heteranthera","Pera heteranthera (Seca-Ligeiro)","GAN","wfo-0000267150"
"Pera heteranthera","Pera heteranthera","GAN","wfo-0000267150"
"Piptadenia gonoacantha","Piptadenia gonoacantha (Pau-Jacaré)","GAN","wfo-0000168399"
"Piptadenia gonoacantha","Piptadenia gonoacantha","GAN","wfo-0000168399"
"Piptadenia paniculata","Piptadenia paniculata (Angico)","GAN","wfo-0000168404"
"Piptadenia paniculata","Piptadenia paniculata","GAN","wfo-0000168404"
"Plathymenia reticulata","Plathymenia reticulata (Vinhático)","GAN","wfo-0000182203"
"Plathymenia reticulata","Plathymenia reticulata","GAN","wfo-0000182203"
"Pleroma granulosum","Pleroma granulosum (Quaresmeira)","GAN","wfo-0000158052"
"Pleroma granulosum","Pleroma granulosum","GAN","wfo-0000158052"
"Pogonophora schomburgkiana","Pogonophora schomburgkiana (Pau-André)","GAN","wfo-0000279618"
"Pogonophora schomburgkiana","Pogonophora schomburgkiana","GAN","wfo-0000279618"
"Pouteria bapeba","Pouteria bapeba (Bapeba)","GAN","wfo-0000281564"
"Pouteria bapeba","Pouteria bapeba","GAN","wfo-0000281564"
"Pouteria butyrocarpa","Pouteria butyrocarpa (Guapeva)","GAN","wfo-0000281598"
"Pouteria butyrocarpa","Pouteria butyrocarpa","GAN","wfo-0000281598"
"Pouteria caimito","Pouteria caimito (Abiu)","GAN","wfo-0000281599"
"Pouteria caimito","Pouteria caimito","GAN","wfo-0000281599"
"Pouteria venosa","Pouteria venosa (Guapeva)","GAN","wfo-0000282178"
"Pouteria venosa","Pouteria venosa","GAN","wfo-0000282178"
"Pradosia grisebachii","Pradosia grisebachii (Pau-De-Macaco)","GAN","wfo-0000282215"
"Pradosia grisebachii","Pradosia grisebachii","GAN","wfo-0000282215"
"Protium aracouchini","Protium aracouchini (Breu)","GAN","wfo-0000397157"
"Protium aracouchini","Protium aracouchini","GAN","wfo-0000397157"
"Protium heptaphyllum","Protium heptaphyllum (Breu-Branco)","GAN","wfo-0000397106"
"Protium heptaphyllum","Protium heptaphyllum","GAN","wfo-0000397106"
"Pseudalbizzia polycephala","Pseudalbizzia polycephala","GAN","wfo-1000040144"
"Pseudobombax grandiflorum","Pseudobombax grandiflorum (Embiruçu)","GAN","wfo-0000397224"
"Pseudobombax grandiflorum","Pseudobombax grandiflorum","GAN","wfo-0000397224"
"Psidium","Psidium","GAN","wfo-4000031762"
"Psidium cattleyanum","Psidium cattleyanum (Araçá)","GAN","wfo-0001319200"
"Psidium cattleyanum","Psidium cattleyanum","GAN","wfo-0001319200"
"Psidium guajava","Psidium guajava (Goiaba)","GAN","wfo-0000284421"
"Psidium guajava","Psidium guajava","GAN","wfo-0000284421"
"Psidium guyanense","Psidium guyanense (Araçá-Do-Mato)","GAN","wfo-0000284429"
"Psidium guyanense","Psidium guyanense","GAN","wfo-0000284429"
"Psidium myrtoides","Psidium myrtoides (Araçá)","GAN","wfo-0000284526"
"Psidium myrtoides","Psidium myrtoides","GAN","wfo-0000284526"
"Psidium rufum","Psidium rufum (Araçá)","GAN","wfo-0000284608"
"Psidium rufum","Psidium rufum","GAN","wfo-0000284608"
"Psidium sp.","Psidium sp. (Araçá)","GAN","wfo-4000031762"
"Pterocarpus rohrii","Pterocarpus rohrii (Pau-Sangue)","GAN","wfo-0000194879"
"Pterocarpus rohrii","Pterocarpus rohrii","GAN","wfo-0000194879"
"Pterogyne nitens","Pterogyne nitens (Amendoim-Bravo)","GAN","wfo-0000170614"
"Pterogyne nitens","Pterogyne nitens","GAN","wfo-0000170614"
"Pterygota brasiliensis","Pterygota brasiliensis (Pau-Rei)","GAN","wfo-0001141172"
"Pterygota brasiliensis","Pterygota brasiliensis","GAN","wfo-0001141172"
"Randia armata","Randia armata (Jenipapinho)","GAN","wfo-0000294317"
"Randia armata","Randia armata","GAN","wfo-0000294317"
"Roupala","Roupala","GAN","wfo-4000033541"
"Roupala sp.","Roupala sp. (Carne-De-Vaca)","GAN","wfo-4000033541"
"Schinopsis brasiliensis","Schinopsis brasiliensis (Braúna)","GAN","wfo-0001049781"
"Schinopsis brasiliensis","Schinopsis brasiliensis","GAN","wfo-0001049781"
"Schinus terebinthifolia","Schinus terebinthifolia (Aroeira-Vermelha)","GAN","wfo-0000435152"
"Schinus terebinthifolia","Schinus terebinthifolia","GAN","wfo-0000435152"
"Schizolobium parahyba","Schizolobium parahyba (Guapuruvu)","GAN","wfo-0000186738"
"Schizolobium parahyba","Schizolobium parahyba","GAN","wfo-0000186738"
"Senefeldera verticillata","Senefeldera verticillata (Faveira)","GAN","wfo-0000309280"
"Senefeldera verticillata","Senefeldera verticillata","GAN","wfo-0000309280"
"Senna macranthera","Senna macranthera (Fedegoso)","GAN","wfo-0000175253"
"Senna macranthera","Senna macranthera","GAN","wfo-0000175253"
"Senna multijuga","Senna multijuga (Canafístula)","GAN","wfo-0000164356"
"Senna multijuga","Senna multijuga","GAN","wfo-0000164356"
"Senna occidentalis","Senna occidentalis (Fedegoso)","GAN","wfo-0000164430"
"Senna occidentalis","Senna occidentalis","GAN","wfo-0000164430"
"Sextonia rubra","Sextonia rubra (Louro-Vermelho)","GAN","wfo-0000498965"
"Sextonia rubra","Sextonia rubra","GAN","wfo-0000498965"
"Simarouba amara","Simarouba amara (Marupá)","GAN","wfo-0000492139"
"Simarouba amara","Simarouba amara","GAN","wfo-0000492139"
"Siparuna guianensis","Siparuna guianensis (Negramina)","GAN","wfo-0000505093"
"Siparuna guianensis","Siparuna guianensis","GAN","wfo-0000505093"
"Sloanea obtusifolia","Sloanea obtusifolia (Sapopema)","GAN","wfo-0000499124"
"Sloanea obtusifolia","Sloanea obtusifolia","GAN","wfo-0000499124"
"Solanum paniculatum","Solanum paniculatum (Jurubeba)","GAN","wfo-0001030198"
"Solanum paniculatum","Solanum paniculatum","GAN","wfo-0001030198"
"Sorocea bonplandii","Sorocea bonplandii (Falsa-Espinheira-Santa)","GAN","wfo-0000505885"
"Sorocea bonplandii","Sorocea bonplandii","GAN","wfo-0000505885"
"Sorocea hilarii","Sorocea hilarii (Falsa-Espinheira-Santa)","GAN","wfo-0000505962"
"Sorocea hilarii","Sorocea hilarii","GAN","wfo-0000505962"
"Sparattanthelium botocudorum","Sparattanthelium botocudorum (Canela)","GAN","wfo-0001065317"
"Sparattanthelium botocudorum","Sparattanthelium botocudorum","GAN","wfo-0001065317"
"Sparattosperma leucanthum","Sparattosperma leucanthum (Ipê-Cascudo)","GAN","wfo-0000779743"
"Sparattosperma leucanthum","Sparattosperma leucanthum","GAN","wfo-0000779743"
"Spondias mombin","Spondias mombin (Cajá)","GAN","wfo-0000435470"
"Spondias mombin","Spondias mombin","GAN","wfo-0000435470"
"Sterculia apetala var. apetala","Sterculia apetala var. apetala (Chichá)","GAN","wfo-0001141167"
"Sterculia apetala var. apetala","Sterculia apetala var. apetala","GAN","wfo-0001141167"
"Stryphnodendron adstringens","Stryphnodendron adstringens (Barbatimão)","GAN","wfo-0000164061"
"Stryphnodendron adstringens","Stryphnodendron adstringens","GAN","wfo-0000164061"
"Swartzia apetala","Swartzia apetala (Sucupira)","GAN","wfo-0000164091"
"Swartzia apetala","Swartzia apetala","GAN","wfo-0000164091"
"Swartzia euxylophora","Swartzia euxylophora (Sucupira)","GAN","wfo-0000503041"
"Swartzia euxylophora","Swartzia euxylophora","GAN","wfo-0000503041"
"Swartzia langsdorffii","Swartzia langsdorffii (Sucupira)","GAN","wfo-0000164124"
"Swartzia langsdorffii","Swartzia langsdorffii","GAN","wfo-0000164124"
"Swartzia multijuga","Swartzia multijuga (Sucupira)","GAN","wfo-0000164141"
"Swartzia multijuga","Swartzia multijuga","GAN","wfo-0000164141"
"Syagrus botryophora","Syagrus botryophora (Piaçava)","GAN","wfo-0000317827"
"Syagrus botryophora","Syagrus botryophora","GAN","wfo-0000317827"
"Tabebuia roseoalba","Tabebuia roseoalba (Ipê-Branco)","GAN","wfo-0000780753"
"Tabebuia roseoalba","Tabebuia roseoalba","GAN","wfo-0000780753"
"Tabernaemontana hystrix","Tabernaemontana hystrix (Leiteiro)","GAN","wfo-0000319903"
"Tabernaemontana hystrix","Tabernaemontana hystrix","GAN","wfo-0000319903"
"Tachigali chrysophylla","Tachigali chrysophylla (Tachi)","GAN","wfo-0001062380"
"Tachigali chrysophylla","Tachigali chrysophylla","GAN","wfo-0001062380"
"Tachigali densiflora","Tachigali densiflora (Tachi)","GAN","wfo-0001282651"
"Tachigali densiflora","Tachigali densiflora","GAN","wfo-0001282651"
"Talisia esculenta","Talisia esculenta (Pitomba)","GAN","wfo-0001135264"
"Talisia esculenta","Talisia esculenta","GAN","wfo-0001135264"
"Tapirira guianensis","Tapirira guianensis (Pau-Pombo)","GAN","wfo-0000410062"
"Tapirira guianensis","Tapirira guianensis","GAN","wfo-0000410062"
"Terminalia dichotoma","Terminalia dichotoma (Capitão)","GAN","wfo-0000408756"
"Terminalia dichotoma","Terminalia dichotoma","GAN","wfo-0000408756"
"Terminalia fagifolia","Terminalia fagifolia (Capitão-Do-Campo)","GAN","wfo-0001296301"
"Terminalia fagifolia","Terminalia fagifolia","GAN","wfo-0001296301"
"Thyrsodium spruceanum","Thyrsodium spruceanum (Pau-Pombo)","GAN","wfo-0000409419"
"Thyrsodium spruceanum","Thyrsodium spruceanum","GAN","wfo-0000409419"
"Tibouchina","Tibouchina","GAN","wfo-4000038391"
"Tibouchina sp.","Tibouchina sp. (Quaresmeira)","GAN","wfo-4000038391"
"Toulicia subsquamulata","Toulicia subsquamulata (Pitomba-Brava)","GAN","wfo-0001134880"
"Toulicia subsquamulata","Toulicia subsquamulata","GAN","wfo-0001134880"
"Trema micranthum","Trema micranthum (Capixingui)","GAN","wfo-0000457786"
"Trema micranthum","Trema micranthum","GAN","wfo-0000457786"
"Varronia polycephala","Varronia polycephala (Erva-Baleeira)","GAN","wfo-0000420907"
"Varronia polycephala","Varronia polycephala","GAN","wfo-0000420907"
"Vataireopsis araroba","Vataireopsis araroba (Araroba)","GAN","wfo-0000165390"
"Vataireopsis araroba","Vataireopsis araroba","GAN","wfo-0000165390"
"Vernonia","Vernonia","GAN","wfo-4000040166"
"Vernonia discolor","Vernonia discolor (Assa-Peixe)","GAN","wfo-0000055090"
"Vernonia discolor","Vernonia discolor","GAN","wfo-0000055090"
"Vernonia sp.","Vernonia sp. (Assa-Peixe)","GAN","wfo-4000040166"
"Vismia ferruginea","Vismia ferruginea (Lacre)","GAN","wfo-0000422389"
"Vismia ferruginea","Vismia ferruginea","GAN","wfo-0000422389"
"Vismia guianensis","Vismia guianensis (Lacre)","GAN","wfo-0000422374"
"Vismia guianensis","Vismia guianensis","GAN","wfo-0000422374"
"Vismia latifolia","Vismia latifolia (Lacre)","GAN","wfo-0001296205"
"Vismia latifolia","Vismia latifolia","GAN","wfo-0001296205"
"Vismia martiana","Vismia martiana (Lacre)","GAN","wfo-0001295800"
"Vismia martiana","Vismia martiana","GAN","wfo-0001295800"
"Xylopia aromatica","Xylopia aromatica (Pindaíba)","GAN","wfo-0000428891"
"Xylopia aromatica","Xylopia aromatica","GAN","wfo-0000428891"
"Xylopia frutescens","Xylopia frutescens (Pindaíba)","GAN","wfo-0000428954"
"Xylopia frutescens","Xylopia frutescens","GAN","wfo-0000428954"
"Zanthoxylum nemorale","Zanthoxylum nemorale (Mamica-De-Porca)","GAN","wfo-0001238913"
"Zanthoxylum nemorale","Zanthoxylum nemorale","GAN","wfo-0001238913"
"Zanthoxylum rhoifolium","Zanthoxylum rhoifolium (Mamica-De-Porca)","GAN","wfo-0000429355"
"Zanthoxylum rhoifolium","Zanthoxylum rhoifolium","GAN","wfo-0000429355"
"Zeyheria tuberculosa","Zeyheria tuberculosa (Ipê-Preto)","GAN","wfo-0000780396"
"Zeyheria tuberculosa","Zeyheria tuberculosa","GAN","wfo-0000780396"
"Acacia baileyana","Acacia baileyana","GAU","wfo-0000189913"
"Acacia binervia","Acacia binervia","GAU","wfo-0000190121"
"Acacia brachybotrya","Acacia brachybotrya","GAU","wfo-0000185294"
"Acacia buxifolia","Acacia buxifolia","GAU","wfo-0000185292"
"Acacia dealbata","Acacia dealbata","GAU","wfo-0000192338"
"Acacia dealbata subsp. dealbata","Acacia dealbata subsp. dealbata","GAU","wfo-0000201035"
"Acacia deanei","Acacia deanei","GAU","wfo-0000201013"
"Acacia decora","Acacia decora","GAU","wfo-0000185302"
"Acacia decurrens","Acacia decurrens","GAU","wfo-0000192434"
"Acacia doratoxylon","Acacia doratoxylon","GAU","wfo-0000192748"
"Acacia elongata","Acacia elongata","GAU","wfo-0000202219"
"Acacia falcata","Acacia falcata","GAU","wfo-0000192740"
"Acacia falciformis","Acacia falciformis","GAU","wfo-0000185304"
"Acacia floribunda","Acacia floribunda","GAU","wfo-0000192754"
"Acacia genistifolia","Acacia genistifolia","GAU","wfo-0000201677"
"Acacia hakeoides","Acacia hakeoides","GAU","wfo-0000185308"
"Acacia implexa","Acacia implexa","GAU","wfo-0000192743"
"Acacia linifolia","Acacia linifolia","GAU","wfo-0000201271"
"Acacia mearnsii","Acacia mearnsii","GAU","wfo-0000203882"
"Acacia melanoxylon","Acacia melanoxylon","GAU","wfo-0000204086"
"Acacia myrtifolia","Acacia myrtifolia","GAU","wfo-0000185847"
"Acacia obtusifolia","Acacia obtusifolia","GAU","wfo-0000185319"
"Acacia oswaldii","Acacia oswaldii","GAU","wfo-0000185318"
"Acacia paradoxa","Acacia paradoxa","GAU","wfo-0000185340"
"Acacia parramattensis","Acacia parramattensis","GAU","wfo-0000185351"
"Acacia penninervis","Acacia penninervis","GAU","wfo-0000192746"
"Acacia pulchella","Acacia pulchella","GAU","wfo-0000185320"
"Acacia pycnantha","Acacia pycnantha","GAU","wfo-0000210558"
"Acacia rubida","Acacia rubida","GAU","wfo-0000185323"
"Acacia stricta","Acacia stricta","GAU","wfo-0000185325"
"Acacia suaveolens","Acacia suaveolens","GAU","wfo-0000185326"
"Acacia ulicifolia","Acacia ulicifolia","GAU","wfo-0000201700"
"Acacia verniciflua","Acacia verniciflua","GAU","wfo-0000185333"
"Acacia verticillata","Acacia verticillata","GAU","wfo-0000173781"
"Acacia vestita","Acacia vestita","GAU","wfo-0000211369"
"Allocasuarina littoralis","Allocasuarina littoralis","GAU","wfo-0000526460"
"Allocasuarina paludosa","Allocasuarina paludosa","GAU","wfo-0000526471"
"Allocasuarina pusilla","Allocasuarina pusilla","GAU","wfo-0000526476"
"Allocasuarina verticillata","Allocasuarina verticillata","GAU","wfo-0000526492"
"Banksia integrifolia","Banksia integrifolia","GAU","wfo-0000559673"
"Banksia marginata","Banksia marginata","GAU","wfo-0000559716"
"Banksia oblongifolia","Banksia oblongifolia","GAU","wfo-0000559738"
"Banksia serrata","Banksia serrata","GAU","wfo-0000559808"
"Banksia spinulosa","Banksia spinulosa","GAU","wfo-0000559828"
"Bedfordia arborescens","Bedfordia arborescens","GAU","wfo-0000037257"
"Brachychiton populneus","Brachychiton populneus","GAU","wfo-0000570276"
"Breynia oblongifolia","Breynia oblongifolia","GAU","wfo-0000413308"
"Bursaria spinosa","Bursaria spinosa","GAU","wfo-0000576092"
"Callitris columellaris","Callitris columellaris","GAU","wfo-0000580726"
"Callitris glaucophylla","Callitris glaucophylla","GAU","wfo-0000580726"
"Carex appressa","Carex appressa","GAU","wfo-0000344481"
"Cassinia aculeata","Cassinia aculeata","GAU","wfo-0000035898"
"Cassinia trinerva","Cassinia trinerva","GAU","wfo-0000039232"
"Casuarina cunninghamiana","Casuarina cunninghamiana","GAU","wfo-0000590647"
"Coprosma quadrifida","Coprosma quadrifida","GAU","wfo-0000923519"
"Correa alba","Correa alba","GAU","wfo-0000621771"
"Daviesia acicularis","Daviesia acicularis","GAU","wfo-0000187810"
"Daviesia genistifolia","Daviesia genistifolia","GAU","wfo-0000188169"
"Daviesia ulicifolia","Daviesia ulicifolia","GAU","wfo-0000188419"
"Dianella revoluta","Dianella revoluta","GAU","wfo-0000765248"
"Dianella tasmanica","Dianella tasmanica","GAU","wfo-0000765262"
"Dillwynia sieberi","Dillwynia sieberi","GAU","wfo-0000647688"
"Dodonaea triquetra","Dodonaea triquetra","GAU","wfo-0000653163"
"Dodonaea viscosa","Dodonaea viscosa","GAU","wfo-0000653170"
"Dodonaea viscosa subsp. angustissima","Dodonaea viscosa subsp. angustissima","GAU","wfo-0000653175"
"Enchylaena tomentosa","Enchylaena tomentosa","GAU","wfo-0000667501"
"Epacris impressa","Epacris impressa","GAU","wfo-0000668345"
"Eucalyptus albens","Eucalyptus albens","GAU","wfo-0000954369"
"Eucalyptus amplifolia","Eucalyptus amplifolia","GAU","wfo-0000954386"
"Eucalyptus baxteri","Eucalyptus baxteri","GAU","wfo-0000954488"
"Eucalyptus blakelyi","Eucalyptus blakelyi","GAU","wfo-0000954518"
"Eucalyptus bridgesiana","Eucalyptus bridgesiana","GAU","wfo-0000954549"
"Eucalyptus camaldulensis","Eucalyptus camaldulensis","GAU","wfo-0000954597"
"Eucalyptus cinerea","Eucalyptus cinerea","GAU","wfo-0000954651"
"Eucalyptus crebra","Eucalyptus crebra","GAU","wfo-0000954740"
"Eucalyptus cypellocarpa","Eucalyptus cypellocarpa","GAU","wfo-0000954770"
"Eucalyptus diversifolia","Eucalyptus diversifolia","GAU","wfo-0000954829"
"Eucalyptus dives","Eucalyptus dives","GAU","wfo-0000954831"
"Eucalyptus eugenioides","Eucalyptus eugenioides","GAU","wfo-0000954896"
"Eucalyptus globoidea","Eucalyptus globoidea","GAU","wfo-0000955453"
"Eucalyptus globulus","Eucalyptus globulus","GAU","wfo-0000954998"
"Eucalyptus goniocalyx","Eucalyptus goniocalyx","GAU","wfo-0000955018"
"Eucalyptus incrassata","Eucalyptus incrassata","GAU","wfo-0000955119"
"Eucalyptus leucoxylon","Eucalyptus leucoxylon","GAU","wfo-0000955243"
"Eucalyptus macarthurii","Eucalyptus macarthurii","GAU","wfo-0000955293"
"Eucalyptus macrorhyncha","Eucalyptus macrorhyncha","GAU","wfo-0000955302"
"Eucalyptus mannifera","Eucalyptus mannifera","GAU","wfo-0000955322"
"Eucalyptus melliodora","Eucalyptus melliodora","GAU","wfo-0000955352"
"Eucalyptus obliqua","Eucalyptus obliqua","GAU","wfo-0000955448"
"Eucalyptus oblonga","Eucalyptus oblonga","GAU","wfo-0000955453"
"Eucalyptus ovata","Eucalyptus ovata","GAU","wfo-0000955524"
"Eucalyptus pauciflora","Eucalyptus pauciflora","GAU","wfo-0000955577"
"Eucalyptus polyanthemos","Eucalyptus polyanthemos","GAU","wfo-0000955661"
"Eucalyptus punctata","Eucalyptus punctata","GAU","wfo-0000955715"
"Eucalyptus radiata","Eucalyptus radiata","GAU","wfo-0000955747"
"Eucalyptus regnans","Eucalyptus regnans","GAU","wfo-0000955775"
"Eucalyptus rossii","Eucalyptus rossii","GAU","wfo-0000955814"
"Eucalyptus rubida","Eucalyptus rubida","GAU","wfo-0000955823"
"Eucalyptus strzeleckii","Eucalyptus strzeleckii","GAU","wfo-0000955958"
"Eucalyptus tereticornis","Eucalyptus tereticornis","GAU","wfo-0000956012"
"Eucalyptus viminalis","Eucalyptus viminalis","GAU","wfo-0000956115"
"Eucalyptus viminalis subsp. pryoriana","Eucalyptus viminalis subsp. pryoriana","GAU","wfo-0000956124"
"Ficinia nodosa","Ficinia nodosa","GAU","wfo-0000418195"
"Gahnia radula","Gahnia radula","GAU","wfo-0000427271"
"Goodenia ovata","Goodenia ovata","GAU","wfo-0000707500"
"Goodia lotifolia","Goodia lotifolia","GAU","wfo-0000185170"
"Gynatrix pulchella","Gynatrix pulchella","GAU","wfo-0000713256"
"Hakea decurrens","Hakea decurrens","GAU","wfo-0000192434"
"Hakea sericea","Hakea sericea","GAU","wfo-0000714466"
"Hedycarya angustifolia","Hedycarya angustifolia","GAU","wfo-0000716599"
"Indigofera australis","Indigofera australis","GAU","wfo-0000190692"
"Jacksonia scoparia","Jacksonia scoparia","GAU","wfo-0000186807"
"Juncus australis","Juncus australis","GAU","wfo-0000775931"
"Juncus procerus","Juncus procerus","GAU","wfo-0000777110"
"Kunzea ambigua","Kunzea ambigua","GAU","wfo-0000221558"
"Kunzea ericoides","Kunzea ericoides","GAU","wfo-0000221576"
"Leptospermum continentale","Leptospermum continentale","GAU","wfo-0000226551"
"Leptospermum laevigatum","Leptospermum laevigatum","GAU","wfo-0000226626"
"Leptospermum lanigerum","Leptospermum lanigerum","GAU","wfo-0000226629"
"Leptospermum myrsinoides","Leptospermum myrsinoides","GAU","wfo-0000226667"
"Leptospermum obovatum","Leptospermum obovatum","GAU","wfo-0000226682"
"Leptospermum polygalifolium","Leptospermum polygalifolium","GAU","wfo-0000226708"
"Leucopogon parviflorus","Leucopogon parviflorus","GAU","wfo-0001046651"
"Lomandra filiformis","Lomandra filiformis","GAU","wfo-0000753765"
"Lomandra longifolia","Lomandra longifolia","GAU","wfo-0000753754"
"Melaleuca decora","Melaleuca decora","GAU","wfo-0000239527"
"Melaleuca ericifolia","Melaleuca ericifolia","GAU","wfo-0000239561"
"Melaleuca halmaturorum","Melaleuca halmaturorum","GAU","wfo-0000239613"
"Melaleuca lanceolata","Melaleuca lanceolata","GAU","wfo-0000239653"
"Melaleuca squarrosa","Melaleuca squarrosa","GAU","wfo-0000239847"
"Melaleuca styphelioides","Melaleuca styphelioides","GAU","wfo-0000239859"
"Melaleuca thymifolia","Melaleuca thymifolia","GAU","wfo-0000239883"
"Melia azedarach","Melia azedarach","GAU","wfo-0000450150"
"Melicytus dentatus","Melicytus dentatus","GAU","wfo-0000451833"
"Myrsine howittiana","Myrsine howittiana","GAU","wfo-0001279090"
"Olearia argophylla","Olearia argophylla","GAU","wfo-0000069377"
"Olearia lirata","Olearia lirata","GAU","wfo-0000078780"
"Olearia phlogopappa","Olearia phlogopappa","GAU","wfo-0000104345"
"Other or don't know","Other or don't know","GAU",
"Ozothamnus diosmifolius","Ozothamnus diosmifolius","GAU","wfo-0000086576"
"Ozothamnus ferrugineus","Ozothamnus ferrugineus","GAU","wfo-0000026710"
"Pittosporum bicolor","Pittosporum bicolor","GAU","wfo-0001094712"
"Poa labillardierei","Poa labillardierei","GAU","wfo-0000892722"
"Polyscias sambucifolia","Polyscias sambucifolia","GAU","wfo-0000280139"
"Pomaderris aspera","Pomaderris aspera","GAU","wfo-0000472032"
"Prostanthera lasianthos","Prostanthera lasianthos","GAU","wfo-0000283446"
"Pultenaea daphnoides","Pultenaea daphnoides","GAU","wfo-0000185210"
"Rhagodia candolleana","Rhagodia candolleana","GAU","wfo-0001295066"
"Senna artemisioides","Senna artemisioides","GAU","wfo-0000209726"
"Solanum aviculare","Solanum aviculare","GAU","wfo-0001026424"
"Tasmannia lanceolata","Tasmannia lanceolata","GAU","wfo-0001240760"
"Tetrarrhena juncea","Tetrarrhena juncea","GAU","wfo-0000903442"
"Viminaria juncea","Viminaria juncea","GAU","wfo-0000188253"
"Zieria arborescens","Zieria arborescens","GAU","wfo-0000429435"
"Acacia pulchella var. glaberrima","Acacia pulchella var. glaberrima","GBM","wfo-0000186860"
"Acokanthera oppositifolia","Acokanthera oppositifolia","GBM","wfo-0000336130"
"Acokanthera oppositifolia","Acokanthera oppositifolia (Mukweo)","GBM","wfo-0000336130"
"Acokanthera schimperi","Acokanthera schimperi","GBM","wfo-0000336741"
"Acokanthera schimperi","Acokanthera schimperi (Kivai)","GBM","wfo-0000336741"
"Adansonia digitata","Adansonia digitata","GBM","wfo-0000519672"
"Adansonia digitata","Adansonia digitata (Muamba)","GBM","wfo-0000519672"
"Albizia adianthifolia","Albizia adianthifolia","GBM","wfo-0000179990"
"Albizia amara","Albizia amara","GBM","wfo-0001054132"
"Albizia amara","Albizia amara (kyundua/kiundua)","GBM","wfo-0001054132"
"Albizia anthelmintica","Albizia anthelmintica","GBM","wfo-0000181142"
"Albizia anthelmintica","Albizia anthelmintica (kyowa/Mwowa)","GBM","wfo-0000181142"
"Albizia gummifera","Albizia gummifera","GBM","wfo-0000183535"
"Albizia gummifera","Albizia gummifera (kisya/Musya/Mwethia)","GBM","wfo-0000183535"
"Antidesma venosum","Antidesma venosum","GBM","wfo-0000239603"
"Antidesma venosum","Antidesma venosum (Kitolanthia/Kitelanthia)","GBM","wfo-0000239603"
"Azadirachta indica","Azadirachta indica","GBM","wfo-0000557668"
"Azadirachta indica","Azadirachta indica (Neem)","GBM","wfo-0000557668"
"Balanites aegyptiaca","Balanites aegyptiaca","GBM","wfo-0000313273"
"Balanites aegyptiaca","Balanites aegyptiaca (Desert date; Mulului)","GBM","wfo-0000313273"
"Balanites glabra","Balanites glabra","GBM","wfo-0000313493"
"Balanites glabra","Balanites glabra (Kilului)","GBM","wfo-0000313493"
"Bridelia micrantha","Bridelia micrantha","GBM","wfo-0000421441"
"Bridelia micrantha","Bridelia micrantha (Mukoigo)","GBM","wfo-0000421441"
"Burkea africana","Burkea africana","GBM","wfo-0000214110"
"Burkea africana","Burkea africana (Mukarati)","GBM","wfo-0000214110"
"Calotropis procera","Calotropis procera","GBM","wfo-0000581500"
"Calotropis procera","Calotropis procera (Mufuthu(Kamba))","GBM","wfo-0000581500"
"Carica papaya","Carica papaya","GBM","wfo-0000588009"
"Carica papaya","Carica papaya (Pawpaw)","GBM","wfo-0000588009"
"Casimiroa edulis","Casimiroa edulis","GBM","wfo-0000589005"
"Casimiroa edulis","Casimiroa edulis (White sapote)","GBM","wfo-0000589005"
"Cassia abbreviata","Cassia abbreviata","GBM","wfo-0000214576"
"Cassia abbreviata","Cassia abbreviata (Long-pod cassia; Kyathandathe)","GBM","wfo-0000214576"
"Cedrus libani","Cedrus libani","GBM","wfo-0000592537"
"Citrus limon","Citrus limon","GBM","wfo-0001133139"
"Citrus limon","Citrus limon (kitimo)","GBM","wfo-0001133139"
"Combretum collinum","Combretum collinum","GBM","wfo-0000616192"
"Combretum collinum","Combretum collinum (Itithi)","GBM","wfo-0000616192"
"Combretum molle","Combretum molle","GBM","wfo-0000616553"
"Combretum molle","Combretum molle (Muama)","GBM","wfo-0000616553"
"Commiphora africana","Commiphora africana","GBM","wfo-0001328094"
"Commiphora africana","Commiphora africana (Kitungu)","GBM","wfo-0001328094"
"Commiphora eminii","Commiphora eminii","GBM","wfo-0000617256"
"Commiphora eminii","Commiphora eminii (Kiliva)","GBM","wfo-0000617256"
"Cordia africana","Cordia africana","GBM","wfo-0000620224"
"Cordia africana","Cordia africana (Muvutu)","GBM","wfo-0000620224"
"Cordia monoica","Cordia monoica","GBM","wfo-0000620753"
"Cordia monoica","Cordia monoica (Kithei/Muthei)","GBM","wfo-0000620753"
"Crotalaria goodiaeformis","Crotalaria goodiaeformis","GBM","wfo-0000206964"
"Crotalaria goodiaeformis","Crotalaria goodiaeformis (Musili)","GBM","wfo-0000206964"
"Croton dichogamus","Croton dichogamus","GBM","wfo-0000927820"
"Croton dichogamus","Croton dichogamus (Muulu)","GBM","wfo-0000927820"
"Croton macrocarpus","Croton macrocarpus","GBM","wfo-0000931586"
"Croton macrostachyus","Croton macrostachyus","GBM","wfo-0000931591"
"Croton macrostachyus","Croton macrostachyus (Kitundu/Mutundu)","GBM","wfo-0000931591"
"Croton megalocarpus","Croton megalocarpus","GBM","wfo-0000931666"
"Croton megalocarpus","Croton megalocarpus (Kithulu/Muthulu; Mukinduri(Kikuyu))","GBM","wfo-0000931666"
"Croton sidifolius","Croton sidifolius","GBM","wfo-0000932365"
"Cupressus","Cupressus","GBM","wfo-4000010075"
"Cupressus sp.","Cupressus sp.","GBM","wfo-4000010075"
"Dalbergia melanoxylon","Dalbergia melanoxylon","GBM","wfo-0000172325"
"Dalbergia melanoxylon","Dalbergia melanoxylon (Mpingo; Muvingo)","GBM","wfo-0000172325"
"Dichrostachys cinerea","Dichrostachys cinerea","GBM","wfo-0000176871"
"Dichrostachys cinerea","Dichrostachys cinerea (Muvilisya)","GBM","wfo-0000176871"
"Diospyros abyssinica","Diospyros abyssinica","GBM","wfo-0000648453"
"Diospyros abyssinica","Diospyros abyssinica (Mukololo)","GBM","wfo-0000648453"
"Diospyros bussei","Diospyros bussei","GBM","wfo-0000648611"
"Dodonaea viscosa","Dodonaea viscosa","GBM","wfo-0000653170"
"Dodonaea viscosa","Dodonaea viscosa (Kithongoi/Muthongoi)","GBM","wfo-0000653170"
"Dombeya kirkii","Dombeya kirkii","GBM","wfo-0000653769"
"Dombeya kirkii","Dombeya kirkii (Mukeu)","GBM","wfo-0000653769"
"Dombeya rotundifolia","Dombeya rotundifolia","GBM","wfo-0000653948"
"Dombeya rotundifolia","Dombeya rotundifolia (Mutoo)","GBM","wfo-0000653948"
"Erythrina abyssinica","Erythrina abyssinica","GBM","wfo-0000180423"
"Erythrina abyssinica","Erythrina abyssinica (Muvuti)","GBM","wfo-0000180423"
"Erythrina burttii","Erythrina burttii","GBM","wfo-0000180586"
"Erythrina burttii","Erythrina burttii (Muusi/Kikunguu)","GBM","wfo-0000180586"
"Eucalyptus","Eucalyptus","GBM","wfo-4000014088"
"Eucalyptus camaldulensis","Eucalyptus camaldulensis","GBM","wfo-0000954597"
"Eucalyptus camaldulensis","Eucalyptus camaldulensis (Musanduku)","GBM","wfo-0000954597"
"Eucalyptus globulus","Eucalyptus globulus","GBM","wfo-0000954998"
"Eucalyptus globulus","Eucalyptus globulus (Blue gum)","GBM","wfo-0000954998"
"Eucalyptus macrocarpa","Eucalyptus macrocarpa","GBM","wfo-0000955298"
"Eucalyptus sp.","Eucalyptus sp.","GBM","wfo-4000014088"
"Euclea divinorum","Euclea divinorum","GBM","wfo-0000681081"
"Euclea divinorum","Euclea divinorum (Mukinyai/Mukuthi)","GBM","wfo-0000681081"
"Euphorbia candelabrum","Euphorbia candelabrum","GBM","wfo-0000961193"
"Euphorbia candelabrum","Euphorbia candelabrum (Kyaa/Kithu)","GBM","wfo-0000961193"
"Fagaropsis hildebrandtii","Fagaropsis hildebrandtii","GBM","wfo-0000685065"
"Fagaropsis hildebrandtii","Fagaropsis hildebrandtii (Muvindavindi)","GBM","wfo-0000685065"
"Ficus ingens","Ficus ingens","GBM","wfo-0000688813"
"Ficus ingens","Ficus ingens (Red-leaved rock fig)","GBM","wfo-0000688813"
"Ficus sur","Ficus sur","GBM","wfo-0000690530"
"Ficus sur","Ficus sur (Mukuyu)","GBM","wfo-0000690530"
"Ficus sycomorus","Ficus sycomorus","GBM","wfo-0000690537"
"Ficus sycomorus","Ficus sycomorus (Mukuyu)","GBM","wfo-0000690537"
"Ficus thonningii","Ficus thonningii","GBM","wfo-0000690599"
"Ficus thonningii","Ficus thonningii (Kiumo)","GBM","wfo-0000690599"
"Garcinia volkensii","Garcinia volkensii","GBM","wfo-0000694732"
"Garcinia volkensii","Garcinia volkensii (Mukanga kanywa)","GBM","wfo-0000694732"
"Grevillea robusta","Grevillea robusta","GBM","wfo-0000709544"
"Grevillea robusta","Grevillea robusta (Mukima)","GBM","wfo-0000709544"
"Grewia bicolor","Grewia bicolor","GBM","wfo-0000709772"
"Grewia bicolor","Grewia bicolor (Ngalawa/Ndawa)","GBM","wfo-0000709772"
"Grewia similis","Grewia similis","GBM","wfo-0000710313"
"Grewia similis","Grewia similis (Mutuva wa kiima)","GBM","wfo-0000710313"
"Grewia villosa","Grewia villosa","GBM","wfo-0000710393"
"Grewia villosa","Grewia villosa (Muvu/Mbu (fruit))","GBM","wfo-0000710393"
"Gymnosporia heterophylla","Gymnosporia heterophylla","GBM","wfo-0000712953"
"Gymnosporia senegalensis","Gymnosporia senegalensis","GBM","wfo-0000713049"
"Gymnosporia senegalensis","Gymnosporia senegalensis (Kithethuki/Kivundangiti)","GBM","wfo-0000713049"
"Hesperocyparis lusitanica","Hesperocyparis lusitanica","GBM","wfo-0000912972"
"Hesperocyparis lusitanica","Hesperocyparis lusitanica (Cypress)","GBM","wfo-0000912972"
"Jacaranda mimosifolia","Jacaranda mimosifolia","GBM","wfo-0000778761"
"Jacaranda mimosifolia","Jacaranda mimosifolia (Jacaranda)","GBM","wfo-0000778761"
"Juniperus procera","Juniperus procera","GBM","wfo-0000355729"
"Juniperus procera","Juniperus procera (East African Cedar; Mukuu)","GBM","wfo-0000355729"
"Kigelia africana","Kigelia africana","GBM","wfo-0000778884"
"Kigelia africana","Kigelia africana (Muatine)","GBM","wfo-0000778884"
"Lannea alata","Lannea alata","GBM","wfo-0001051248"
"Lannea alata","Lannea alata (Kikolya/Ngolya)","GBM","wfo-0001051248"
"Lannea schimperi","Lannea schimperi","GBM","wfo-0000360221"
"Lannea schimperi","Lannea schimperi (Kithoona)","GBM","wfo-0000360221"
"Lannea schweinfurthii","Lannea schweinfurthii","GBM","wfo-0000360222"
"Lannea schweinfurthii","Lannea schweinfurthii (Kyuasi/Muasi/Mwethi)","GBM","wfo-0000360222"
"Lippia javanica","Lippia javanica","GBM","wfo-0000228924"
"Lippia javanica","Lippia javanica (Muthiti/Mutheyti)","GBM","wfo-0000228924"
"Mangifera indica","Mangifera indica","GBM","wfo-0000371248"
"Mangifera indica","Mangifera indica (Mango/Muembe)","GBM","wfo-0000371248"
"Markhamia lutea","Markhamia lutea","GBM","wfo-0000779039"
"Markhamia lutea","Markhamia lutea (Kyoo)","GBM","wfo-0000779039"
"Melia volkensii","Melia volkensii","GBM","wfo-0001083775"
"Melia volkensii","Melia volkensii (Mukau)","GBM","wfo-0001083775"
"Meyna tetraphylla","Meyna tetraphylla","GBM","wfo-0000242686"
"Meyna tetraphylla","Meyna tetraphylla (Kitotoo/Kitolousuu)","GBM","wfo-0000242686"
"Myrsine africana","Myrsine africana","GBM","wfo-0000448784"
"Myrsine africana","Myrsine africana (Muketa munini)","GBM","wfo-0000448784"
"Newtonia buchananii","Newtonia buchananii","GBM","wfo-0000166618"
"Newtonia buchananii","Newtonia buchananii (Mukui/Mkufi)","GBM","wfo-0000166618"
"Ochna","Ochna","GBM","wfo-4000026477"
"Ochna sp.","Ochna sp.","GBM","wfo-4000026477"
"Olea europaea","Olea europaea","GBM","wfo-0000817273"
"Olea europaea subsp. africana","Olea europaea subsp. africana (Brown olive; Muthata)","GBM","wfo-0000817273"
"Ormocarpum kirkii","Ormocarpum kirkii","GBM","wfo-0000175963"
"Ormocarpum kirkii","Ormocarpum kirkii (Muthingii/Muema nzou)","GBM","wfo-0000175963"
"Ormocarpum trachycarpum","Ormocarpum trachycarpum","GBM","wfo-0000176179"
"Osyris lanceolata","Osyris lanceolata","GBM","wfo-0000388245"
"Osyris lanceolata","Osyris lanceolata (East African Sandalwood; Kithawa)","GBM","wfo-0000388245"
"Other or don't know","Other or don't know","GBM",
"Ozoroa insignis","Ozoroa insignis","GBM","wfo-0000385517"
"Ozoroa insignis","Ozoroa insignis (Mugadi)","GBM","wfo-0000385517"
"Pappea capensis","Pappea capensis","GBM","wfo-0000471143"
"Pappea capensis","Pappea capensis (Cape pappea; Mba)","GBM","wfo-0000471143"
"Persea americana","Persea americana","GBM","wfo-0000465160"
"Persea americana","Persea americana (Avocado)","GBM","wfo-0000465160"
"Phoenix reclinata","Phoenix reclinata","GBM","wfo-0000269796"
"Phoenix reclinata","Phoenix reclinata (Wild date palm; Mukindu)","GBM","wfo-0000269796"
"Platanus occidentalis","Platanus occidentalis","GBM","wfo-0000487082"
"Prunus africana","Prunus africana","GBM","wfo-0000995790"
"Prunus africana","Prunus africana (Prunus; Mumbaume)","GBM","wfo-0000995790"
"Psidium guajava","Psidium guajava","GBM","wfo-0000284421"
"Psidium guajava","Psidium guajava (Guava; Kivela)","GBM","wfo-0000284421"
"Ricinus communis","Ricinus communis","GBM","wfo-0000297077"
"Ricinus communis","Ricinus communis (Castor oil; Kivunu/Mwaiki)","GBM","wfo-0000297077"
"Salvadora persica","Salvadora persica","GBM","wfo-0000492914"
"Salvadora persica","Salvadora persica (Toothbrush tree; Makayau)","GBM","wfo-0000492914"
"Sclerocarya birrea","Sclerocarya birrea","GBM","wfo-0000434908"
"Sclerocarya birrea","Sclerocarya birrea (Marula; Mauwa)","GBM","wfo-0000434908"
"Scutia myrtina","Scutia myrtina","GBM","wfo-0000504062"
"Scutia myrtina","Scutia myrtina (Kitumbuu)","GBM","wfo-0000504062"
"Searsia natalensis","Searsia natalensis","GBM","wfo-0000434889"
"Searsia natalensis","Searsia natalensis (Mutheu)","GBM","wfo-0000434889"
"Searsia pyroides","Searsia pyroides","GBM","wfo-0000510287"
"Searsia pyroides var. pyroides","Searsia pyroides var. pyroides (Mutheu munene)","GBM","wfo-0000510287"
"Searsia tenuinervis","Searsia tenuinervis","GBM","wfo-0000510303"
"Searsia tenuinervis","Searsia tenuinervis (Mutheu)","GBM","wfo-0000510303"
"Senegalia brevispica","Senegalia brevispica","GBM","wfo-0000745791"
"Senegalia brevispica","Senegalia brevispica (Wait-a-bit thorn; Mukuswi)","GBM","wfo-0000745791"
"Senegalia mellifera","Senegalia mellifera","GBM","wfo-0000745787"
"Senegalia mellifera","Senegalia mellifera (Muthiia)","GBM","wfo-0000745787"
"Senegalia senegal","Senegalia senegal","GBM","wfo-0001281302"
"Senegalia senegal","Senegalia senegal (Gum arabic; Kikole)","GBM","wfo-0001281302"
"Senna siamea","Senna siamea","GBM","wfo-0000164745"
"Senna siamea","Senna siamea (Ikengeta)","GBM","wfo-0000164745"
"Senna singueana","Senna singueana","GBM","wfo-0000184163"
"Senna singueana","Senna singueana (Mukengeka)","GBM","wfo-0000184163"
"Sesbania sesban","Sesbania sesban","GBM","wfo-0000178461"
"Sesbania sesban","Sesbania sesban (Sesbania; Munyongo)","GBM","wfo-0000178461"
"Sterculia africana","Sterculia africana","GBM","wfo-0000491730"
"Sterculia africana","Sterculia africana (African star chestnut; Kisya/Muusya)","GBM","wfo-0000491730"
"Strychnos henningsii","Strychnos henningsii","GBM","wfo-0000502962"
"Strychnos henningsii","Strychnos henningsii (Muteta)","GBM","wfo-0000502962"
"Strychnos mitis","Strychnos mitis","GBM","wfo-0000502992"
"Strychnos mitis","Strychnos mitis (Mutikani (Kikuyu))","GBM","wfo-0000502992"
"Strychnos spinosa","Strychnos spinosa","GBM","wfo-0000502889"
"Strychnos spinosa","Strychnos spinosa (Elephant orange; Kiae/Kyae(Kamba))","GBM","wfo-0000502889"
"Syzygium","Syzygium","GBM","wfo-4000037381"
"Syzygium cordatum","Syzygium cordatum","GBM","wfo-0000318491"
"Syzygium cordatum","Syzygium cordatum (Waterberry; Muvuena/Kivuini(Kamba))","GBM","wfo-0000318491"
"Syzygium cumini","Syzygium cumini","GBM","wfo-0000318521"
"Syzygium cumini","Syzygium cumini (Zambarau)","GBM","wfo-0000318521"
"Syzygium guineense","Syzygium guineense","GBM","wfo-0000318724"
"Syzygium guineense","Syzygium guineense (Mchiwi; Muvueni(Kamba))","GBM","wfo-0000318724"
"Syzygium sp.","Syzygium sp.","GBM","wfo-4000037381"
"Tamarindus indica","Tamarindus indica","GBM","wfo-0000170926"
"Tamarindus indica","Tamarindus indica (Mkwaju; Kikwasu(Kamba))","GBM","wfo-0000170926"
"Terminalia brownii","Terminalia brownii","GBM","wfo-0001296425"
"Terminalia brownii","Terminalia brownii (Muuku(Kamba))","GBM","wfo-0001296425"
"Terminalia catappa","Terminalia catappa","GBM","wfo-0000406800"
"Terminalia catappa","Terminalia catappa (Bastard almond; Mukungu(Digo))","GBM","wfo-0000406800"
"Terminalia kilimandscharica","Terminalia kilimandscharica","GBM","wfo-0001296434"
"Terminalia spinosa","Terminalia spinosa","GBM","wfo-0001296422"
"Terminalia spinosa","Terminalia spinosa (Mutula (Kamba))","GBM","wfo-0001296422"
"Thespesia garckeana","Thespesia garckeana","GBM","wfo-0000455942"
"Thespesia garckeana","Thespesia garckeana (Muhowe(Swahili))","GBM","wfo-0000455942"
"Tithonia diversifolia","Tithonia diversifolia","GBM","wfo-0000018279"
"Tithonia diversifolia","Tithonia diversifolia (Mexican sunflower; Ilaa/Mulaa(Kamba))","GBM","wfo-0000018279"
"Trema orientalis","Trema orientalis","GBM","wfo-0000457758"
"Trema orientalis","Trema orientalis (Gunpowder tree)","GBM","wfo-0000457758"
"Trichilia dregeana","Trichilia dregeana","GBM","wfo-0000455439"
"Trichilia emetica","Trichilia emetica","GBM","wfo-0000455454"
"Trichilia emetica","Trichilia emetica (Cape mahogany; Mutuluku/Musambo(Kamba))","GBM","wfo-0000455454"
"Uvaria scheffleri","Uvaria scheffleri","GBM","wfo-0001066238"
"Uvaria scheffleri","Uvaria scheffleri (Mukukuma(Kamba))","GBM","wfo-0001066238"
"Vachellia drepanolobium","Vachellia drepanolobium","GBM","wfo-0001284772"
"Vachellia drepanolobium","Vachellia drepanolobium (Whistling thorn; Kiinga(Kamba))","GBM","wfo-0001284772"
"Vachellia elatior","Vachellia elatior","GBM","wfo-0001336843"
"Vachellia elatior","Vachellia elatior (Munina/Muthithiu(Kamba))","GBM","wfo-0001336843"
"Vachellia gerrardii","Vachellia gerrardii","GBM","wfo-0001284775"
"Vachellia gerrardii","Vachellia gerrardii (Muthi(Kamba))","GBM","wfo-0001284775"
"Vachellia hockii","Vachellia hockii","GBM","wfo-0000745799"
"Vachellia kirkii","Vachellia kirkii","GBM","wfo-0001336852"
"Vachellia kirkii","Vachellia kirkii (Kimwea/Mwea(Kamba))","GBM","wfo-0001336852"
"Vachellia nilotica","Vachellia nilotica","GBM","wfo-0001284776"
"Vachellia nilotica subsp. tomentosa","Vachellia nilotica subsp. tomentosa","GBM","wfo-0001362685"
"Vachellia tortilis","Vachellia tortilis","GBM","wfo-0001285358"
"Vachellia tortilis","Vachellia tortilis (Umbrella thorn; Muaa/Mulaa(Kamba))","GBM","wfo-0001285358"
"Vachellia xanthophloea","Vachellia xanthophloea","GBM","wfo-1200001694"
"Vachellia xanthophloea","Vachellia xanthophloea (Naivasha thorn; Musewa(Kamba))","GBM","wfo-1200001694"
"Vangueria apiculata","Vangueria apiculata","GBM","wfo-0000331184"
"Vangueria apiculata","Vangueria apiculata (Mukomoa(Kamba))","GBM","wfo-0000331184"
"Vangueria infausta","Vangueria infausta","GBM","wfo-0000331237"
"Vangueria infausta","Vangueria infausta (Muteleli)","GBM","wfo-0000331237"
"Vangueria madagascariensis","Vangueria madagascariensis","GBM","wfo-0000331269"
"Vangueria madagascariensis","Vangueria madagascariensis (Comon wild medler/Mukomoa)","GBM","wfo-0000331269"
"Vangueria senegalensis","Vangueria senegalensis","GBM","wfo-0000331313"
"Vangueria volkensii","Vangueria volkensii","GBM","wfo-0000331341"
"Vepris nobilis","Vepris nobilis","GBM","wfo-0000420153"
"Vitex payos","Vitex payos","GBM","wfo-0000333345"
"Vitex payos","Vitex payos (Black plum; Kimuu(kamba))","GBM","wfo-0000333345"
"Ximenia americana","Ximenia americana","GBM","wfo-0000428247"
"Ximenia americana","Ximenia americana (False sandalwood; Mutula(Kamba))","GBM","wfo-0000428247"
"Zanthoxylum chalybeum","Zanthoxylum chalybeum","GBM","wfo-0001133237"
"Zanthoxylum chalybeum","Zanthoxylum chalybeum (Knobwood; Mukenea(Kamba))","GBM","wfo-0001133237"
"Acer negundo","Acer negundo","GFW","wfo-0000514643"
"Acer negundo","Acer negundo (Boxelder, Ash-Leaved Maple)","GFW","wfo-0000514643"
"Acer rubrum","Acer rubrum","GFW","wfo-0000514966"
"Acer rubrum","Acer rubrum (Red Maple, Swamp Maple)","GFW","wfo-0000514966"
"Acer saccharum","Acer saccharum","GFW","wfo-0000515026"
"Acer saccharum","Acer saccharum (Sugar Maple, Hard Maple)","GFW","wfo-0000515026"
"Betula lenta","Betula lenta","GFW","wfo-0000334091"
"Betula lenta","Betula lenta (Sweet Birch, Black Birch)","GFW","wfo-0000334091"
"Carya","Carya","GFW","wfo-4000006851"
"Carya ovata","Carya ovata","GFW","wfo-0000588816"
"Carya ovata","Carya ovata (Shagbark Hickory, Shagbark)","GFW","wfo-0000588816"
"Carya sp.","Carya sp. (Hickory)","GFW","wfo-4000006851"
"Carya tomentosa","Carya tomentosa","GFW","wfo-0000588855"
"Carya tomentosa","Carya tomentosa (Mockernut Hickory, Mockernut)","GFW","wfo-0000588855"
"Castanea dentata","Castanea dentata","GFW","wfo-0000811441"
"Castanea dentata","Castanea dentata (American Chestnut,)","GFW","wfo-0000811441"
"Celtis laevigata","Celtis laevigata","GFW","wfo-0000593589"
"Celtis laevigata","Celtis laevigata (Sugarberry, Southern Hackberry)","GFW","wfo-0000593589"
"Celtis occidentalis","Celtis occidentalis","GFW","wfo-0000593651"
"Celtis occidentalis","Celtis occidentalis (Common Hackberry, Northern Hackberry)","GFW","wfo-0000593651"
"Cercis canadensis","Cercis canadensis","GFW","wfo-0000174035"
"Cercis canadensis","Cercis canadensis (Eastern Redbud, Redbud)","GFW","wfo-0000174035"
"Cornus","Cornus","GFW","wfo-4000009342"
"Cornus amomum","Cornus amomum","GFW","wfo-0000924584"
"Cornus amomum","Cornus amomum (Silky Dogwood, Swamp Dogwood)","GFW","wfo-0000924584"
"Cornus racemosa","Cornus racemosa","GFW","wfo-0000924819"
"Cornus racemosa","Cornus racemosa (Gray Dogwood, Panicled Dogwood)","GFW","wfo-0000924819"
"Cornus sp.","Cornus sp. (Dogwood)","GFW","wfo-4000009342"
"Corylus americana","Corylus americana","GFW","wfo-0000925248"
"Corylus americana","Corylus americana (American Hazelnut, American Filbert)","GFW","wfo-0000925248"
"Corylus avellana","Corylus avellana","GFW","wfo-0000925259"
"Corylus avellana","Corylus avellana (European Hazelnut, Common Hazel)","GFW","wfo-0000925259"
"Diospyros virginiana","Diospyros virginiana","GFW","wfo-0000649953"
"Diospyros virginiana","Diospyros virginiana (American Persimmon, Common Persimmon)","GFW","wfo-0000649953"
"Liriodendron tulipifera","Liriodendron tulipifera","GFW","wfo-0000229261"
"Liriodendron tulipifera","Liriodendron tulipifera (Tulip Tree, Tulip Poplar)","GFW","wfo-0000229261"
"Malus coronaria","Malus coronaria","GFW","wfo-0001013565"
"Malus coronaria","Malus coronaria (Sweet Crabapple, American Crabapple)","GFW","wfo-0001013565"
"Morus rubra","Morus rubra","GFW","wfo-0001084723"
"Morus rubra","Morus rubra (Red Mulberry,)","GFW","wfo-0001084723"
"Other or don't know","Other or don't know","GFW",
"Pinus strobus","Pinus strobus","GFW","wfo-0000481530"
"Pinus strobus","Pinus strobus (Eastern White Pine, White Pine)","GFW","wfo-0000481530"
"Pinus virginiana","Pinus virginiana","GFW","wfo-0000481611"
"Pinus virginiana","Pinus virginiana (Virginia Pine, Scrub Pine)","GFW","wfo-0000481611"
"Platanus occidentalis","Platanus occidentalis","GFW","wfo-0000487082"
"Platanus occidentalis","Platanus occidentalis (American Sycamore, Sycamore)","GFW","wfo-0000487082"
"Prunus americana","Prunus americana","GFW","wfo-0001017074"
"Prunus americana","Prunus americana (American Plum, Wild Plum)","GFW","wfo-0001017074"
"Prunus serotina","Prunus serotina","GFW","wfo-0000995988"
"Prunus serotina","Prunus serotina (Black Cherry, Wild Black Cherry)","GFW","wfo-0000995988"
"Quercus","Quercus","GFW","wfo-4000032377"
"Quercus alba","Quercus alba","GFW","wfo-0000289457"
"Quercus alba","Quercus alba (White Oak)","GFW","wfo-0000289457"
"Quercus michauxii","Quercus michauxii","GFW","wfo-0000291993"
"Quercus michauxii","Quercus michauxii (Swamp Chestnut Oak, Basket Oak)","GFW","wfo-0000291993"
"Quercus montana","Quercus montana","GFW","wfo-0000292068"
"Quercus montana","Quercus montana (Chestnut Oak, Rock Oak)","GFW","wfo-0000292068"
"Quercus rubra","Quercus rubra","GFW","wfo-0000293006"
"Quercus rubra","Quercus rubra (Northern Red Oak, Red Oak)","GFW","wfo-0000293006"
"Quercus sp.","Quercus sp. (Oak)","GFW","wfo-4000032377"
"Quercus velutina","Quercus velutina","GFW","wfo-0000293830"
"Quercus velutina","Quercus velutina (Black Oak, Yellow Oak)","GFW","wfo-0000293830"
"Robinia pseudoacacia","Robinia pseudoacacia","GFW","wfo-0000213931"
"Robinia pseudoacacia","Robinia pseudoacacia (Black Locust, False Acacia)","GFW","wfo-0000213931"
"Acacia auriculiformis","Acacia auriculiformis (Earleaf Accacia)","GTR","wfo-0000173754"
"Annona squamosa","Annona squamosa (Custard Apple)","GTR","wfo-0000537947"
"Artocarpus heterophyllus","Artocarpus heterophyllus (Jackfruit)","GTR","wfo-0000550491"
"Azadirachta indica","Azadirachta indica (Neem)","GTR","wfo-0000557668"
"Bombax ceiba","Bombax ceiba (Semal)","GTR","wfo-0000568369"
"Butea monosperma","Butea monosperma (Flame of the forest)","GTR","wfo-0000184561"
"Citrus limon","Citrus limon (Lemon)","GTR","wfo-0001133139"
"Dalbergia latifolia","Dalbergia latifolia (Indian Rosewood)","GTR","wfo-0000172240"
"Dalbergia sissoo","Dalbergia sissoo (Indian Rosewood)","GTR","wfo-0000172499"
"Delonix regia","Delonix regia (Gulmohar)","GTR","wfo-0000166389"
"Madhuca longifolia","Madhuca longifolia (Mahua)","GTR","wfo-0000232785"
"Mangifera indica","Mangifera indica (Mango)","GTR","wfo-0000371248"
"Millettia pinnata","Millettia pinnata (Karanj)","GTR","wfo-0000201168"
"Other or don't know","Other or don't know","GTR",
"Pongamia pinnata","Pongamia pinnata","GTR","wfo-0000201168"
"Psidium guajava","Psidium guajava (Guava)","GTR","wfo-0000284421"
"Syzygium cumini","Syzygium cumini (Jamun)","GTR","wfo-0000318521"
"Tectona grandis","Tectona grandis (Teak)","GTR","wfo-0000321229"
"Anacardium nanum","Anacardium nanum (Cajuzinho-do-cerrado)","ISA","wfo-0000533070"
"Anacardium occidentale","Anacardium occidentale (Cajueiro)","ISA","wfo-0000533072"
"Anadenanthera colubrina","Anadenanthera colubrina (Angico-branco)","ISA","wfo-0000169564"
"Andira vermifuga","Andira vermifuga (Angelim-rajado)","ISA","wfo-0000169592"
"Apeiba tibourbou","Apeiba tibourbou (Pente-de-macaco)","ISA","wfo-0000539840"
"Apuleia leiocarpa","Apuleia leiocarpa (Garapa)","ISA","wfo-0000186778"
"Attalea speciosa","Attalea speciosa (Babaçu)","ISA","wfo-0000296598"
"Bauhinia rufa","Bauhinia rufa (Pata-de-vaca-do-cerrado)","ISA","wfo-0000173941"
"Bixa orellana","Bixa orellana (Urucum)","ISA","wfo-0000342565"
"Byrsonima cydoniifolia","Byrsonima cydoniifolia (Murici-da-mata)","ISA","wfo-0000576816"
"Byrsonima intermedia","Byrsonima intermedia (Murici)","ISA","wfo-0000576882"
"Caryocar brasiliense","Caryocar brasiliense (Pequi)","ISA","wfo-0000808012"
"Cecropia pachystachya","Cecropia pachystachya (Embaúba)","ISA","wfo-0000592291"
"Ceiba pentandra","Ceiba pentandra (Sumaúma)","ISA","wfo-0000592594"
"Ceiba speciosa","Ceiba speciosa (Paineira)","ISA","wfo-0000592612"
"Chloroleucon mangense","Chloroleucon mangense (Sabiá-branco)","ISA","wfo-0000171329"
"Copaifera langsdorffii","Copaifera langsdorffii (Copaíba)","ISA","wfo-0000165642"
"Curatella americana","Curatella americana (Lixeira)","ISA","wfo-0000630847"
"Dipteryx alata","Dipteryx alata (Baru)","ISA","wfo-0000186910"
"Enterolobium timbouva","Enterolobium timbouva (Timburi)","ISA","wfo-0000194429"
"Genipa americana","Genipa americana (Jenipapo)","ISA","wfo-0000971808"
"Guazuma ulmifolia","Guazuma ulmifolia (Mutamba)","ISA","wfo-0000711645"
"Handroanthus serratifolius","Handroanthus serratifolius (Ipê-amarelo)","ISA","wfo-0000808837"
"Himatanthus sucuuba","Himatanthus sucuuba (Sucuúba)","ISA","wfo-0000982467"
"Hymenaea courbaril","Hymenaea courbaril (Jatobá)","ISA","wfo-0000168642"
"Hymenaea stigonocarpa","Hymenaea stigonocarpa (Jatobá-do-cerrado)","ISA","wfo-0000173639"
"Jacaranda copaia","Jacaranda copaia (Caroba-branca)","ISA","wfo-0000778869"
"Jacaranda cuspidifolia","Jacaranda cuspidifolia (Caroba-roxa)","ISA","wfo-0000778852"
"Mabea fistulifera","Mabea fistulifera (Timbó)","ISA","wfo-0000231651"
"Maclura tinctoria","Maclura tinctoria (Moreira)","ISA","wfo-0000447821"
"Magonia pubescens","Magonia pubescens (Tingui)","ISA","wfo-0001134600"
"Myracrodruon urundeuva","Myracrodruon urundeuva (Aroeira-verdadeira)","ISA","wfo-0001050974"
"Ormosia paraensis","Ormosia paraensis (Tento)","ISA","wfo-0000168283"
"Other or don't know","Other or don't know","ISA",
"Passiflora edulis","Passiflora edulis","ISA","wfo-0000479905"
"Pera coccinea","Pera coccinea (Pera-do-mato)","ISA","wfo-0000267127"
"Phenakospermum guyannense","Phenakospermum guyannense","ISA","wfo-0000490655"
"Plathymenia reticulata","Plathymenia reticulata (Vinhático)","ISA","wfo-0000182203"
"Psidium guajava","Psidium guajava (Goiabeira)","ISA","wfo-0000284421"
"Quassia amara","Quassia amara (Quássia)","ISA","wfo-0000733354"
"Robrichia schomburgkii","Robrichia schomburgkii (Fava-de-bolota)","ISA","wfo-1000030958"
"Samanea tubulosa","Samanea tubulosa (Sete-cascas)","ISA","wfo-0000194890"
"Senegalia polyphylla","Senegalia polyphylla (Monjoleiro)","ISA","wfo-0000184469"
"Senna alata","Senna alata (Fedegoso)","ISA","wfo-0000214728"
"Solanum crinitum","Solanum crinitum (Jurubeba-roxa)","ISA","wfo-0001027300"
"Spondias mombin","Spondias mombin (Cajá)","ISA","wfo-0000435470"
"Sterculia striata","Sterculia striata (Chichá)","ISA","wfo-0001140520"
"Tachigali vulgaris","Tachigali vulgaris (Taxi-branco)","ISA","wfo-0001282659"
"Tamarindus indica","Tamarindus indica (Tamarindo)","ISA","wfo-0000170926"
"Terminalia grandis","Terminalia grandis (Capitão-do-mato)","ISA","wfo-0001421861"
"Trema micranthum","Trema micranthum (Capixingui)","ISA","wfo-0000457786"
"Vitex megapotamica","Vitex megapotamica (Tarumã)","ISA","wfo-0000333263"
"Acaciella angustissima","Acaciella angustissima (Timbre)","MAC","wfo-0000182389"
"Adenanthera pavonina","Adenanthera pavonina (Coralillo)","MAC","wfo-0000173869"
"Adenostoma sparsifolium","Adenostoma sparsifolium (Chamizo)","MAC","wfo-0001009090"
"Aiouea pachypoda","Aiouea pachypoda (Laurel de monte)","MAC","wfo-0001421700"
"Alchornea latifolia","Alchornea latifolia (Palo de dólar)","MAC","wfo-0000939231"
"Alnus acuminata","Alnus acuminata (Aliso)","MAC","wfo-0000944034"
"Ampelocera hottlei","Ampelocera hottlei (Ojoche blanco)","MAC","wfo-0000531438"
"Amphipterygium adstringens","Amphipterygium adstringens (Cuachalalate)","MAC","wfo-0000531841"
"Andira inermis","Andira inermis (Macuil)","MAC","wfo-0000171592"
"Annona cherimola","Annona cherimola (Chirimoya)","MAC","wfo-0000537707"
"Annona montana","Annona montana (Guanábana cimarrona)","MAC","wfo-0000537842"
"Annona muricata","Annona muricata (Guanábana)","MAC","wfo-0000537848"
"Annona reticulata","Annona reticulata (Anona colorada)","MAC","wfo-0000537905"
"Annona squamosa","Annona squamosa (Anona, saramuyo)","MAC","wfo-0000537947"
"Apoplanesia paniculata","Apoplanesia paniculata (Palo de rosa)","MAC","wfo-0000178484"
"Aquilaria sinensis","Aquilaria sinensis (Árbol de agar)","MAC","wfo-0000541095"
"Artocarpus heterophyllus","Artocarpus heterophyllus (Yaca, jackfruit)","MAC","wfo-0000550491"
"Astronium graveolens","Astronium graveolens (Jobillo)","MAC","wfo-0000554996"
"Bonellia macrocarpa","Bonellia macrocarpa (Barbasco)","MAC","wfo-0000568656"
"Brosimum alicastrum","Brosimum alicastrum (Ramón)","MAC","wfo-0000572378"
"Brosimum rubescens","Brosimum rubescens (Ramón colorado)","MAC","wfo-0000572443"
"Bursera graveolens","Bursera graveolens (Palo santo)","MAC","wfo-0000576197"
"Bursera simaruba","Bursera simaruba (Palo mulato)","MAC","wfo-0000576316"
"Byrsonima crassifolia","Byrsonima crassifolia (Nanche)","MAC","wfo-0000576794"
"Calophyllum","Calophyllum","MAC","wfo-4000006171"
"Calophyllum brasiliense","Calophyllum brasiliense (Barí)","MAC","wfo-0000581058"
"Calophyllum sp.","Calophyllum sp. (Calófilo)","MAC","wfo-4000006171"
"Calycophyllum candidissimum","Calycophyllum candidissimum (Madroño)","MAC","wfo-0000782062"
"Cascabela ovata","Cascabela ovata (Codo de fraile)","MAC","wfo-0000810079"
"Cascabela thevetia","Cascabela thevetia (Cabalonga, adelfa amarilla)","MAC","wfo-0000810099"
"Cecropia obtusifolia","Cecropia obtusifolia (Guarumbo)","MAC","wfo-0000592286"
"Cecropia peltata","Cecropia peltata (Guarumbo)","MAC","wfo-0000592298"
"Cedrela odorata","Cedrela odorata (Cedro rojo)","MAC","wfo-0000592446"
"Ceiba aesculifolia","Ceiba aesculifolia (Pochote)","MAC","wfo-0000592562"
"Ceiba pentandra","Ceiba pentandra (Ceiba)","MAC","wfo-0000592594"
"Cenostigma eriostachys","Cenostigma eriostachys (Palo brasil)","MAC","wfo-0001346738"
"Cenostigma pluviosum","Cenostigma pluviosum (Ibirapitá)","MAC","wfo-0001346744"
"Cinnamomum verum","Cinnamomum verum (Canela)","MAC","wfo-0000605512"
"Citrus aurantiifolia","Citrus aurantiifolia (Limón criollo)","MAC","wfo-0001242548"
"Citrus reticulata","Citrus reticulata (Mandarina)","MAC","wfo-0000607909"
"Citrus sinensis","Citrus sinensis (Naranja dulce)","MAC","wfo-0000607909"
"Citrus x aurantium","Citrus x aurantium","MAC","wfo-0000607909"
"Clethra mexicana","Clethra mexicana (Aguacatillo)","MAC","wfo-0000889388"
"Cnidoscolus multilobus","Cnidoscolus multilobus (Mala mujer)","MAC","wfo-0000898861"
"Coccoloba","Coccoloba","MAC","wfo-4000008721"
"Coccoloba acapulcensis","Coccoloba acapulcensis (Uvero)","MAC","wfo-0000612982"
"Coccoloba sp.","Coccoloba sp. (Uvero)","MAC","wfo-4000008721"
"Cochlospermum vitifolium","Cochlospermum vitifolium (Pochote amarillo)","MAC","wfo-0000902633"
"Coffea arabica","Coffea arabica (Café)","MAC","wfo-0000910097"
"Cojoba arborea","Cojoba arborea (Cojoba)","MAC","wfo-0000171255"
"Comocladia engleriana","Comocladia engleriana (Hincha huevos)","MAC","wfo-0000617564"
"Comocladia macrophylla","Comocladia macrophylla (Hincha huevos)","MAC","wfo-0000617562"
"Comocladia mollissima","Comocladia mollissima","MAC","wfo-0000617564"
"Cordia dentata","Cordia dentata (Tigüilote)","MAC","wfo-0000620413"
"Cordia elaeagnoides","Cordia elaeagnoides (Cueramo)","MAC","wfo-0000620447"
"Cordia megalantha","Cordia megalantha (Bojón)","MAC","wfo-0000620725"
"Cordia truncatifolia","Cordia truncatifolia (Cuerda dura)","MAC","wfo-0000621064"
"Coulteria platyloba","Coulteria platyloba (Cascalote)","MAC","wfo-0001039846"
"Crateva tapia","Crateva tapia (Hueso de tigre)","MAC","wfo-0000625731"
"Croton draco","Croton draco (Sangre de drago)","MAC","wfo-0000927862"
"Croton lechleri","Croton lechleri (Sangre de grado)","MAC","wfo-0000931464"
"Croton urucurana","Croton urucurana (Sangre de toro)","MAC","wfo-0000932652"
"Curatella americana","Curatella americana (Chaparro)","MAC","wfo-0000630847"
"Dalbergia calycina","Dalbergia calycina (Granadillo)","MAC","wfo-0000168989"
"Dalbergia granadillo","Dalbergia granadillo (Granadillo)","MAC","wfo-0000169011"
"Dendropanax arboreus","Dendropanax arboreus (Mano de león)","MAC","wfo-0000941578"
"Diospyros nigra","Diospyros nigra (Zapote negro)","MAC","wfo-0000649408"
"Diphysa americana","Diphysa americana (Guachipelín)","MAC","wfo-0000210419"
"Diphysa carthagenensis","Diphysa carthagenensis","MAC","wfo-0000170547"
"Diphysa floribunda","Diphysa floribunda (Guachipelín)","MAC","wfo-0000170548"
"Diphysa robinioides","Diphysa robinioides (Guachipelín)","MAC","wfo-0000170547"
"Dorstenia brasiliensis","Dorstenia brasiliensis (Contrayerba)","MAC","wfo-0000654304"
"Dracaena fragrans","Dracaena fragrans (Tronco de Brasil)","MAC","wfo-0000765769"
"Ebenopsis ebano","Ebenopsis ebano (Ébano)","MAC","wfo-0000194309"
"Enterolobium cyclocarpum","Enterolobium cyclocarpum (Guanacaste)","MAC","wfo-0000194821"
"Eriobotrya japonica","Eriobotrya japonica (Níspero)","MAC","wfo-0000986002"
"Erythrina americana","Erythrina americana","MAC","wfo-0000165879"
"Erythrina coralloides","Erythrina coralloides (Colorín)","MAC","wfo-0000165879"
"Erythrina poeppigiana","Erythrina poeppigiana (Pito)","MAC","wfo-0000165906"
"Eugenia biflora","Eugenia biflora (Arrayán)","MAC","wfo-0000956536"
"Euphorbia macvaughii","Euphorbia macvaughii (Leche de sapo)","MAC","wfo-0000963186"
"Ficus","Ficus","MAC","wfo-4000014727"
"Ficus aurea","Ficus aurea","MAC","wfo-0000687419"
"Ficus benjamina","Ficus benjamina (Laurel de la India)","MAC","wfo-0000687511"
"Ficus carica","Ficus carica (Higuera)","MAC","wfo-0000687690"
"Ficus insipida","Ficus insipida (Higuerón)","MAC","wfo-0000688819"
"Ficus sp.","Ficus sp. (Higuera)","MAC","wfo-4000014727"
"Ficus tecolutensis","Ficus tecolutensis (Amate)","MAC","wfo-0000687419"
"Fouquieria ochoterenae","Fouquieria ochoterenae (Ocotillo)","MAC","wfo-0000691663"
"Fouquieria splendens","Fouquieria splendens (Ocotillo)","MAC","wfo-0000691669"
"Garcinia intermedia","Garcinia intermedia (Limoncillo)","MAC","wfo-0000694376"
"Genipa americana","Genipa americana (Jagua)","MAC","wfo-0000971808"
"Gliricidia sepium","Gliricidia sepium (Madreado, mata ratón)","MAC","wfo-0000178022"
"Guaiacum coulteri","Guaiacum coulteri (Guayacán)","MAC","wfo-0000710669"
"Guazuma ulmifolia","Guazuma ulmifolia (Guácimo)","MAC","wfo-0000711645"
"Gynostemma pentaphyllum","Gynostemma pentaphyllum (Jiaogulan)","MAC","wfo-0000713306"
"Haematoxylum brasiletto","Haematoxylum brasiletto (Brasil)","MAC","wfo-0000186730"
"Hamelia patens","Hamelia patens (Coralillo)","MAC","wfo-0000979110"
"Handroanthus impetiginosus","Handroanthus impetiginosus (Macuilís morado)","MAC","wfo-0000778595"
"Handroanthus serratifolius","Handroanthus serratifolius (Macuilís amarillo)","MAC","wfo-0000808837"
"Heliocarpus","Heliocarpus","MAC","wfo-4000017249"
"Heliocarpus americanus","Heliocarpus americanus (Jonote)","MAC","wfo-4000017249"
"Heliocarpus donnellsmithii","Heliocarpus donnellsmithii (Jonote)","MAC","wfo-0000718196"
"Hevea brasiliensis","Hevea brasiliensis (Hule)","MAC","wfo-0000982080"
"Hintonia latiflora","Hintonia latiflora (Quina amarilla)","MAC","wfo-0000982487"
"Homalium senarium","Homalium senarium (Canshán)","MAC","wfo-0000926352"
"Hymenaea courbaril","Hymenaea courbaril (Guapinol)","MAC","wfo-0000168642"
"Inga","Inga","MAC","wfo-4000019086"
"Inga densiflora","Inga densiflora (Guamo)","MAC","wfo-0000165257"
"Inga edulis","Inga edulis (Guaba)","MAC","wfo-0000175962"
"Inga jinicuil","Inga jinicuil (Jinicuil)","MAC","wfo-0000165695"
"Inga paterno","Inga paterno (Paterna)","MAC","wfo-0000165758"
"Inga pavoniana","Inga pavoniana (Guamo)","MAC","wfo-0000183491"
"Inga sapindoides","Inga sapindoides","MAC","wfo-0000183491"
"Inga sp.","Inga sp. (Guamo, jinicuil)","MAC","wfo-4000019086"
"Inga spuria","Inga spuria (Jinicuil)","MAC","wfo-0000179944"
"Inga vera","Inga vera (Jinicuil)","MAC","wfo-0000173675"
"Inga vera subsp. vera","Inga vera subsp. vera","MAC","wfo-0000179944"
"Jacaratia mexicana","Jacaratia mexicana (Bonete)","MAC","wfo-0000734684"
"Jatropha gossypiifolia","Jatropha gossypiifolia (Piñón morado)","MAC","wfo-0000219653"
"Juniperus squamata","Juniperus squamata (Enebro)","MAC","wfo-0000354918"
"Leucaena esculenta","Leucaena esculenta (Guaje rojo)","MAC","wfo-0000163699"
"Leucaena lanceolata","Leucaena lanceolata (Guaje)","MAC","wfo-0000164454"
"Leucaena leucocephala","Leucaena leucocephala (Guaje)","MAC","wfo-0000164084"
"Libidibia punctata","Libidibia punctata (Ébano)","MAC","wfo-0001049987"
"Libidibia sclerocarpa","Libidibia sclerocarpa (Ébano)","MAC","wfo-0000166897"
"Lonchocarpus guatemalensis","Lonchocarpus guatemalensis (Chaperno)","MAC","wfo-0000173718"
"Lonchocarpus xuul","Lonchocarpus xuul (Xuul)","MAC","wfo-0000175995"
"Luehea candida","Luehea candida (Guácimo blanco)","MAC","wfo-0000445212"
"Lysiloma acapulcense","Lysiloma acapulcense (Tepemezquite)","MAC","wfo-0000174677"
"Lysiloma divaricatum","Lysiloma divaricatum (Tepemezquite)","MAC","wfo-0000183564"
"Maclura tinctoria","Maclura tinctoria (Moral amarillo)","MAC","wfo-0000447821"
"Mangifera indica","Mangifera indica (Mango)","MAC","wfo-0000371248"
"Manilkara zapota","Manilkara zapota (Chicozapote)","MAC","wfo-0000235995"
"Melaleuca citrina","Melaleuca citrina (Limpiatubos)","MAC","wfo-0000239474"
"Miconia minutiflora","Miconia minutiflora (Nanche de monte)","MAC","wfo-0001078840"
"Miconia trinervia","Miconia trinervia (Hierba mora de monte)","MAC","wfo-0001078861"
"Microdesmia arborea","Microdesmia arborea (Icaco de monte)","MAC","wfo-0001356658"
"Moquilea platypus","Moquilea platypus (Icaco)","MAC","wfo-0000816403"
"Musa x paradisiaca","Musa x paradisiaca (Plátano)","MAC","wfo-0000474656"
"Myrcia splendens","Myrcia splendens (Arrayán)","MAC","wfo-0000247907"
"Myrcianthes rhopaloides","Myrcianthes rhopaloides (Arrayán)","MAC","wfo-0000248052"
"Nectandra leucantha","Nectandra leucantha (Laurel)","MAC","wfo-0000379113"
"Nectandra lineata","Nectandra lineata (Laurel)","MAC","wfo-0000379089"
"Nectandra sinuata","Nectandra sinuata (Laurel)","MAC","wfo-0000383384"
"Neltuma juliflora","Neltuma juliflora (Mezquite)","MAC","wfo-0000184288"
"Ocotea sinuata","Ocotea sinuata","MAC","wfo-0000383384"
"Oreomunnea mexicana","Oreomunnea mexicana (Nogal de montaña)","MAC","wfo-0000382983"
"Oreopanax xalapensis","Oreopanax xalapensis (Mano de león)","MAC","wfo-0000260454"
"Other or don't know","Other or don't know","MAC",
"Pereskiopsis rotundifolia","Pereskiopsis rotundifolia (Cholla)","MAC","wfo-0000397847"
"Persea americana","Persea americana (Aguacate)","MAC","wfo-0000465160"
"Persea mutisii","Persea mutisii (Aguacatillo)","MAC","wfo-0000465160"
"Persea schiedeana","Persea schiedeana (Chinene)","MAC","wfo-0000465160"
"Persea sp.","Persea sp. (Aguacatillo)","MAC","wfo-0000465160"
"Pinus teocote","Pinus teocote (Ocote)","MAC","wfo-0000481655"
"Piparea dentata","Piparea dentata (Piparea)","MAC","wfo-0001258386"
"Pithecellobium dulce","Pithecellobium dulce (Guamúchil)","MAC","wfo-0000178252"
"Platymiscium dimorphandrum","Platymiscium dimorphandrum (Granadillo)","MAC","wfo-0000169436"
"Plumeria rubra","Plumeria rubra (Flor de mayo)","MAC","wfo-0000279184"
"Pouteria sapota","Pouteria sapota (Mamey)","MAC","wfo-0000282077"
"Prunus domestica","Prunus domestica (Ciruelo)","MAC","wfo-0000984349"
"Prunus serotina","Prunus serotina (Capulín)","MAC","wfo-0000995988"
"Prunus serotina var. salicifolia","Prunus serotina var. salicifolia (Capulín)","MAC","wfo-0001006722"
"Pseudobombax ellipticum","Pseudobombax ellipticum (Amapola de árbol)","MAC","wfo-0000397226"
"Psidium guajava","Psidium guajava (Guayaba)","MAC","wfo-0000284421"
"Psidium oligospermum","Psidium oligospermum (Guayabillo)","MAC","wfo-0000284543"
"Pterocarpus acapulcensis","Pterocarpus acapulcensis (Sangregado)","MAC","wfo-0000194871"
"Quercus","Quercus","MAC","wfo-4000032377"
"Quercus candicans","Quercus candicans (Encino blanco)","MAC","wfo-0000289957"
"Quercus devia","Quercus devia (Encino)","MAC","wfo-0000290495"
"Quercus lancifolia","Quercus lancifolia (Encino negro)","MAC","wfo-0000291543"
"Quercus sp.","Quercus sp. (Encino)","MAC","wfo-4000032377"
"Quercus subspathulata","Quercus subspathulata (Encino)","MAC","wfo-0000293518"
"Rhodamnia rubescens","Rhodamnia rubescens (Arrayán australiano)","MAC","wfo-0000296323"
"Roseodendron donnell-smithii","Roseodendron donnell-smithii (Primavera)","MAC","wfo-0000779516"
"Sapindus saponaria","Sapindus saponaria (Jaboncillo)","MAC","wfo-0000493168"
"Saurauia aspera","Saurauia aspera (Mocoque)","MAC","wfo-0000501343"
"Saurauia scabrida","Saurauia scabrida (Mocoque)","MAC","wfo-0000500915"
"Saurauia serrata","Saurauia serrata (Mocoque)","MAC","wfo-0000500905"
"Schinopsis balansae","Schinopsis balansae (Quebracho colorado)","MAC","wfo-0001049780"
"Schizolobium parahyba","Schizolobium parahyba (Guapuruvú)","MAC","wfo-0000186738"
"Sebastiania brasiliensis","Sebastiania brasiliensis (Lechero)","MAC","wfo-0000308722"
"Senna alata","Senna alata (Acapulco)","MAC","wfo-0000214728"
"Senna atomaria","Senna atomaria (Candelillo)","MAC","wfo-0000182231"
"Senna spectabilis","Senna spectabilis (Cañafístula)","MAC","wfo-0000164878"
"Spondias","Spondias","MAC","wfo-4000036162"
"Spondias mombin","Spondias mombin (Jobo)","MAC","wfo-0000435470"
"Spondias purpurea","Spondias purpurea (Jocote)","MAC","wfo-0000435489"
"Spondias sp.","Spondias sp. (Jocote)","MAC","wfo-4000036162"
"Stemmadenia galeottiana","Stemmadenia galeottiana (Huele de noche)","MAC","wfo-0000319946"
"Swietenia humilis","Swietenia humilis (Caobilla)","MAC","wfo-0000505132"
"Swietenia macrophylla","Swietenia macrophylla (Caoba)","MAC","wfo-0000505131"
"Syzygium jambos","Syzygium jambos (Pomarrosa)","MAC","wfo-0000318809"
"Tabebuia rosea","Tabebuia rosea (Macuilís, roble rosa)","MAC","wfo-0000780302"
"Tabernaemontana donnell-smithii","Tabernaemontana donnell-smithii (Cabeza de negro)","MAC","wfo-0000319836"
"Tabernaemontana litoralis","Tabernaemontana litoralis","MAC","wfo-0000319946"
"Taxus baccata","Taxus baccata (Tejo)","MAC","wfo-0000408637"
"Tecoma stans","Tecoma stans (Tronadora)","MAC","wfo-0000779838"
"Theobroma bicolor","Theobroma bicolor (Pataxte)","MAC","wfo-0000458441"
"Theobroma cacao","Theobroma cacao (Cacao)","MAC","wfo-0000458440"
"Thouinidium decandrum","Thouinidium decandrum (Cola de ardilla)","MAC","wfo-0000458897"
"Trema micranthum","Trema micranthum (Capulín cimarrón)","MAC","wfo-0000457786"
"Trichospermum mexicanum","Trichospermum mexicanum (Jonote)","MAC","wfo-0000457318"
"Trikeraia","Trikeraia","MAC","wfo-4000039184"
"Triplaris","Triplaris","MAC","wfo-4000039274"
"Triplaris sp.","Triplaris sp. (Palo de hormiga)","MAC","wfo-4000039274"
"Trophis racemosa","Trophis racemosa (Ramón blanco)","MAC","wfo-0000456065"
"Vachellia campeachiana","Vachellia campeachiana","MAC","wfo-0001277415"
"Vachellia cochliacantha","Vachellia cochliacantha (Cubata)","MAC","wfo-0001277415"
"Vachellia collinsii","Vachellia collinsii (Cornizuelo)","MAC","wfo-0001277422"
"Vachellia cornigera","Vachellia cornigera (Cornizuelo)","MAC","wfo-0001277425"
"Vachellia farnesiana","Vachellia farnesiana (Huizache)","MAC","wfo-0000182273"
"Vitex hemsleyi","Vitex hemsleyi (Palo negro)","MAC","wfo-0000333135"
"Zanthoxylum rhoifolium","Zanthoxylum rhoifolium (Colima)","MAC","wfo-0000429355"
"Zanthoxylum riedelianum","Zanthoxylum riedelianum (Palo amarillo)","MAC","wfo-0000429350"
"Abrahamia ditimena","Abrahamia ditimena","MAD","wfo-0001277939"
"Abrahamia grandidieri","Abrahamia grandidieri","MAD","wfo-0001278404"
"Acacia albida","Acacia albida","MAD",
"Acacia auriculiformis","Acacia auriculiformis","MAD","wfo-0000173754"
"Acacia dealbata","Acacia dealbata","MAD","wfo-0000192338"
"Acacia galpinii","Acacia galpinii","MAD",
"Acacia hockii","Acacia hockii","MAD",
"Acacia holosericea","Acacia holosericea","MAD",
"Acacia leptocarpa","Acacia leptocarpa","MAD",
"Acacia mangium","Acacia mangium","MAD","wfo-0000202567"
"Acacia nilotica","Acacia nilotica","MAD",
"Acacia senegal","Acacia senegal","MAD",
"Acrocarpus fraxinifolius","Acrocarpus fraxinifolius","MAD",
"Adansonia digitata","Adansonia digitata","MAD",
"Adansonia za","Adansonia za","MAD",
"Adiantum capillus","Adiantum capillus","MAD",
"Adiantum capillus-veneris","Adiantum capillus-veneris","MAD","wfo-0001109469"
"Aframomum angustifolium","Aframomum angustifolium","MAD","wfo-0000338040"
"Albizia adianthifolia","Albizia adianthifolia","MAD","wfo-0000179990"
"Albizia amplifolia","Albizia amplifolia","MAD",
"Albizia gummifera","Albizia gummifera","MAD","wfo-0000183535"
"Albizia gurrundera","Albizia gurrundera","MAD",
"Albizia lebbeck","Albizia lebbeck","MAD","wfo-0000184271"
"Albizia perrieri","Albizia perrieri","MAD","wfo-0000196067"
"Albizia polyphylla","Albizia polyphylla","MAD",
"Albizzia chinensis","Albizzia chinensis","MAD",
"Allophylus cobbe","Allophylus cobbe","MAD","wfo-0000526604"
"Alluaudia ascendens","Alluaudia ascendens","MAD",
"Alluaudia procera","Alluaudia procera","MAD",
"Alnus acuminata","Alnus acuminata","MAD",
"Aloe purpurea","Aloe purpurea","MAD","wfo-0000758722"
"Aloe vera","Aloe vera","MAD","wfo-0000758976"
"Ampalis dimepate","Ampalis dimepate","MAD","wfo-0001084938"
"Ampalis mauritiana","Ampalis mauritiana","MAD","wfo-0000505943"
"Anacardium occidentale","Anacardium occidentale","MAD",
"Androya decaryi","Androya decaryi","MAD","wfo-0000534968"
"Annona muricata","Annona muricata","MAD","wfo-0000537848"
"Annona reticulata","Annona reticulata","MAD",
"Annona squamosa","Annona squamosa","MAD","wfo-0000537947"
"Anthocleista longifolia","Anthocleista longifolia","MAD",
"Anthocleista madagascariensis","Anthocleista madagascariensis","MAD",
"Antidesma madagascariense","Antidesma madagascariense","MAD","wfo-0000237209"
"Aphloia theiformis","Aphloia theiformis","MAD","wfo-0000540357"
"Artabotrys madagascariensis","Artabotrys madagascariensis","MAD","wfo-0000549808"
"Artocarpus altilis","Artocarpus altilis","MAD","wfo-0000550425"
"Artocarpus heterophyllus","Artocarpus heterophyllus","MAD","wfo-0000550491"
"Asplenium pellucidum","Asplenium pellucidum","MAD","wfo-0001108076"
"Asteropeia mcphersonii","Asteropeia mcphersonii","MAD",
"Asteropeia micraster","Asteropeia micraster","MAD","wfo-0000292575"
"Astrotrichilia elagans","Astrotrichilia elagans","MAD",
"Averrhoa bilimbi","Averrhoa bilimbi","MAD",
"Avicennia marina","Avicennia marina","MAD",
"Azadirachta indica","Azadirachta indica","MAD",
"Baronia taratana","Baronia taratana","MAD","wfo-0000560675"
"Barringtonia asiatica","Barringtonia asiatica","MAD","wfo-0000774825"
"Baudouinia flueggeiformis","Baudouinia flueggeiformis","MAD","wfo-0000195768"
"Baudouinia fluggeiformis","Baudouinia fluggeiformis","MAD",
"Beccariophoenix madagascariensis","Beccariophoenix madagascariensis","MAD",
"Bismarkia nobilis","Bismarkia nobilis","MAD",
"Blotia mimosoides","Blotia mimosoides","MAD",
"Borassus madagascariensis","Borassus madagascariensis","MAD",
"Brachylaena discolor","Brachylaena discolor","MAD",
"Brachylaena elliptica","Brachylaena elliptica","MAD","wfo-0000126043"
"Brachylaena merana","Brachylaena merana","MAD",
"Brachylaena perrieri","Brachylaena perrieri","MAD","wfo-0000083845"
"Brachylaena ramiflora","Brachylaena ramiflora","MAD","wfo-0000060728"
"Brachylaena reflexa","Brachylaena reflexa","MAD",
"Breonadia salicina","Breonadia salicina","MAD",
"Bridelia tulasnaena","Bridelia tulasnaena","MAD",
"Brousonnetia greveana","Brousonnetia greveana","MAD",
"Bruguiera gymnorhiza","Bruguiera gymnorhiza","MAD",
"Buddleja madagascariensis","Buddleja madagascariensis","MAD","wfo-0000574137"
"Burasaia madagascariensis","Burasaia madagascariensis","MAD","wfo-0000575970"
"Cajanus cajan","Cajanus cajan","MAD","wfo-0000179103"
"Calliandra calothyrsus","Calliandra calothyrsus","MAD",
"Calophyllum chapelieri","Calophyllum chapelieri","MAD",
"Calophyllum inophyllum","Calophyllum inophyllum","MAD","wfo-0000581184"
"Campylospermum obtusifolium","Campylospermum obtusifolium","MAD","wfo-0000583272"
"Canarium boivinii","Canarium boivinii","MAD","wfo-0000583459"
"Canarium madagascariense","Canarium madagascariense","MAD","wfo-0000583603"
"Cardiospermum halicacabum","Cardiospermum halicacabum","MAD","wfo-0000587875"
"Carica papaya","Carica papaya","MAD","wfo-0000588009"
"Cassia siamea","Cassia siamea","MAD",
"Cassia spectabilis","Cassia spectabilis","MAD",
"Casuarina equisetifolia","Casuarina equisetifolia","MAD",
"Cedrelopsis grevei","Cedrelopsis grevei","MAD",
"Ceriops tagal","Ceriops tagal","MAD",
"Chadsia grevei","Chadsia grevei","MAD",
"Chrysophyllum boivinianum","Chrysophyllum boivinianum","MAD",
"Cinchona officinalis","Cinchona officinalis","MAD",
"Cinnamomum camphora","Cinnamomum camphora","MAD",
"Cinnamosma fragrans","Cinnamosma fragrans","MAD","wfo-0000605548"
"Cinnamosma madagascariensis","Cinnamosma madagascariensis","MAD",
"Citrus aurantiifolia","Citrus aurantiifolia","MAD","wfo-0001242548"
"Citrus aurantium","Citrus aurantium","MAD","wfo-0000607909"
"Citrus chilensis","Citrus chilensis","MAD","wfo-0000607973"
"Citrus limon","Citrus limon","MAD",
"Citrus paradisi","Citrus paradisi","MAD",
"Citrus reticulata","Citrus reticulata","MAD",
"Citrus sinensis","Citrus sinensis","MAD",
"Citrus x aurantium","Citrus x aurantium","MAD","wfo-0000607909"
"Citrus × sinensis","Citrus × sinensis","MAD","wfo-0000607909"
"Clerodendron aucubifolium","Clerodendron aucubifolium","MAD",
"Clidemia hirta","Clidemia hirta","MAD",
"Cnestis ferruginea","Cnestis ferruginea","MAD","wfo-0000612683"
"Cnestis glabra","Cnestis glabra","MAD",
"Cnestis polyphylla","Cnestis polyphylla","MAD","wfo-0000612730"
"Coffea arabica","Coffea arabica","MAD","wfo-0000910097"
"Coffea canephora","Coffea canephora","MAD","wfo-0000910571"
"Coffea mangoroensis","Coffea mangoroensis","MAD","wfo-0000911440"
"Coffea millotii","Coffea millotii","MAD","wfo-0000911584"
"Coffea richardii","Coffea richardii","MAD","wfo-0000912158"
"Colea tetragona","Colea tetragona","MAD",
"Colubrina decipiens","Colubrina decipiens","MAD",
"Colubrina faraloatra","Colubrina faraloatra","MAD",
"Colvillea racemosa","Colvillea racemosa","MAD",
"Combretum coccineum","Combretum coccineum","MAD","wfo-0000616187"
"Combretum molle","Combretum molle","MAD","wfo-0000616553"
"Commiphora grandifolia","Commiphora grandifolia","MAD",
"Commiphora guillauminii","Commiphora guillauminii","MAD",
"Commiphora lainii","Commiphora lainii","MAD",
"Commiphora mafaidoha","Commiphora mafaidoha","MAD",
"Cordia africana","Cordia africana","MAD","wfo-0000620224"
"Cordyla madagascariensis","Cordyla madagascariensis","MAD",
"Corymbia citriodora","Corymbia citriodora","MAD","wfo-0000925431"
"Craspidospermum verticillatum","Craspidospermum verticillatum","MAD",
"Crateva excelsa","Crateva excelsa","MAD","wfo-0000625694"
"Crotalaria berteroana","Crotalaria berteroana","MAD","wfo-0000174063"
"Crotalaria grahamiana","Crotalaria grahamiana","MAD",
"Crotalaria micans","Crotalaria micans","MAD",
"Crotalaria retusa","Crotalaria retusa","MAD",
"Crotalaria xanthoclada","Crotalaria xanthoclada","MAD",
"Croton mongue","Croton mongue","MAD",
"Croton noronhae","Croton noronhae","MAD","wfo-0000931833"
"Cryptocaria agathophylla","Cryptocaria agathophylla","MAD",
"Cryptocarya acuminata","Cryptocarya acuminata","MAD",
"Cryptocarya agathophylla","Cryptocarya agathophylla","MAD","wfo-0000508937"
"Cupressus lusitanica","Cupressus lusitanica","MAD",
"Dalbergia baronii","Dalbergia baronii","MAD",
"Dalbergia greveana","Dalbergia greveana","MAD",
"Delonix leucantha","Delonix leucantha","MAD",
"Delonix regia","Delonix regia","MAD",
"Desmodium adscendens","Desmodium adscendens","MAD",
"Desmodium barbatum","Desmodium barbatum","MAD",
"Dianella ensifolia","Dianella ensifolia","MAD","wfo-0000765197"
"Dichaetanthera cordifolia","Dichaetanthera cordifolia","MAD",
"Dichrostachys cinerea","Dichrostachys cinerea","MAD","wfo-0000176871"
"Dichrostachys tenuifolia","Dichrostachys tenuifolia","MAD",
"Dilobeia thouarsii","Dilobeia thouarsii","MAD",
"Diospiros erythrosperma","Diospiros erythrosperma","MAD",
"Diospyros gracilipes","Diospyros gracilipes","MAD",
"Diospyros kaki","Diospyros kaki","MAD","wfo-0000649136"
"Diospyros perrieri","Diospyros perrieri","MAD","wfo-0000649521"
"Diospyros sp.","Diospyros sp.","MAD","wfo-4000011857"
"Distephanus glutinosus","Distephanus glutinosus","MAD","wfo-0000026078"
"Dodonaea madagascariensis","Dodonaea madagascariensis","MAD","wfo-0000653083"
"Dodonaea viscosa","Dodonaea viscosa","MAD",
"Dombeya dichotomopsis","Dombeya dichotomopsis","MAD",
"Dombeya lucida","Dombeya lucida","MAD","wfo-0000653811"
"Dombeya spectabilis","Dombeya spectabilis","MAD",
"Dracaena angustifolia","Dracaena angustifolia","MAD","wfo-0000765665"
"Dracaena reflexa","Dracaena reflexa","MAD","wfo-0000765906"
"Dracunculus vulgaris","Dracunculus vulgaris","MAD","wfo-0000945756"
"Dypsis nodifera","Dypsis nodifera","MAD",
"Ehretia corymbosa","Ehretia corymbosa","MAD","wfo-0001215689"
"Ekebergia capensis","Ekebergia capensis","MAD","wfo-0000663623"
"Elaeocarpus subserratus","Elaeocarpus subserratus","MAD",
"Embelia incumbens","Embelia incumbens","MAD","wfo-0000666874"
"Entada chrysostachys","Entada chrysostachys","MAD","wfo-0000211417"
"Entada louvelii","Entada louvelii","MAD","wfo-0000195892"
"Entada polyphylla","Entada polyphylla","MAD",
"Erica baroniana","Erica baroniana","MAD","wfo-0000671481"
"Erica madagascariensis","Erica madagascariensis","MAD","wfo-0000672547"
"Erica philippia","Erica philippia","MAD",
"Eriobotrya japonica","Eriobotrya japonica","MAD","wfo-0000986002"
"Erythrina variegata","Erythrina variegata","MAD","wfo-0000181193"
"Erythroxylum ampullaceum","Erythroxylum ampullaceum","MAD","wfo-0000679674"
"Erythroxylum boivinianum","Erythroxylum boivinianum","MAD","wfo-0000679712"
"Erythroxylum sphaeranthum","Erythroxylum sphaeranthum","MAD","wfo-0000680115"
"Eucalyptus camaldulensis","Eucalyptus camaldulensis","MAD","wfo-0000954597"
"Eucalyptus citriodora","Eucalyptus citriodora","MAD",
"Eucalyptus deglupta","Eucalyptus deglupta","MAD",
"Eucalyptus globulus","Eucalyptus globulus","MAD","wfo-0000954998"
"Eucalyptus grandis","Eucalyptus grandis","MAD","wfo-0001086255"
"Eucalyptus maculata","Eucalyptus maculata","MAD",
"Eucalyptus robusta","Eucalyptus robusta","MAD","wfo-0000955809"
"Eugenia cloiselii","Eugenia cloiselii","MAD","wfo-0000956851"
"Eugenia diospyroides","Eugenia diospyroides","MAD","wfo-0000957121"
"Eugenia emirnensis","Eugenia emirnensis","MAD",
"Eugenia hirta","Eugenia hirta","MAD","wfo-0000957562"
"Eugenia onivensis","Eugenia onivensis","MAD",
"Euphorbia stenoclada","Euphorbia stenoclada","MAD","wfo-0000964883"
"Euphorbia tetraptera","Euphorbia tetraptera","MAD","wfo-0000965083"
"Euphorbia tulearensis","Euphorbia tulearensis","MAD","wfo-0000965208"
"Faguetia falcata","Faguetia falcata","MAD",
"Faucherea thouvenotii","Faucherea thouvenotii","MAD",
"Ficus baronii","Ficus baronii","MAD",
"Ficus benjamina","Ficus benjamina","MAD","wfo-0000687511"
"Ficus coronata","Ficus coronata","MAD","wfo-0000687933"
"Ficus lutea","Ficus lutea","MAD","wfo-0000689147"
"Ficus marmorata","Ficus marmorata","MAD","wfo-0000689240"
"Ficus megapoda","Ficus megapoda","MAD",
"Ficus polita","Ficus polita","MAD","wfo-0001084781"
"Ficus reflexa","Ficus reflexa","MAD","wfo-0000690015"
"Ficus rubra","Ficus rubra","MAD","wfo-0000690116"
"Ficus soroceoides","Ficus soroceoides","MAD",
"Ficus sycomorus","Ficus sycomorus","MAD","wfo-0000690537"
"Ficus tiliifolia","Ficus tiliifolia","MAD","wfo-0000690608"
"Flagellaria indica","Flagellaria indica","MAD","wfo-0000424775"
"Flemingia congesta","Flemingia congesta","MAD",
"Gambeya boiviniana","Gambeya boiviniana","MAD","wfo-0000970694"
"Gambeya madagascariensis","Gambeya madagascariensis","MAD",
"Garcinia verrucosa","Garcinia verrucosa","MAD",
"Givotia madagascariensis","Givotia madagascariensis","MAD",
"Gliricidia sepium","Gliricidia sepium","MAD",
"Glycyrrhiza glabra","Glycyrrhiza glabra","MAD",
"Gmelina arborea","Gmelina arborea","MAD",
"Grevillea banksii","Grevillea banksii","MAD","wfo-0000709544"
"Grevillea robusta","Grevillea robusta","MAD","wfo-0000709544"
"Grewia baillonii","Grewia baillonii","MAD","wfo-0000709754"
"Grewia grevei","Grewia grevei","MAD",
"Grona adscendens","Grona adscendens","MAD","wfo-0001423669"
"Grona barbata","Grona barbata","MAD","wfo-0001423664"
"Gyrocarpus americanus","Gyrocarpus americanus","MAD",
"Harungana madagascariensis","Harungana madagascariensis","MAD","wfo-0000716096"
"Helichrysum bracteiferum","Helichrysum bracteiferum","MAD","wfo-0000096418"
"Heritiera littoralis","Heritiera littoralis","MAD",
"Hernandia voyronii","Hernandia voyronii","MAD",
"Hildegardia perrieri","Hildegardia perrieri","MAD",
"Hymenaea verrucosa","Hymenaea verrucosa","MAD","wfo-0000168651"
"Ilex mitis","Ilex mitis","MAD","wfo-0000729632"
"Intsia bijuga","Intsia bijuga","MAD","wfo-0000168901"
"Jacaranda mimosifolia","Jacaranda mimosifolia","MAD",
"Jatropha curcas","Jatropha curcas","MAD","wfo-0000219580"
"Jatropha mahafalensis","Jatropha mahafalensis","MAD",
"Justicia","Justicia","MAD","wfo-4000019746"
"Justicia adhatoda","Justicia adhatoda","MAD","wfo-0000354128"
"Khaya madagascariensis","Khaya madagascariensis","MAD",
"Khaya senegalensis","Khaya senegalensis","MAD",
"Labramia costata","Labramia costata","MAD",
"Lantana camara","Lantana camara","MAD","wfo-0000223016"
"Lantana viburnoides","Lantana viburnoides","MAD",
"Lasiosiphon danguyanus","Lasiosiphon danguyanus","MAD","wfo-0001421785"
"Leea guineensis","Leea guineensis","MAD","wfo-0001145321"
"Leptadenia madagascariensis","Leptadenia madagascariensis","MAD","wfo-0001102162"
"Leptolaena abrahami","Leptolaena abrahami","MAD",
"Leptolaena multiflora","Leptolaena multiflora","MAD",
"Leucaena diversifolia","Leucaena diversifolia","MAD",
"Leucaena leucocephala","Leucaena leucocephala","MAD",
"Litchi chinensis","Litchi chinensis","MAD","wfo-0000446283"
"Lobanilia bakeriana","Lobanilia bakeriana","MAD","wfo-0000230466"
"Luma apiculata","Luma apiculata","MAD","wfo-0000231064"
"Lumnitzera racemosa","Lumnitzera racemosa","MAD",
"Lupinus albifrons","Lupinus albifrons","MAD","wfo-0000174684"
"Macaranga alnifolia","Macaranga alnifolia","MAD","wfo-0000231795"
"Macaranga cuspidata","Macaranga cuspidata","MAD",
"Macaranga myriolepida","Macaranga myriolepida","MAD",
"Macaranga oblongifolia","Macaranga oblongifolia","MAD",
"Macaranga obovata","Macaranga obovata","MAD","wfo-0000232134"
"Maesa lanceolata","Maesa lanceolata","MAD","wfo-0000448927"
"Majidea zanguebarica","Majidea zanguebarica","MAD","wfo-0001135067"
"Malus","Malus","MAD","wfo-4000022982"
"Malus domestica","Malus domestica","MAD","wfo-0001008355"
"Malus spectabilis","Malus spectabilis","MAD","wfo-0001131696"
"Mammea bongo","Mammea bongo","MAD",
"Mangifera indica","Mangifera indica","MAD","wfo-0000371248"
"Manihot esculenta","Manihot esculenta","MAD","wfo-0000235507"
"Melaleuca leucadendron","Melaleuca leucadendron","MAD",
"Melanophylla alnifolia","Melanophylla alnifolia","MAD",
"Melanophylla madagascariensis","Melanophylla madagascariensis","MAD",
"Melia azedarach","Melia azedarach","MAD","wfo-0000450150"
"Melicope pteleifolia","Melicope pteleifolia","MAD","wfo-0001261499"
"Miconia crenata","Miconia crenata","MAD","wfo-0001429190"
"Micronychia tsiramiramy","Micronychia tsiramiramy","MAD",
"Mimosa latispinosa","Mimosa latispinosa","MAD",
"Mimosa pudica","Mimosa pudica","MAD","wfo-0000165372"
"Monoporus paludosus","Monoporus paludosus","MAD","wfo-0001085361"
"Morinda citrifolia","Morinda citrifolia","MAD","wfo-0000245941"
"Moringa oleifera","Moringa oleifera","MAD","wfo-0001085051"
"Morus alba","Morus alba","MAD","wfo-0000447905"
"Musa acuminata","Musa acuminata","MAD","wfo-0000473834"
"Musa x paradisiaca","Musa x paradisiaca","MAD","wfo-0000474656"
"Mystroxylon aethiopicum","Mystroxylon aethiopicum","MAD","wfo-0000376745"
"Neltuma juliflora","Neltuma juliflora","MAD","wfo-0000184288"
"Neobeguea mahafaliensis","Neobeguea mahafaliensis","MAD",
"Noronhia gracilipes","Noronhia gracilipes","MAD","wfo-0000816587"
"Nuxia capitata","Nuxia capitata","MAD","wfo-0000797416"
"Nuxia sphaerocephala","Nuxia sphaerocephala","MAD",
"Nuxia verticillata","Nuxia verticillata","MAD","wfo-0000797464"
"Ocimum gratissimum","Ocimum gratissimum","MAD",
"Ocotea cymosa","Ocotea cymosa","MAD",
"Ocotea laevis","Ocotea laevis","MAD",
"Olax glabriflora","Olax glabriflora","MAD",
"Olax thouarsii","Olax thouarsii","MAD","wfo-0001087292"
"Olea europaea","Olea europaea","MAD","wfo-0000817273"
"Omphalea oppositifolia","Omphalea oppositifolia","MAD",
"Oncostemum spp.","Oncostemum spp.","MAD",
"Orfilea coriacea","Orfilea coriacea","MAD","wfo-0000260514"
"Other or don't know","Other or don't know","MAD",
"Ouratea anceps","Ouratea anceps","MAD",
"Pachira aquatica","Pachira aquatica","MAD",
"Pachypodium geayi","Pachypodium geayi","MAD",
"Pachytrophe obovata","Pachytrophe obovata","MAD",
"Parkinsonia aculeata","Parkinsonia aculeata","MAD",
"Paropsia edulis","Paropsia edulis","MAD","wfo-0001090928"
"Paullinia cupana","Paullinia cupana","MAD",
"Pauridiantha paucinervis","Pauridiantha paucinervis","MAD","wfo-0000265047"
"Persea americana","Persea americana","MAD","wfo-0000465160"
"Petchia cryptophlebia","Petchia cryptophlebia","MAD","wfo-0000267786"
"Philippia floribunda","Philippia floribunda","MAD",
"Philippia madagascariensis","Philippia madagascariensis","MAD",
"Phyllanthus casticum","Phyllanthus casticum","MAD","wfo-0000270682"
"Phyllarthron bojerianum","Phyllarthron bojerianum","MAD","wfo-0000779277"
"Phyllarthron madagascariense","Phyllarthron madagascariense","MAD",
"Phyllarthron schatzii","Phyllarthron schatzii","MAD","wfo-0001315851"
"Physena madagascariensis","Physena madagascariensis","MAD",
"Physena sessiliflora","Physena sessiliflora","MAD","wfo-0000627474"
"Pinus caribeae","Pinus caribeae","MAD",
"Pinus kesiya","Pinus kesiya","MAD","wfo-0000481052"
"Pinus oocarpa","Pinus oocarpa","MAD",
"Pinus patula","Pinus patula","MAD","wfo-0000481882"
"Pinus pinea","Pinus pinea","MAD",
"Pinus sylvestris","Pinus sylvestris","MAD","wfo-0000481648"
"Piper borbonense","Piper borbonense","MAD","wfo-0001093487"
"Piper nigrum","Piper nigrum","MAD","wfo-0000486494"
"Piptadenia chrysostachys","Piptadenia chrysostachys","MAD",
"Pittosporum ochrosiifolium","Pittosporum ochrosiifolium","MAD","wfo-0001094621"
"Pittosporum verticillatum","Pittosporum verticillatum","MAD",
"Plagioschyphus jumellei","Plagioschyphus jumellei","MAD",
"Podocarpus madagascariensis","Podocarpus madagascariensis","MAD",
"Polyscias aculeeata","Polyscias aculeeata","MAD",
"Popowia pisocarpa","Popowia pisocarpa","MAD","wfo-0000393922"
"Poupartia caffra","Poupartia caffra","MAD",
"Poupartia silvatica","Poupartia silvatica","MAD",
"Prosopis chilensis","Prosopis chilensis","MAD",
"Prosopis juliflora","Prosopis juliflora","MAD",
"Protorhus sericea","Protorhus sericea","MAD",
"Prunus africana","Prunus africana","MAD","wfo-0000995790"
"Prunus persica","Prunus persica","MAD","wfo-0001005418"
"Psiadia altissima","Psiadia altissima","MAD","wfo-1000043685"
"Psiadia lucida","Psiadia lucida","MAD",
"Psidium cattleianum","Psidium cattleianum","MAD",
"Psidium cattleyanum","Psidium cattleyanum","MAD","wfo-0001319200"
"Psidium guajava","Psidium guajava","MAD","wfo-0000284421"
"Psorospermum amplifolium","Psorospermum amplifolium","MAD","wfo-0001295825"
"Psorospermum androsaemifolium","Psorospermum androsaemifolium","MAD",
"Psorospermum chionanthifolium","Psorospermum chionanthifolium","MAD","wfo-0001295822"
"Pterophylla aggregata","Pterophylla aggregata","MAD","wfo-1000028588"
"Pterophylla decora","Pterophylla decora","MAD","wfo-1000028600"
"Pterophylla madagascariensis","Pterophylla madagascariensis","MAD","wfo-1000028623"
"Pterophylla rutenbergii","Pterophylla rutenbergii","MAD","wfo-1000028641"
"Punica granatum","Punica granatum","MAD","wfo-0000468843"
"Ravensara aromatica","Ravensara aromatica","MAD",
"Rhizophora mucronata","Rhizophora mucronata","MAD",
"Rhodolaena bakeriana","Rhodolaena bakeriana","MAD",
"Rosa richardii","Rosa richardii","MAD","wfo-0000987564"
"Rothmannia","Rothmannia","MAD","wfo-4000033527"
"Rothmannia capensis","Rothmannia capensis","MAD","wfo-0000298219"
"Rothmannia madagascariensis","Rothmannia madagascariensis","MAD",
"Rourea minor","Rourea minor","MAD","wfo-0000403186"
"Rourea orientalis","Rourea orientalis","MAD","wfo-0001296543"
"Ruellia cyanea","Ruellia cyanea","MAD",
"Saccharum officinarum","Saccharum officinarum","MAD","wfo-0000896660"
"Salix aurita","Salix aurita","MAD",
"Samanea saman","Samanea saman","MAD",
"Schefflera vantsilana","Schefflera vantsilana","MAD",
"Schinus terebinthifolia","Schinus terebinthifolia","MAD","wfo-0000435152"
"Schismatoclada farahimpensis","Schismatoclada farahimpensis","MAD",
"Schizolaena tampoketsana","Schizolaena tampoketsana","MAD",
"Sclerocarya birrea","Sclerocarya birrea","MAD","wfo-0000434908"
"Scolopia madagascariensis","Scolopia madagascariensis","MAD","wfo-0001063032"
"Senna hirsuta","Senna hirsuta","MAD",
"Senna spectabilis","Senna spectabilis","MAD","wfo-0000164878"
"Senna tora","Senna tora","MAD","wfo-0000165011"
"Sesbania aculeata","Sesbania aculeata","MAD",
"Sesbania macrantha","Sesbania macrantha","MAD",
"Sesbania rostrata","Sesbania rostrata","MAD",
"Sesbania sesban","Sesbania sesban","MAD",
"Sloanea rhodanha","Sloanea rhodanha","MAD",
"Sonneratia alba","Sonneratia alba","MAD",
"Spathodea campanulata","Spathodea campanulata","MAD",
"Spondias dulcis","Spondias dulcis","MAD","wfo-0000435462"
"Stereospermum euphoroides","Stereospermum euphoroides","MAD",
"Streblus dimepate","Streblus dimepate","MAD","wfo-0001084938"
"Streblus mauritianus","Streblus mauritianus","MAD","wfo-0000505943"
"Strychnopsis thouarsii","Strychnopsis thouarsii","MAD",
"Suregada boviniana","Suregada boviniana","MAD",
"Symphonia microphylla","Symphonia microphylla","MAD",
"Symphonia pauciflora","Symphonia pauciflora","MAD",
"Symphonia urophylla","Symphonia urophylla","MAD","wfo-0001295866"
"Syzygium aromaticum","Syzygium aromaticum","MAD","wfo-0000318267"
"Syzygium bernieri","Syzygium bernieri","MAD",
"Syzygium cumini","Syzygium cumini","MAD","wfo-0000318521"
"Syzygium emirnense","Syzygium emirnense","MAD","wfo-0000318599"
"Syzygium guineense","Syzygium guineense","MAD","wfo-0000318724"
"Syzygium jambos","Syzygium jambos","MAD","wfo-0000318809"
"Syzygium onivense","Syzygium onivense","MAD","wfo-0000319123"
"Syzygium parkeri","Syzygium parkeri","MAD","wfo-0000319167"
"Syzygium verrucosum","Syzygium verrucosum","MAD","wfo-0000319620"
"Tachiadenus platypterus","Tachiadenus platypterus","MAD","wfo-0001063494"
"Tamarindus indica","Tamarindus indica","MAD","wfo-0000170926"
"Tambourissa amplifolia","Tambourissa amplifolia","MAD","wfo-0001084527"
"Tambourissa bathiei","Tambourissa bathiei","MAD",
"Tambourissa hildebrandtii","Tambourissa hildebrandtii","MAD","wfo-0001084522"
"Tambourissa madagascariensis","Tambourissa madagascariensis","MAD","wfo-0001084523"
"Tambourissa purpurea","Tambourissa purpurea","MAD","wfo-0001084531"
"Tambourissa thouvenotii","Tambourissa thouvenotii","MAD",
"Tambourissa trichophylla","Tambourissa trichophylla","MAD",
"Tarenna alleizettei","Tarenna alleizettei","MAD","wfo-0000800896"
"Tectona grandis","Tectona grandis","MAD",
"Tephrosia candida","Tephrosia candida","MAD",
"Tephrosia vogelii","Tephrosia vogelii","MAD",
"Terminalia catappa","Terminalia catappa","MAD",
"Terminalia fatraea","Terminalia fatraea","MAD",
"Terminalia mantaly","Terminalia mantaly","MAD",
"Terminalia superba","Terminalia superba","MAD",
"Terminalia tetrandra","Terminalia tetrandra","MAD",
"Tetrapterocarpon geayi","Tetrapterocarpon geayi","MAD",
"Thecacoris cometia","Thecacoris cometia","MAD","wfo-0000322776"
"Thecacoris madagascariensis","Thecacoris madagascariensis","MAD","wfo-0000322792"
"Thilachium africanum","Thilachium africanum","MAD","wfo-0001290484"
"Thilachium angustifolium","Thilachium angustifolium","MAD","wfo-0001290412"
"Thilachium sumangui","Thilachium sumangui","MAD","wfo-0001290417"
"Tina apiculata","Tina apiculata","MAD","wfo-0001135055"
"Tina chapelieriana","Tina chapelieriana","MAD","wfo-0001135142"
"Tina gelonioides","Tina gelonioides","MAD",
"Tina isoneura","Tina isoneura","MAD","wfo-0001135061"
"Tina striata","Tina striata","MAD","wfo-0001135064"
"Tina thouarsiana","Tina thouarsiana","MAD","wfo-0001135072"
"Trachylobium homemannianum","Trachylobium homemannianum","MAD","wfo-0000414154"
"Trachylobium verrucosum","Trachylobium verrucosum","MAD",
"Trema humbertii","Trema humbertii","MAD","wfo-0000457795"
"Trema orientalis","Trema orientalis","MAD","wfo-0000457758"
"Trichilia dregeana","Trichilia dregeana","MAD","wfo-0000455439"
"Tristemma virusanum","Tristemma virusanum","MAD",
"Triumfetta rhomboidea","Triumfetta rhomboidea","MAD","wfo-0000457668"
"Turraea sericea","Turraea sericea","MAD",
"Uapaca amplifolia","Uapaca amplifolia","MAD","wfo-0000328998"
"Uapaca bojeri","Uapaca bojeri","MAD","wfo-0000329008"
"Uapaca louvelii","Uapaca louvelii","MAD","wfo-0000329059"
"Uapaca thouarsii","Uapaca thouarsii","MAD","wfo-0000329115"
"Urochloa brizantha","Urochloa brizantha","MAD","wfo-0000906798"
"Vangueria madagascariensis","Vangueria madagascariensis","MAD","wfo-0000331269"
"Vanilla planifolia","Vanilla planifolia","MAD","wfo-0000331533"
"Vepris pilosa","Vepris pilosa","MAD",
"Vernonia glutinosa","Vernonia glutinosa","MAD",
"Vitex betsiliensis","Vitex betsiliensis","MAD","wfo-0000332968"
"Vitex chrysomallum","Vitex chrysomallum","MAD","wfo-0000333014"
"Vitis vinifera","Vitis vinifera","MAD","wfo-0000421791"
"Voacanga thouarsii","Voacanga thouarsii","MAD","wfo-0000333650"
"Weinmannia bojeriana","Weinmannia bojeriana","MAD",
"Weinmannia eriocarpa","Weinmannia eriocarpa","MAD",
"Weinmannia tomentosa","Weinmannia tomentosa","MAD","wfo-0000427135"
"Xylopia humblotiana","Xylopia humblotiana","MAD","wfo-0001065803"
"Abarema brachystachya","Abarema brachystachya (Olho De Cabra Azul)","MDP",
"Acmella oleracea","Acmella oleracea (Jambu, Jambu-Açu, Jamburana, Mastruço-Do-Pará, Nhambu, Pimenteira-Do-Pará Ou Agrião-Do-Pará)","MDP","wfo-0000043646"
"Alchornea glandulosa","Alchornea glandulosa (Tapiá)","MDP",
"Allagoptera caudescens","Allagoptera caudescens (Buri)","MDP",
"Alseis latifolia","Alseis latifolia (Canela De Veado)","MDP",
"Amburana cearensis","Amburana cearensis (Amburana-De-Cheiro)","MDP","wfo-0000182165"
"Anacardium occidentale","Anacardium occidentale (Cajueiro)","MDP","wfo-0000533072"
"Anadenanthera colubrina","Anadenanthera colubrina (Angico)","MDP","wfo-0000169564"
"Anadenanthera macrocarpa","Anadenanthera macrocarpa (Angico-Vermelho)","MDP","wfo-0000183302"
"Anadenanthera peregrina","Anadenanthera peregrina (Angico-Vermelho)","MDP","wfo-0000169565"
"Andira anthelmia","Andira anthelmia (Angelim)","MDP","wfo-0000169569"
"Annona acutiflora","Annona acutiflora (Araticum Guiné)","MDP",
"Annona dolabripetala","Annona dolabripetala (Araticum-Do-Mato)","MDP","wfo-0000537743"
"Annona glabra","Annona glabra (Araticum Do Brejo)","MDP",
"Annona mucosa","Annona mucosa (Biribazeiro)","MDP","wfo-0000537847"
"Aspidosperma olivaceum","Aspidosperma olivaceum (Guatambu Mirim)","MDP",
"Astronium fraxinifolium","Astronium fraxinifolium (Gonçalo, Gonçalo-Alves, Gonçaleiro)","MDP","wfo-0000554983"
"Astronium urundeuva","Astronium urundeuva (Aroeira Preta)","MDP",
"Baccharis dracunculifolia","Baccharis dracunculifolia (Alecrim Do Campo)","MDP",
"Bactris acanthocarpa","Bactris acanthocarpa (Marajá)","MDP",
"Balfourodendron riedelianum","Balfourodendron riedelianum (Pau Marfim)","MDP",
"Byrsonima crassifolia","Byrsonima crassifolia (Murici)","MDP","wfo-0000576794"
"Byrsonima sericea","Byrsonima sericea (Murici)","MDP","wfo-0000577022"
"Cariniana crassifolia","Cariniana crassifolia (Jequitiba)","MDP",
"Casearia melliodora","Casearia melliodora (Guaçatonga-Branca)","MDP",
"Cecropia hololeuca","Cecropia hololeuca (Embaúba-Prateada)","MDP","wfo-0000592236"
"Cecropia pachystachya","Cecropia pachystachya (Embaúba)","MDP","wfo-0000592291"
"Cedrela fissilis","Cedrela fissilis (Cedro, Cedro-Rosa, Cedro-Branco)","MDP","wfo-0000592409"
"Cedrela odorata","Cedrela odorata (Cedro, Cedro-Rosa, Cedro-Branco)","MDP","wfo-0000592446"
"Ceiba speciosa","Ceiba speciosa (Painera, Barriguda, Barriguda-De-Espinho)","MDP","wfo-0000592612"
"Centrolobium microchaete","Centrolobium microchaete (Araraúva, Arariba, Araribá)","MDP","wfo-0000193676"
"Centrolobium sclerophyllum","Centrolobium sclerophyllum (Putumuju-Pequeno)","MDP","wfo-0000186728"
"Cestrum axillare","Cestrum axillare (Coreana Branca)","MDP",
"Chrysophyllum lucentifolium","Chrysophyllum lucentifolium (Guatambu Latex)","MDP",
"Citharexylum myrianthum","Citharexylum myrianthum (Tucaneiro, Pau-De-Viola)","MDP","wfo-0000867825"
"Clidemia hirta","Clidemia hirta (Pixirica, Caiuia)","MDP",
"Clidemia urceolata","Clidemia urceolata (Pixirica, Tiriba)","MDP",
"Clusia fluminensis","Clusia fluminensis (Clusia, Abaneiro, Mangue-bravo)","MDP",
"Commiphora leptophloeos","Commiphora leptophloeos (Aroeira‑Do‑Sertão, Embira‑Preta, Canela‑De‑Ema)","MDP","wfo-0000617344"
"Copaifera langsdorffii","Copaifera langsdorffii (Pau-Óleo, Pau-Óleo-Copaíba, Copaíba)","MDP","wfo-0000165642"
"Cordia superba","Cordia superba (Louro)","MDP","wfo-0000621019"
"Cordia trichoclada","Cordia trichoclada (Louro Tabaco)","MDP",
"Couepia schottii","Couepia schottii (Oitizinho)","MDP",
"Couratari macrosperma","Couratari macrosperma (Imbirema Preta)","MDP",
"Cupania racemosa","Cupania racemosa (Camboatá Da Capoeira)","MDP",
"Cupania zanthoxyloides","Cupania zanthoxyloides (Camboatá Veludo)","MDP",
"Dalbergia nigra","Dalbergia nigra (Jacarandá, Caviúna, Cabiúna, Cabiúna-Rajada, Cabiúna-Do-Mato, Graúna, Caviúno, Jacarandá-Cabiúna, Jacarandá-Caviúna, Jacarandá-Preto, Jacarandá-Una E Pau-Preto)","MDP","wfo-0000170463"
"Diospyros inconstans","Diospyros inconstans (Marmelinho-Do-Mato)","MDP",
"Diospyros lasiocalyx","Diospyros lasiocalyx (Caqui-Peludo)","MDP",
"Enterolobium glaziovii","Enterolobium glaziovii (Angico Pedra)","MDP",
"Erythroxylum citrifolium","Erythroxylum citrifolium (Arco-De-Limão)","MDP",
"Eschweilera ovata","Eschweilera ovata (Biriba-Branca)","MDP","wfo-0000775312"
"Esenbeckia grandiflora","Esenbeckia grandiflora (Guaxupita)","MDP",
"Eugenia L.","Eugenia L. (Eugenia Sp. 1)","MDP",
"Eugenia astringens","Eugenia astringens (Guapê)","MDP",
"Eugenia candolleana","Eugenia candolleana (Cambuí-Roxo, Murta, Murtinha, Ameixa-Da-Mata)","MDP","wfo-0000956695"
"Eugenia punicifolia","Eugenia punicifolia (Cerejinha)","MDP",
"Euphorbia umbellata","Euphorbia umbellata (Janaúba, Leiteiro)","MDP","wfo-0000806876"
"Euterpe edulis","Euterpe edulis (Juçara, Palmito, Palmito-Juçara)","MDP","wfo-0000965652"
"Faramea multiflora","Faramea multiflora (Folha-Carta)","MDP",
"Ficus guaranitica","Ficus guaranitica (Figueira Branca)","MDP",
"Garcinia macrophylla","Garcinia macrophylla (Bacupari Liso)","MDP",
"Genipa americana","Genipa americana (Jenipapo)","MDP","wfo-0000971808"
"Guatteria sellowiana","Guatteria sellowiana (Embira-Preta)","MDP",
"Handroanthus heptaphyllus","Handroanthus heptaphyllus (Ipê-Roxo-De-Sete-Folhas)","MDP","wfo-0000778594"
"Handroanthus impetiginosus","Handroanthus impetiginosus (Ipê Roxo, Ipê Rosa)","MDP","wfo-0000778595"
"Handroanthus serratifolius","Handroanthus serratifolius (Ipê-Amarelo, Ipê-Tabaco, Ipê-Ovo-De-Macuco)","MDP","wfo-0000808837"
"Handroanthus speciosus","Handroanthus speciosus (Ipê Amarelo, Ipê)","MDP","wfo-0001424123"
"Handroanthus vellosoi","Handroanthus vellosoi (Ipê Amarelo Casca Lisa)","MDP",
"Heisteria blanchetiana","Heisteria blanchetiana (Blanchetiana)","MDP",
"Himatanthus bracteatus","Himatanthus bracteatus (Banana-De-Papagaio, Janaúba)","MDP","wfo-0000982450"
"Hirtella glandulosa","Hirtella glandulosa (Vermelhão)","MDP",
"Hirtella hebeclada","Hirtella hebeclada (Cinzeiro)","MDP",
"Humiria balsamifera","Humiria balsamifera (Umiri)","MDP","wfo-0000725806"
"Hydrochorea pedicellaris","Hydrochorea pedicellaris (Angico, Angico-Preto)","MDP","wfo-1000040164"
"Hymenaea courbaril","Hymenaea courbaril (Jatobá)","MDP","wfo-0000168642"
"Hymenolobium petraeum","Hymenolobium petraeum (Angelim-Pedra)","MDP","wfo-0000165135"
"Inga blanchetiana","Inga blanchetiana (Inga-De-Pêlo)","MDP",
"Inga edulis","Inga edulis (Ingá-Cipó)","MDP","wfo-0000175962"
"Inga flagelliformis","Inga flagelliformis (Ingá-Pau)","MDP",
"Inga laurina","Inga laurina (Inga Laurina, Ingá-Branco, Ingá-Do-Brejo)","MDP","wfo-0000183520"
"Inga marginata","Inga marginata (Ingá-Feijão, Ingá-Mirim)","MDP","wfo-0000183521"
"Inga ruiziana","Inga ruiziana (Ingá, Ingazeiro)","MDP","wfo-0000165784"
"Inga thibaudiana","Inga thibaudiana (Inga-Cipó)","MDP",
"Ingá sp","Ingá sp (Ingá Feijão)","MDP",
"Jacaranda micrantha","Jacaranda micrantha (Carobão, Caroba)","MDP","wfo-0000778762"
"Jacaranda mimosifolia","Jacaranda mimosifolia (Jacarandá-Mimoso)","MDP","wfo-0000778761"
"Joannesia princeps","Joannesia princeps (Boleira, Anda-Assú, Cotieira)","MDP","wfo-0000220129"
"Kielmeyera altissima","Kielmeyera altissima (Pau-Santo-Alto)","MDP",
"Leptolobium tenuifolium","Leptolobium tenuifolium (Amendoim Falso)","MDP",
"Libidibia ferrea","Libidibia ferrea (Pau-Ferro)","MDP","wfo-0000744153"
"Licania kunthiana","Licania kunthiana (Marinheiro)","MDP",
"Licania nitida","Licania nitida (Oitirana)","MDP",
"Luehea grandiflora","Luehea grandiflora (Açoita Cavalo Grande)","MDP",
"Machaerium brasiliense","Machaerium brasiliense (Sapuva)","MDP",
"Machaerium pedicellatum","Machaerium pedicellatum (Jacarandá)","MDP",
"Matayba elaeagnoides","Matayba elaeagnoides (Camboatá Branco)","MDP",
"Matayba grandis","Matayba grandis (Pitombarana)","MDP",
"Matayba guianensis","Matayba guianensis (Mataíba)","MDP",
"Miconia Ruiz","Miconia Ruiz (Miconia Sp. 1)","MDP",
"Miconia brunnea","Miconia brunnea (Cabussurana)","MDP",
"Miconia cinnamomifolia","Miconia cinnamomifolia (Jacatirão)","MDP",
"Mimosa bimucronata","Mimosa bimucronata (Maricá)","MDP","wfo-0000164376"
"Mimusops coriacea","Mimusops coriacea (Abricó-Da-Praia)","MDP","wfo-0000244541"
"Murraya paniculata","Murraya paniculata (Murta, Murta‑Do‑Jardim, Jasmim‑Do‑Cabo)","MDP","wfo-0000453279"
"Myracrodruon urundeuva","Myracrodruon urundeuva (Aroeira, Aroeira-Preta, Aroeira-Do-Sertão, Uriunduba)","MDP","wfo-0001050974"
"Myrcia amazonica","Myrcia amazonica (Guamirim-Ferrugem)","MDP",
"Myrcia crocea","Myrcia crocea (Douradão)","MDP",
"Myrcia excoriata","Myrcia excoriata (Guamirana)","MDP",
"Myrcia glomerata","Myrcia glomerata (Cambuí, Guabiroba, Nome Regional Variável)","MDP","wfo-1000001614"
"Myrcia loranthifolia","Myrcia loranthifolia (Murtinha)","MDP",
"Myrcia sp","Myrcia sp (Myrcia Sp. 1, Myrcia sp)","MDP",
"Myrciaria dubia","Myrciaria dubia (Camu-Camu, Caçari, Araçá-D'Água)","MDP","wfo-0000248093"
"Myrciaria tenella","Myrciaria tenella (Jabuticaba Brava)","MDP",
"Myrocarpus frondosus","Myrocarpus frondosus (Óleo Pardo)","MDP",
"Myroxylon peruiferum","Myroxylon peruiferum (Cabreúva Vermelha)","MDP",
"Myrsine coriacea subsp. coriacea","Myrsine coriacea subsp. coriacea (Capororoca, Pororoca)","MDP","wfo-0001237874"
"Ocotea lancifolia","Ocotea lancifolia (Canela Lanosa)","MDP",
"Other or don't know","Other or don't know","MDP",
"Ouratea polygyna","Ouratea polygyna (Coração De Negro Vermelho)","MDP",
"Palicourea sessilis","Palicourea sessilis (Pau-Saíra)","MDP",
"Parkia pendula","Parkia pendula (Juerana-Verdadeira, Juerana-Vermelha, Visgueiro)","MDP","wfo-0000174167"
"Paubrasilia echinata","Paubrasilia echinata (Pau‑Brasil, Brazilwood, Pau‑Brasil)","MDP","wfo-0001318224"
"Peltophorum dubium","Peltophorum dubium (Pau‑Ferro, Canafístula, Amarelinho)","MDP","wfo-0000168369"
"Plathymenia reticulata","Plathymenia reticulata (Vinhático)","MDP","wfo-0000182203"
"Platypodium elegans","Platypodium elegans (Amendoim Do Campo)","MDP",
"Plinia rivularis","Plinia rivularis (Guapuriti, Jaboticabarana)","MDP",
"Plinia sp.","Plinia sp. (Plinia L.)","MDP",
"Pouteria Aubl.","Pouteria Aubl. (Pouteria Sp. 1)","MDP",
"Pouteria bangii","Pouteria bangii (Bapeba-De-Casca-Preta)","MDP",
"Pouteria beaurepairei","Pouteria beaurepairei (Batatá)","MDP",
"Pouteria torta","Pouteria torta (Abiu-Piloso, Abiu-Do-Cerrado, Grão-De-Galo)","MDP","wfo-0000282152"
"Protium atlanticum","Protium atlanticum (Breu-Serra)","MDP",
"Protium heptaphyllum","Protium heptaphyllum (Almécega, Incenso-De-Cayenne, Breu-Branco)","MDP","wfo-0000397106"
"Protium warmingianum","Protium warmingianum (Breu)","MDP",
"Pseudopiptadenia Rauschert'","Pseudopiptadenia Rauschert' (Angico Sp. 1)","MDP",
"Pseudopiptadenia contorta","Pseudopiptadenia contorta (Angico Rosa)","MDP",
"Psidium cattleyanum","Psidium cattleyanum (Araçá-Rosa, Araçá-De-Coroa, Araçá-Da-Praia)","MDP","wfo-0001319200"
"Psidium guajava","Psidium guajava (Goiabeira, Goiaba)","MDP","wfo-0000284421"
"Psidium sp","Psidium sp (Psidium sp)","MDP",
"Psychotria sp","Psychotria sp (Psychotria sp)","MDP",
"Samanea tubulosa","Samanea tubulosa (Sete-Cascas)","MDP","wfo-0000194890"
"Sapindus saponaria","Sapindus saponaria (Saboeiro, Sabão‑De‑Sapo, Saboeiro)","MDP","wfo-0000493168"
"Schinus terebinthifolia","Schinus terebinthifolia (Aroeira, Pimenta Rosa)","MDP","wfo-0000435152"
"Schizolobium parahyba","Schizolobium parahyba (Guapuruvú)","MDP","wfo-0000186738"
"Senna pendula","Senna pendula (Fedegoso)","MDP",
"Sideroxylon obtusifolium","Sideroxylon obtusifolium (Quixaba)","MDP",
"Simarouba versicolor","Simarouba versicolor (Mata Cachorro)","MDP",
"Siparuna brasiliensis","Siparuna brasiliensis (Limoeiro Bravo)","MDP",
"Spondias mombin","Spondias mombin (Cajá, Cajazeira, Cajá-Mirim, Taperebá)","MDP","wfo-0000435470"
"Stryphnodendron polyphyllum","Stryphnodendron polyphyllum (Barbatimão-Polifilo)","MDP",
"Swartzia curranii","Swartzia curranii (Pacová)","MDP",
"Swartzia macrostachya","Swartzia macrostachya (Jacarandá Branco)","MDP",
"Syzygium aqueum","Syzygium aqueum (Jambo-Branco)","MDP",
"Tabebuia elliptica","Tabebuia elliptica (Pau-D'Arco)","MDP",
"Tabebuia roseoalba","Tabebuia roseoalba (Ipê-Branco)","MDP","wfo-0000780753"
"Talisia esculenta","Talisia esculenta (Pitomba, Pitombeira, Olho-De-Boi)","MDP","wfo-0001135264"
"Tapirira guianensis","Tapirira guianensis (Copiúva, Cupiúva, Pau-Pombo)","MDP","wfo-0000410062"
"Tapirira obtusa","Tapirira obtusa (Pombeiro)","MDP",
"Trema micranthum","Trema micranthum (Grandiúva, Crindiúva)","MDP","wfo-0000457786"
"Triplaris americana","Triplaris americana (Pau-Formiga)","MDP","wfo-0000454468"
"Vismia atlantica","Vismia atlantica (Lacre)","MDP",
"Vitex polygama","Vitex polygama (Tarumã Do Cerrado)","MDP",
"Zanthoxylum rhoifolium","Zanthoxylum rhoifolium (Mamica-De-Cadela, Mamica-De-Porca)","MDP","wfo-0000429355"
"Zeyheria tuberculosa","Zeyheria tuberculosa (Ipê-Felpudo)","MDP","wfo-0000780396"
"Anadenanthera macrocarpa","Anadenanthera macrocarpa (Angico-Vermelho)","MVG","wfo-0000183302"
"Bixa orellana","Bixa orellana (Urucum)","MVG","wfo-0000342565"
"Cariniana legalis","Cariniana legalis (Jequitibá-Rosa)","MVG","wfo-0000775066"
"Cecropia hololeuca","Cecropia hololeuca (Embaúba-Prateada)","MVG","wfo-0000592236"
"Cecropia pachystachya","Cecropia pachystachya (Embaúba)","MVG","wfo-0000592291"
"Cedrela fissilis","Cedrela fissilis (Cedro, Cedro-Rosa, Cedro-Branco)","MVG","wfo-0000592409"
"Ceiba speciosa","Ceiba speciosa (Painera, Barriguda, Barriguda-De-Espinho)","MVG","wfo-0000592612"
"Citharexylum myrianthum","Citharexylum myrianthum (Tucaneiro, Pau-De-Viola)","MVG","wfo-0000867825"
"Colubrina glandulosa","Colubrina glandulosa (Sobragi, Sobrasil, Saguari, Falso-Pau-Ferro, Sabiá-Do-Mato, Socorujuva)","MVG","wfo-0000615244"
"Cordia trichotoma","Cordia trichotoma (Louro-Pardo)","MVG","wfo-0000621058"
"Couratari asterotricha","Couratari asterotricha (Tauari, Tauari‑Do‑Mato)","MVG","wfo-0000775087"
"Crateva tapia","Crateva tapia (Tapia, Barba‑De‑Bode)","MVG","wfo-0000625731"
"Croton floribundus","Croton floribundus (Capixingui)","MVG","wfo-0000927983"
"Cupania vernalis","Cupania vernalis (NA)","MVG","wfo-0000629654"
"Didymopanax calvus","Didymopanax calvus (Cipó‑De‑São‑João, Aralia)","MVG","wfo-0000943161"
"Eugenia uniflora","Eugenia uniflora (Pitanga)","MVG","wfo-0000959411"
"Gallesia integrifolia","Gallesia integrifolia (Pau-D'Alho)","MVG","wfo-0000693929"
"Genipa infundibuliformis","Genipa infundibuliformis (Jenipapo-Do-Mato)","MVG","wfo-0000971844"
"Inga laurina","Inga laurina (Inga Laurina, Ingá-Branco, Ingá-Do-Brejo)","MVG","wfo-0000183520"
"Inga striata","Inga striata (Ingá, Ingazeiro, Ingá‑Branco)","MVG","wfo-0000173673"
"Inga vera","Inga vera (Ingá Do Rio, Ingá Do Brejo)","MVG","wfo-0000173675"
"Iochroma arborescens","Iochroma arborescens (Fruto De Sabiá)","MVG","wfo-0001354497"
"Jacaratia spinosa","Jacaratia spinosa (Jaracatiá, Jaracatiá‑Do‑Mato)","MVG","wfo-0000734686"
"Joannesia princeps","Joannesia princeps (Boleira, Anda-Assú, Cotieira)","MVG","wfo-0000220129"
"Margaritaria nobilis","Margaritaria nobilis (Margaritária, Pérola-Vegetal)","MVG","wfo-0000236325"
"Mimosa schomburgkii","Mimosa schomburgkii (Jurema, Jurema‑Preta, Mimosa)","MVG","wfo-0000174632"
"Other or don't know","Other or don't know","MVG",
"Paratecoma peroba","Paratecoma peroba (Peroba, Peroba‑Do‑Campo)","MVG","wfo-0000779462"
"Pseudalbizzia polycephala","Pseudalbizzia polycephala (Sumaúma, Ingá‑Doce,)","MVG","wfo-1000040144"
"Schinus terebinthifolia","Schinus terebinthifolia (Aroeira, Pimenta Rosa)","MVG","wfo-0000435152"
"Senna multijuga","Senna multijuga (Cássia-Multijuga)","MVG","wfo-0000164356"
"Tapirira guianensis","Tapirira guianensis (Copiúva, Cupiúva, Pau-Pombo)","MVG","wfo-0000410062"
"Theobroma cacao","Theobroma cacao (Cacau)","MVG","wfo-0000458440"
"Trattinnickia rhoifolia","Trattinnickia rhoifolia (Almécega, Almecegueira, Amesclão)","MVG","wfo-0000407611"
"Trema micranthum","Trema micranthum (Grandiúva, Crindiúva)","MVG","wfo-0000457786"
"Zeyheria tuberculosa","Zeyheria tuberculosa (Ipê-Felpudo)","MVG","wfo-0000780396"
"Acacia mangium","Acacia mangium (Acácia, Cácia Mangium)","PER","wfo-0000202567"
"Aegiphila integrifolia","Aegiphila integrifolia (Tamanqueiro, Tamanqueira, Pau-De-Tamanco, Pau-De-Gaiola, Mululo, Fruta-De-Papagaio, Fumo-Bravo, Fidalgo, Minura, Briaúva)","PER","wfo-0000809574"
"Aegiphila verticillata","Aegiphila verticillata (Fumo Bravo, Tamanqueiro)","PER","wfo-0000827271"
"Andira legalis","Andira legalis (Angelim Coco, Angelim Doce, Urarema, Angelim Gigante)","PER","wfo-0000182252"
"Apeiba tibourbou","Apeiba tibourbou (Pau De Angada, Malva Pente-De-Macaco, Pente-De-Macaco, Pau-De-Jangada, Escova-De-Macaco)","PER","wfo-0000539840"
"Arapatiella psilophylla","Arapatiella psilophylla (Arapati, Faveco-Vermelho)","PER","wfo-0001049801"
"Bixa orellana","Bixa orellana (Urucum)","PER","wfo-0000342565"
"Byrsonima sericea","Byrsonima sericea (Murici)","PER","wfo-0000577022"
"Calophyllum brasiliense","Calophyllum brasiliense (Guanandi, Olandi)","PER","wfo-0000581058"
"Casearia sylvestris","Casearia sylvestris (Guassotonga, Guaçatonga)","PER","wfo-0000924251"
"Cecropia pachystachya","Cecropia pachystachya (Embaúba)","PER","wfo-0000592291"
"Cedrela fissilis","Cedrela fissilis (Cedro, Cedro-Rosa, Cedro-Branco)","PER","wfo-0000592409"
"Citharexylum myrianthum","Citharexylum myrianthum (Tucaneiro, Pau-De-Viola)","PER","wfo-0000867825"
"Croton urucurana","Croton urucurana (Sangra D’Água)","PER","wfo-0000932652"
"Dalbergia nigra","Dalbergia nigra (Jacarandá, Caviúna, Cabiúna, Cabiúna-Rajada, Cabiúna-Do-Mato, Graúna, Caviúno, Jacarandá-Cabiúna, Jacarandá-Caviúna, Jacarandá-Preto, Jacarandá-Una E Pau-Preto)","PER","wfo-0000170463"
"Didymopanax morototoni","Didymopanax morototoni (Morototó, Mandiocão)","PER","wfo-0000943189"
"Enterolobium contortisiliquum","Enterolobium contortisiliquum (Timbaúva, Tamboril)","PER","wfo-0000194820"
"Erythroxylum passerinum","Erythroxylum passerinum (Cabelo-De-Negro, Mercúrio-Do-Campo)","PER","wfo-0000680040"
"Eugenia uniflora","Eugenia uniflora (Pitanga)","PER","wfo-0000959411"
"Gallesia integrifolia","Gallesia integrifolia (Pau-D'Alho)","PER","wfo-0000693929"
"Genipa americana","Genipa americana (Jenipapo)","PER","wfo-0000971808"
"Guazuma ulmifolia","Guazuma ulmifolia (Mutamba, Mutambo, Mucungo, Fruta-De-Macaco)","PER","wfo-0000711645"
"Handroanthus heptaphyllus","Handroanthus heptaphyllus (Ipê-Roxo-De-Sete-Folhas)","PER","wfo-0000778594"
"Handroanthus impetiginosus","Handroanthus impetiginosus (Ipê Roxo, Ipê Rosa)","PER","wfo-0000778595"
"Hymenaea courbaril","Hymenaea courbaril (Jatobá)","PER","wfo-0000168642"
"Inga edulis","Inga edulis (Ingá-Cipó)","PER","wfo-0000175962"
"Lecythis pisonis","Lecythis pisonis (Sapucaia)","PER","wfo-0000774428"
"Machaerium hirtum","Machaerium hirtum (Jacarandá‑Do‑Pau‑Branco?)","PER","wfo-0000169315"
"Margaritaria nobilis","Margaritaria nobilis (Margaritária, Pérola-Vegetal)","PER","wfo-0000236325"
"Mimosa schomburgkii","Mimosa schomburgkii (Jurema, Jurema‑Preta, Mimosa)","PER","wfo-0000174632"
"Moquiniastrum polymorphum","Moquiniastrum polymorphum (Arnica‑Do‑Campo?)","PER","wfo-0001337709"
"Myrsine coriacea","Myrsine coriacea (Capororoca)","PER","wfo-0000449079"
"Other or don't know","Other or don't know","PER",
"Paratecoma peroba","Paratecoma peroba (Peroba, Peroba‑Do‑Campo)","PER","wfo-0000779462"
"Paubrasilia echinata","Paubrasilia echinata (Pau‑Brasil, Brazilwood, Pau‑Brasil)","PER","wfo-0001318224"
"Peltophorum dubium","Peltophorum dubium (Pau‑Ferro, Canafístula, Amarelinho)","PER","wfo-0000168369"
"Piper aduncum var. cordulatum","Piper aduncum var. cordulatum (Pimenta-De-Macaco, Aperta-Ruão)","PER","wfo-0000490275"
"Piper arboreum","Piper arboreum (Pimenta‑Brava, Pimenta‑De‑Macaco)","PER","wfo-0000479741"
"Piper umbellatum","Piper umbellatum (Pariparoba, Pariparoba, Erva‑De‑Santa‑Maria)","PER","wfo-0000487600"
"Piptadenia gonoacantha","Piptadenia gonoacantha (Angico‑Vermelho, Angico, Pau‑D’Arco)","PER","wfo-0000168399"
"Plathymenia reticulata","Plathymenia reticulata (Vinhático)","PER","wfo-0000182203"
"Pouteria butyrocarpa","Pouteria butyrocarpa (Cupã)","PER","wfo-0000281598"
"Pseudalbizzia polycephala","Pseudalbizzia polycephala (Sumaúma, Ingá‑Doce,)","PER","wfo-1000040144"
"Psidium","Psidium","PER","wfo-4000031762"
"Psidium guineense","Psidium guineense (Araçá-Da-Praia, Araçá-Mirim, Goiabinha)","PER","wfo-0000284428"
"Psidium sp.","Psidium sp. (NA)","PER","wfo-4000031762"
"Schinus terebinthifolia","Schinus terebinthifolia (Aroeira, Pimenta Rosa)","PER","wfo-0000435152"
"Schizolobium parahyba","Schizolobium parahyba (Guapuruvú)","PER","wfo-0000186738"
"Senna alata","Senna alata (Mata-Pasto)","PER","wfo-0000214728"
"Senna multijuga","Senna multijuga (Cássia-Multijuga)","PER","wfo-0000164356"
"Sesbania exasperata","Sesbania exasperata (Fedegosa)","PER","wfo-0000165352"
"Sesbania virgata","Sesbania virgata (Feijãozinho, Sesbânia, Acácisa-Mansa, Sarandizinho)","PER","wfo-0000180018"
"Solanum","Solanum","PER","wfo-4000035688"
"Solanum mauritianum","Solanum mauritianum (Cuvitinga, Capoeira-Branca, Fumo-Do-Mato)","PER","wfo-0001029408"
"Solanum paniculatum","Solanum paniculatum (Jurubeba)","PER","wfo-0001030198"
"Solanum sp.","Solanum sp. (NA)","PER","wfo-4000035688"
"Spondias mombin","Spondias mombin (Cajá, Cajazeira, Cajá-Mirim, Taperebá)","PER","wfo-0000435470"
"Spondias venulosa","Spondias venulosa (Cajarana)","PER","wfo-0001049847"
"Syagrus romanzoffiana","Syagrus romanzoffiana (Jerivá, Baba-De-Boi, Coco-De-Ranho, Pindoba)","PER","wfo-0000317885"
"Tapirira guianensis","Tapirira guianensis (Copiúva, Cupiúva, Pau-Pombo)","PER","wfo-0000410062"
"Theobroma grandiflorum","Theobroma grandiflorum (Cupuaçu)","PER","wfo-0000458603"
"Trema micranthum","Trema micranthum (Grandiúva, Crindiúva)","PER","wfo-0000457786"
"Vernonanthura polyanthes","Vernonanthura polyanthes (Assa‑Peixe, Cambará, Arnica‑Do‑Campo)","PER","wfo-0001042626"
"Virola bicuhyba","Virola bicuhyba (Bicuíba, Candeia-De-Caboclo, Bocuva)","PER","wfo-0000418518"
"Xylopia frutescens","Xylopia frutescens (Pindaíba, Jereré, Pau-De-Mastro)","PER","wfo-0000428954"
"Zeyheria tuberculosa","Zeyheria tuberculosa (Ipê-Felpudo)","PER","wfo-0000780396"
"Acacia mangium","Acacia mangium (Mangium )","PHI","wfo-0000202567"
"Actinodaphne multiflora","Actinodaphne multiflora (Batikuling )","PHI","wfo-0000519496"
"Adenanthera pavonina","Adenanthera pavonina","PHI","wfo-0000173869"
"Aglaia edulis","Aglaia edulis (Malasaging )","PHI","wfo-0000524041"
"Aglaia luzoniensis","Aglaia luzoniensis (Malasaging )","PHI","wfo-0000524184"
"Aglaia rimosa","Aglaia rimosa (Malasaging )","PHI","wfo-0000524315"
"Ailanthus integrifolia","Ailanthus integrifolia","PHI","wfo-0000524627"
"Alangium javanicum","Alangium javanicum (Putian )","PHI","wfo-0000937091"
"Alangium meyeri","Alangium meyeri (Putian )","PHI","wfo-0000937344"
"Albizia acle","Albizia acle (Akle )","PHI","wfo-0000206306"
"Alphitonia philippinensis","Alphitonia philippinensis (Tulo )","PHI","wfo-0000527318"
"Alstonia macrophylla","Alstonia macrophylla (Batino )","PHI","wfo-0000952530"
"Alstonia scholaris","Alstonia scholaris (Dita )","PHI","wfo-0001257712"
"Anacardium occidentale","Anacardium occidentale (Cahew)","PHI","wfo-0000533072"
"Annona muricata","Annona muricata (Guyabano )","PHI","wfo-0000537848"
"Antidesma ghaesembilla","Antidesma ghaesembilla (Binayuyo )","PHI","wfo-0000236259"
"Ardisia elliptica","Ardisia elliptica (Tagpo )","PHI","wfo-0000544255"
"Artocarpus anisophyllus","Artocarpus anisophyllus (Anubing )","PHI","wfo-0000550430"
"Artocarpus blancoi","Artocarpus blancoi (Antipolo )","PHI","wfo-0000550440"
"Artocarpus heterophyllus","Artocarpus heterophyllus (Langka )","PHI","wfo-0000550491"
"Artocarpus lacucha","Artocarpus lacucha (Anubing )","PHI","wfo-0000550516"
"Artocarpus nitidus","Artocarpus nitidus (Kubi )","PHI","wfo-0000550549"
"Artocarpus sericicarpus","Artocarpus sericicarpus (Tipolo )","PHI","wfo-0000550604"
"Atuna excelsa subsp. racemosa","Atuna excelsa subsp. racemosa (Tabon-tabon )","PHI","wfo-1200007302"
"Azadirachta excelsa","Azadirachta excelsa (Nim )","PHI","wfo-0000557667"
"Balakata luzonica","Balakata luzonica (Binunga )","PHI","wfo-0000313221"
"Barringtonia asiatica","Barringtonia asiatica (Botong)","PHI","wfo-0000774825"
"Barringtonia curranii","Barringtonia curranii (Curran Putat )","PHI","wfo-0000774858"
"Barringtonia macrostachya","Barringtonia macrostachya (Putat-gubat )","PHI","wfo-0000774917"
"Barringtonia racemosa","Barringtonia racemosa (Putat )","PHI","wfo-0000774962"
"Bauhinia variegata","Bauhinia variegata (Alibangbang )","PHI","wfo-0000213330"
"Beilschmiedia glomerata","Beilschmiedia glomerata (Medang )","PHI","wfo-0000561910"
"Bombax ceiba","Bombax ceiba (Bulak Saging )","PHI","wfo-0000568369"
"Breynia vitis-idaea","Breynia vitis-idaea (Matang-hipon )","PHI","wfo-0000415036"
"Buchanania arborescens","Buchanania arborescens (Balinghasai )","PHI","wfo-0000573371"
"Buchanania nitida","Buchanania nitida (Balitantan )","PHI","wfo-0000573432"
"Calophyllum blancoi","Calophyllum blancoi (Bitanghol )","PHI","wfo-0000581050"
"Calophyllum brasiliense var. antillanum","Calophyllum brasiliense var. antillanum (Bitaog )","PHI","wfo-0000581059"
"Cananga odorata","Cananga odorata (Ilang-ilang )","PHI","wfo-0000583386"
"Canarium asperum","Canarium asperum (Pagsahingin )","PHI","wfo-0000583439"
"Canarium hirsutum","Canarium hirsutum (Pili-pili )","PHI","wfo-0000583538"
"Canarium luzonicum","Canarium luzonicum (Piling Liitan)","PHI","wfo-0000583598"
"Carallia borneensis","Carallia borneensis (Basa )","PHI","wfo-0000586011"
"Chionanthus coriaceus","Chionanthus coriaceus","PHI","wfo-0000830067"
"Cinnamomum","Cinnamomum","PHI","wfo-4000008342"
"Cinnamomum mercadoi","Cinnamomum mercadoi (Kalingag )","PHI","wfo-0000605235"
"Citrus japonica","Citrus japonica (Kalamansi )","PHI","wfo-0000608080"
"Citrus maxima","Citrus maxima (Suha )","PHI","wfo-0000608138"
"Clausena excavata","Clausena excavata (Buringit )","PHI","wfo-0000608651"
"Cleidion spiciflorum","Cleidion spiciflorum (Paitan )","PHI","wfo-0000872719"
"Coffea arabica","Coffea arabica (Coffee)","PHI","wfo-0000910097"
"Colona serratifolia","Colona serratifolia (Anilau )","PHI","wfo-0000615178"
"Cordia dichotoma","Cordia dichotoma (Anonang )","PHI","wfo-0000620417"
"Cratoxylum formosum","Cratoxylum formosum (Salingogon )","PHI","wfo-0000625758"
"Cratoxylum sumatranum","Cratoxylum sumatranum","PHI","wfo-0000625785"
"Cryptocarya acuminata","Cryptocarya acuminata (Duguan )","PHI","wfo-0000627750"
"Cryptocarya laevigata","Cryptocarya laevigata","PHI","wfo-0000627988"
"Cubilia cubili","Cubilia cubili (Balimbingan )","PHI","wfo-0000628618"
"Cynometra ramiflora","Cynometra ramiflora (Balagtikan )","PHI","wfo-0000192868"
"Dehaasia cairocan","Dehaasia cairocan","PHI","wfo-0000639213"
"Dehaasia incrassata","Dehaasia incrassata (Bolong-eta )","PHI","wfo-0000639226"
"Dillenia philippinensis","Dillenia philippinensis (Katmon )","PHI","wfo-0000647616"
"Dillenia pteropoda","Dillenia pteropoda (Kambog )","PHI","wfo-0001425457"
"Diospyros blancoi","Diospyros blancoi (Kamagong)","PHI","wfo-0000648579"
"Diospyros mindanaensis","Diospyros mindanaensis","PHI","wfo-0000649349"
"Diospyros oblonga","Diospyros oblonga","PHI","wfo-0000649430"
"Diospyros oblonga var. oblonga","Diospyros oblonga var. oblonga (Bolong-eta )","PHI","wfo-1200068686"
"Diospyros philippinensis","Diospyros philippinensis (Kamagong )","PHI","wfo-0000649533"
"Diospyros pyrrhocarpa","Diospyros pyrrhocarpa (Anang )","PHI","wfo-0000649610"
"Dipterocarpus gracilis","Dipterocarpus gracilis (Panao)","PHI","wfo-0000651337"
"Dipterocarpus grandiflorus","Dipterocarpus grandiflorus (Apitong )","PHI","wfo-0000651338"
"Dracontomelon dao","Dracontomelon dao (Dao )","PHI","wfo-0000656361"
"Drypetes grandifolia","Drypetes grandifolia (Katmon-gubat )","PHI","wfo-0000946500"
"Duabanga moluccana","Duabanga moluccana (Loktong )","PHI","wfo-0000657552"
"Durio zibethinus","Durio zibethinus (Durian )","PHI","wfo-0000658098"
"Dysoxylum arborescens","Dysoxylum arborescens","PHI","wfo-0000658485"
"Dysoxylum cumingianum","Dysoxylum cumingianum","PHI","wfo-0000658545"
"Dysoxylum gaudichaudianum","Dysoxylum gaudichaudianum (Igyo)","PHI","wfo-0000658591"
"Dysoxylum parasiticum","Dysoxylum parasiticum","PHI","wfo-0000658751"
"Engelhardia rigida","Engelhardia rigida (Buntan )","PHI","wfo-0000667937"
"Epicharis cumingiana","Epicharis cumingiana (Tara-tara )","PHI","wfo-0000658545"
"Epicharis parasitica","Epicharis parasitica (Balukanag )","PHI","wfo-0000658751"
"Eugenia montalbanica","Eugenia montalbanica (Makopa-gubat/Palyan)","PHI","wfo-0000958170"
"Eugenia rhombea","Eugenia rhombea (Red Stopper)","PHI","wfo-0000958838"
"Falcataria falcata","Falcataria falcata (Falcata )","PHI","wfo-0001330469"
"Ficus balete","Ficus balete (Balete )","PHI","wfo-0000687459"
"Ficus caulocarpa","Ficus caulocarpa (Hagimit )","PHI","wfo-0000687737"
"Ficus congesta","Ficus congesta (Malatibig )","PHI","wfo-0000687892"
"Ficus minahassae","Ficus minahassae (Tibig-gubat )","PHI","wfo-0000689335"
"Ficus nota","Ficus nota (Tibig )","PHI","wfo-0000689470"
"Ficus odorata","Ficus odorata (Pakiling)","PHI","wfo-0000689524"
"Ficus septica","Ficus septica (Hauili )","PHI","wfo-0000690291"
"Ficus variegata","Ficus variegata (Tangisang Bayawak )","PHI","wfo-0000690793"
"Garcinia bicolorata","Garcinia bicolorata (Bunog-agos )","PHI","wfo-0000694166"
"Garcinia celebica","Garcinia celebica (Bunog)","PHI","wfo-0000694214"
"Garcinia forbesii","Garcinia forbesii","PHI","wfo-0000694316"
"Garcinia rubra","Garcinia rubra (Kandis )","PHI","wfo-0000694617"
"Garcinia smeathmanii","Garcinia smeathmanii (Sour mangosteen)","PHI","wfo-0000694653"
"Gardenia pseudopsidium","Gardenia pseudopsidium (Kamuning-gubat )","PHI","wfo-0000919027"
"Garuga floribunda","Garuga floribunda (Bogo )","PHI","wfo-0000694779"
"Glochidion triandrum","Glochidion triandrum (Bagna )","PHI","wfo-0000973622"
"Gnetum gnemon","Gnetum gnemon (Bago )","PHI","wfo-0000795591"
"Gnetum parvifolium","Gnetum parvifolium (Small leaved Gnetum)","PHI","wfo-0000795661"
"Gomphandra luzoniensis","Gomphandra luzoniensis (Mabunot )","PHI","wfo-0000705375"
"Goniocheton arborescens","Goniocheton arborescens (Kamban )","PHI","wfo-0000658485"
"Guioa pleuropteris","Guioa pleuropteris (Bunsikag )","PHI","wfo-0000711881"
"Gymnacranthera farquhariana var. paniculata","Gymnacranthera farquhariana var. paniculata (Duguan )","PHI","wfo-0000712129"
"Homalanthus populneus","Homalanthus populneus (Malabinunga)","PHI","wfo-0000983012"
"Hypobathrum racemosum","Hypobathrum racemosum (Bankoro )","PHI","wfo-0000216348"
"Intsia bijuga","Intsia bijuga (Ipil )","PHI","wfo-0000168901"
"Kleinhovia hospita","Kleinhovia hospita (Tan-ag )","PHI","wfo-0000357456"
"Kokoona ochracea","Kokoona ochracea (Kokoona )","PHI","wfo-0000356517"
"Koordersiodendron pinnatum","Koordersiodendron pinnatum (Amugis )","PHI","wfo-0000356564"
"Korthalsia laciniosa","Korthalsia laciniosa (Rattan )","PHI","wfo-0000221427"
"Lagerstroemia speciosa","Lagerstroemia speciosa (Banaba )","PHI","wfo-0000366693"
"Lansium domesticum","Lansium domesticum (Lanzones )","PHI","wfo-0000658751"
"Leea manillensis","Leea manillensis (Talimtok )","PHI","wfo-0001145839"
"Leucosyke capitellata","Leucosyke capitellata (Malatungao )","PHI","wfo-0000445271"
"Litchi chinensis","Litchi chinensis (Alupag )","PHI","wfo-0000446283"
"Litchi philippinensis","Litchi philippinensis (Alupag-gubat )","PHI","wfo-0000446280"
"Lithocarpus bennettii","Lithocarpus bennettii (Stone Oak )","PHI","wfo-0000229745"
"Lithocarpus philippinensis","Lithocarpus philippinensis (Palayon)","PHI","wfo-0000230162"
"Litsea glutinosa","Litsea glutinosa (Sablot )","PHI","wfo-0000365695"
"Litsea leytensis","Litsea leytensis (Batikuling )","PHI","wfo-0000365685"
"Macaranga bicolor","Macaranga bicolor (Hamindang)","PHI","wfo-0000231831"
"Macaranga grandifolia","Macaranga grandifolia (Takip-asin )","PHI","wfo-0000231974"
"Macaranga tanarius","Macaranga tanarius (Binunga )","PHI","wfo-0000232270"
"Magnolia angatensis","Magnolia angatensis (Balokbok)","PHI","wfo-0000232990"
"Mallotus philippensis","Mallotus philippensis (Banato )","PHI","wfo-0000234691"
"Mangifera altissima","Mangifera altissima (Pahutan )","PHI","wfo-0000372708"
"Mangifera indica","Mangifera indica (Mangga )","PHI","wfo-0000371248"
"Manilkara jaimiqui subsp. emarginata","Manilkara jaimiqui subsp. emarginata (Bansalagin )","PHI","wfo-0000235892"
"Melanolepis multiglandulosa","Melanolepis multiglandulosa (Alim )","PHI","wfo-0000239941"
"Melastoma sanguineum var. sanguineum","Melastoma sanguineum var. sanguineum (Malatungaw )","PHI","wfo-0001083260"
"Mischocarpus pentapetalus","Mischocarpus pentapetalus (Dapil)","PHI","wfo-0001135240"
"Mitrephora lanotan","Mitrephora lanotan (Lanutan )","PHI","wfo-0000371059"
"Mussaenda philippica","Mussaenda philippica (Kahoy-dalaga )","PHI","wfo-0000246724"
"Myristica elliptica","Myristica elliptica (Tanghas )","PHI","wfo-0000447412"
"Myristica fatua","Myristica fatua (Wild duguan)","PHI","wfo-0001255076"
"Myristica fragrans","Myristica fragrans (Duguan )","PHI","wfo-0000447317"
"Myristica philippensis","Myristica philippensis (Tambalau)","PHI","wfo-0001085181"
"Nageia wallichiana","Nageia wallichiana (Bantolinao )","PHI","wfo-0000380815"
"Nauclea orientalis","Nauclea orientalis (Bangkal )","PHI","wfo-0000249611"
"Nauclea subdita","Nauclea subdita (Bulobangkal)","PHI","wfo-0000249680"
"Neolamarckia cadamba","Neolamarckia cadamba (Kaatoan-bangkal )","PHI","wfo-0000250146"
"Neolitsea microphylla","Neolitsea microphylla (Batikuling )","PHI","wfo-0000381776"
"Neonauclea bartlingii","Neonauclea bartlingii (Lisak )","PHI","wfo-0000250231"
"Neonauclea formicaria","Neonauclea formicaria (Malauisak )","PHI","wfo-0000250260"
"Neonauclea media","Neonauclea media (Wisak )","PHI","wfo-0000250289"
"Neonauclea reticulata","Neonauclea reticulata (Malauisak )","PHI","wfo-0000250322"
"Nephelium lappaceum","Nephelium lappaceum (Rambutan )","PHI","wfo-0000381268"
"Nephelium philippinense","Nephelium philippinense (Bulala )","PHI","wfo-0000381268"
"Nephelium ramboutan-ake","Nephelium ramboutan-ake (Kapulasan )","PHI","wfo-0001243912"
"Octomeles sumatrana","Octomeles sumatrana (Binuang )","PHI","wfo-0001035317"
"Omalanthus fastuosus","Omalanthus fastuosus (Buta)","PHI","wfo-0001049314"
"Other or don't know","Other or don't know","PHI",
"Palaquium luzoniense","Palaquium luzoniense (Nato)","PHI","wfo-0000262605"
"Palaquium tenuipetiolatum","Palaquium tenuipetiolatum (Maniknik)","PHI","wfo-0000262708"
"Pangium edule","Pangium edule (Pangi )","PHI","wfo-0001246546"
"Parkia timoriana","Parkia timoriana (Kupang )","PHI","wfo-0000178891"
"Peltophorum pterocarpum","Peltophorum pterocarpum (Narra )","PHI","wfo-0000178769"
"Persea americana","Persea americana (Avocado)","PHI","wfo-0000465160"
"Pittosporum pentandrum","Pittosporum pentandrum (Mamalis )","PHI","wfo-0001094675"
"Planchonella duclitan","Planchonella duclitan (Duklitan)","PHI","wfo-0000274110"
"Planchonella villamilii","Planchonella villamilii (White nato)","PHI","wfo-0001336857"
"Pleioluma foxworthyi","Pleioluma foxworthyi","PHI","wfo-0001336900"
"Podocarpus rumphii","Podocarpus rumphii (Igem )","PHI","wfo-0000485176"
"Polyscias nodosa","Polyscias nodosa (Malapapaya )","PHI","wfo-0000280108"
"Pometia pinnata","Pometia pinnata (Malugai )","PHI","wfo-0000471438"
"Pouteria macrantha","Pouteria macrantha (Palak palak)","PHI","wfo-0000281883"
"Prunus javanica","Prunus javanica (Palawan cherry)","PHI","wfo-0001017632"
"Psydrax dicoccos","Psydrax dicoccos (Malakape )","PHI","wfo-0000288153"
"Pterocarpus indicus","Pterocarpus indicus (Narra )","PHI","wfo-0000172738"
"Pterocymbium tinctorium","Pterocymbium tinctorium (Taluto )","PHI","wfo-0000476006"
"Pterospermum diversifolium","Pterospermum diversifolium (Bayok )","PHI","wfo-0000476043"
"Reutealis trisperma","Reutealis trisperma (Baguilumbang)","PHI","wfo-0000295789"
"Sandoricum koetjape","Sandoricum koetjape (Santol )","PHI","wfo-0000504875"
"Semecarpus cuneiformis","Semecarpus cuneiformis (Ligas )","PHI","wfo-0001284469"
"Sindora supa","Sindora supa (Supa )","PHI","wfo-0000187916"
"Sterculia comosa","Sterculia comosa (Banilad )","PHI","wfo-0000491930"
"Streblus asper","Streblus asper (Kalyos )","PHI","wfo-0001230839"
"Swietenia macrophylla","Swietenia macrophylla (Mahogany )","PHI","wfo-0000505131"
"Swintonia foxworthyi","Swintonia foxworthyi (Kalumpit-gubat )","PHI","wfo-0000435398"
"Syzygium antisepticum","Syzygium antisepticum (Mariig)","PHI","wfo-0000318248"
"Syzygium costulatum","Syzygium costulatum","PHI","wfo-0000318509"
"Syzygium curranii","Syzygium curranii (Balig-ang)","PHI","wfo-0000318527"
"Syzygium hutchinsonii","Syzygium hutchinsonii (Duhat-gubat )","PHI","wfo-0000318776"
"Syzygium nervosum","Syzygium nervosum (Malaruhat )","PHI","wfo-0000319069"
"Syzygium nitidum","Syzygium nitidum (Makaasim )","PHI","wfo-0000319082"
"Syzygium phanerophlebium","Syzygium phanerophlebium","PHI","wfo-0000319209"
"Syzygium polycephaloides","Syzygium polycephaloides (Lipote )","PHI","wfo-0000319228"
"Syzygium xanthophyllum","Syzygium xanthophyllum","PHI","wfo-0000319668"
"Tarenna stenantha","Tarenna stenantha (Tarenna )","PHI","wfo-0000321148"
"Terminalia calamansanai","Terminalia calamansanai (Malakalumpit )","PHI","wfo-0000406936"
"Terminalia citrina","Terminalia citrina","PHI","wfo-0000406973"
"Terminalia foetidissima","Terminalia foetidissima (Anislag )","PHI","wfo-0000408768"
"Terminalia microcarpa","Terminalia microcarpa (Kalumpit )","PHI","wfo-0000408867"
"Terminalia nitens","Terminalia nitens (Asik-asik)","PHI","wfo-0000408796"
"Toona calantas","Toona calantas (Kalantas )","PHI","wfo-0000455532"
"Trema orientalis","Trema orientalis (Anabiong )","PHI","wfo-0000457758"
"Trichospermum discolor","Trichospermum discolor (Balobo )","PHI","wfo-0000456993"
"Tristaniopsis decorticata","Tristaniopsis decorticata (Malabayabas )","PHI","wfo-0000328606"
"Tritaxis malayana","Tritaxis malayana (Anonang-gubat )","PHI","wfo-1000001819"
"Vitex parviflora","Vitex parviflora (Molave )","PHI","wfo-0000333342"
"Vitex pinnata","Vitex pinnata (Mulawin )","PHI","wfo-0000333365"
"Vitex turczaninowii","Vitex turczaninowii (Lingo-lingo )","PHI","wfo-0000333518"
"Voacanga globosa","Voacanga globosa (Bayag-usa )","PHI","wfo-0000333625"
"Wrightia pubescens","Wrightia pubescens (Lanete )","PHI","wfo-0000334559"
"Anacardium occidentale","Anacardium occidentale (Cajueiro)","POL","wfo-0000533072"
"Anadenanthera colubrina","Anadenanthera colubrina (Angico)","POL","wfo-0000169564"
"Bauhinia longifolia","Bauhinia longifolia (Pata-De-Vaca Do Campo)","POL","wfo-0000178467"
"Bixa orellana","Bixa orellana (Urucum)","POL","wfo-0000342565"
"Calophyllum brasiliense","Calophyllum brasiliense (Guanandi, Olandi)","POL","wfo-0000581058"
"Cariniana legalis","Cariniana legalis (Jequitibá-Rosa)","POL","wfo-0000775066"
"Cecropia hololeuca","Cecropia hololeuca (Embaúba-Prateada)","POL","wfo-0000592236"
"Ceiba speciosa","Ceiba speciosa (Painera, Barriguda, Barriguda-De-Espinho)","POL","wfo-0000592612"
"Citharexylum","Citharexylum","POL","wfo-4000008399"
"Citharexylum myrianthum","Citharexylum myrianthum (Tucaneiro, Pau-De-Viola)","POL","wfo-0000867825"
"Citharexylum sp.","Citharexylum sp. (Pau-Viola, Tarumã)","POL","wfo-4000008399"
"Colubrina","Colubrina","POL","wfo-4000008985"
"Colubrina glandulosa","Colubrina glandulosa (Sobragi, Sobrasil, Saguari, Falso-Pau-Ferro, Sabiá-Do-Mato, Socorujuva)","POL","wfo-0000615244"
"Colubrina sp.","Colubrina sp. (Saguaraji, Quina-Do-Mato)","POL","wfo-4000008985"
"Cordia trichotoma","Cordia trichotoma (Louro-Pardo)","POL","wfo-0000621058"
"Croton floribundus","Croton floribundus (Capixingui)","POL","wfo-0000927983"
"Croton urucurana","Croton urucurana (Sangra D’Água)","POL","wfo-0000932652"
"Enterolobium contortisiliquum","Enterolobium contortisiliquum (Timbaúva, Tamboril)","POL","wfo-0000194820"
"Euterpe oleracea","Euterpe oleracea (Açaí)","POL","wfo-0000965687"
"Gallesia integrifolia","Gallesia integrifolia (Pau-D'Alho)","POL","wfo-0000693929"
"Genipa americana","Genipa americana (Jenipapo)","POL","wfo-0000971808"
"Guazuma","Guazuma","POL","wfo-4000016320"
"Guazuma sp.","Guazuma sp. (Mutamba, Guaxima)","POL","wfo-4000016320"
"Guazuma ulmifolia","Guazuma ulmifolia (Mutamba, Mutambo, Mucungo, Fruta-De-Macaco)","POL","wfo-0000711645"
"Handroanthus chrysotrichus","Handroanthus chrysotrichus (Ipê-Amarelo)","POL","wfo-0000778587"
"Handroanthus impetiginosus","Handroanthus impetiginosus (Ipê Roxo, Ipê Rosa)","POL","wfo-0000778595"
"Inga edulis","Inga edulis (Ingá-Cipó)","POL","wfo-0000175962"
"Inga laurina","Inga laurina (Inga Laurina, Ingá-Branco, Ingá-Do-Brejo)","POL","wfo-0000183520"
"Inga vera","Inga vera (Ingá Do Rio, Ingá Do Brejo)","POL","wfo-0000173675"
"Iochroma arborescens","Iochroma arborescens (Fruto De Sabiá)","POL","wfo-0001354497"
"Jacaranda brasiliana","Jacaranda brasiliana (Jacarandá Boca De Sapo)","POL","wfo-0000778814"
"Joannesia princeps","Joannesia princeps (Boleira, Anda-Assú, Cotieira)","POL","wfo-0000220129"
"Lafoensia pacari","Lafoensia pacari (Pacari, Cambará)","POL","wfo-0001075982"
"Mabea fistulifera","Mabea fistulifera (Mabea)","POL","wfo-0000231651"
"Margaritaria nobilis","Margaritaria nobilis (Margaritária, Pérola-Vegetal)","POL","wfo-0000236325"
"Mimosa bimucronata","Mimosa bimucronata (Maricá)","POL","wfo-0000164376"
"Myracrodruon urundeuva","Myracrodruon urundeuva (Aroeira, Aroeira-Preta, Aroeira-Do-Sertão, Uriunduba)","POL","wfo-0001050974"
"Other or don't know","Other or don't know","POL",
"Parapiptadenia rigida","Parapiptadenia rigida (Angico, Angico‑Branco, Paricá)","POL","wfo-0000168342"
"Pseudalbizzia niopoides","Pseudalbizzia niopoides (Angico Branco, Angico)","POL","wfo-1000040151"
"Psidium guineense","Psidium guineense (Araçá-Da-Praia, Araçá-Mirim, Goiabinha)","POL","wfo-0000284428"
"Sapindus saponaria","Sapindus saponaria (Saboeiro, Sabão‑De‑Sapo, Saboeiro)","POL","wfo-0000493168"
"Schinus terebinthifolia","Schinus terebinthifolia (Aroeira, Pimenta Rosa)","POL","wfo-0000435152"
"Schizolobium parahyba","Schizolobium parahyba (Guapuruvú)","POL","wfo-0000186738"
"Senegalia polyphylla","Senegalia polyphylla (Angiquinho, Angico-Branco, Espinheiro)","POL","wfo-0000184469"
"Sloanea guianensis","Sloanea guianensis (Urucurana, Gindiba)","POL","wfo-0000499170"
"Spondias mombin","Spondias mombin (Cajá, Cajazeira, Cajá-Mirim, Taperebá)","POL","wfo-0000435470"
"Tabebuia rosea","Tabebuia rosea (Ipê‑Rosa, Ipê‑Rosa)","POL","wfo-0000780302"
"Tabebuia roseoalba","Tabebuia roseoalba (Ipê-Branco)","POL","wfo-0000780753"
"Theobroma cacao","Theobroma cacao (Cacau)","POL","wfo-0000458440"
"Triplaris americana","Triplaris americana (Pau-Formiga)","POL","wfo-0000454468"
"Zeyheria tuberculosa","Zeyheria tuberculosa (Ipê-Felpudo)","POL","wfo-0000780396"
"Acer campestre","Acer campestre (Erable champêtre)","RCH","wfo-0000514040"
"Acer campestre","Acer campestre","RCH","wfo-0000514040"
"Acer platanoides","Acer platanoides (Erable plane)","RCH","wfo-0000514884"
"Acer platanoides","Acer platanoides","RCH","wfo-0000514884"
"Acer pseudoplatanus","Acer pseudoplatanus (Erable sycomore)","RCH","wfo-0000514908"
"Acer pseudoplatanus","Acer pseudoplatanus","RCH","wfo-0000514908"
"Betula pendula","Betula pendula (Bouleau verruqueux)","RCH","wfo-0000335449"
"Betula pendula","Betula pendula","RCH","wfo-0000335449"
"Carpinus","Carpinus","RCH","wfo-4000006782"
"Carpinus betulus","Carpinus betulus (Charme commun)","RCH","wfo-0000804581"
"Carpinus betulus","Carpinus betulus","RCH","wfo-0000804581"
"Carpinus sp.","Carpinus sp. (Charme)","RCH","wfo-4000006782"
"Castanea sativa","Castanea sativa (Châtaigner)","RCH","wfo-0000812271"
"Castanea sativa","Castanea sativa","RCH","wfo-0000812271"
"Cedrus atlantica","Cedrus atlantica (Cèdre de l'Atlas)","RCH","wfo-0000592525"
"Cedrus atlantica","Cedrus atlantica","RCH","wfo-0000592525"
"Fagus sylvatica","Fagus sylvatica (Hêtre commun)","RCH","wfo-0000966507"
"Fagus sylvatica","Fagus sylvatica","RCH","wfo-0000966507"
"Larix decidua","Larix decidua (Mélèze d'Europe)","RCH","wfo-0000443338"
"Larix decidua","Larix decidua","RCH","wfo-0000443338"
"Other or don't know","Other or don't know","RCH",
"Pinus pinaster","Pinus pinaster (Pin maritime)","RCH","wfo-0000481910"
"Pinus pinaster","Pinus pinaster","RCH","wfo-0000481910"
"Pinus sylvestris","Pinus sylvestris (Pin sylvestre)","RCH","wfo-0000481648"
"Pinus sylvestris","Pinus sylvestris","RCH","wfo-0000481648"
"Populus","Populus","RCH","wfo-4000030925"
"Populus sp.","Populus sp. (Peuplier)","RCH","wfo-4000030925"
"Pourthiaea villosa","Pourthiaea villosa (Alisizer torminal)","RCH","wfo-0001016652"
"Pourthiaea villosa","Pourthiaea villosa","RCH","wfo-0001016652"
"Prunus avium","Prunus avium (Merisier)","RCH","wfo-0001006607"
"Prunus avium","Prunus avium","RCH","wfo-0001006607"
"Quercus","Quercus","RCH","wfo-4000032377"
"Quercus petraea","Quercus petraea (Chêne sessie)","RCH","wfo-0000292459"
"Quercus petraea","Quercus petraea","RCH","wfo-0000292459"
"Quercus pubescens","Quercus pubescens (Chêne pubescent)","RCH","wfo-0000292685"
"Quercus pubescens","Quercus pubescens","RCH","wfo-0000292685"
"Quercus robur","Quercus robur (Chêne pédonculé)","RCH","wfo-0000292858"
"Quercus robur","Quercus robur","RCH","wfo-0000292858"
"Quercus sp.","Quercus sp. (Chêne)","RCH","wfo-4000032377"
"Sorbus aucuparia","Sorbus aucuparia (Sorbier des oiseleurs)","RCH","wfo-0001016186"
"Sorbus aucuparia","Sorbus aucuparia","RCH","wfo-0001016186"
"Tilia cordata","Tilia cordata (Tilleul à petites feuilles)","RCH","wfo-0000457451"
"Tilia cordata","Tilia cordata","RCH","wfo-0000457451"
"Tilia platyphyllos","Tilia platyphyllos (Tilleul à grandes feuilles)","RCH","wfo-0000456948"
"Tilia platyphyllos","Tilia platyphyllos","RCH","wfo-0000456948"
"Genista scorpius","Genista scorpius (Aliaga, Aulaga, Argoma)","RPA","wfo-0000213360"
"Genista scorpius","Genista scorpius","RPA","wfo-0000213360"
"Juniperus communis","Juniperus communis (Enebro común)","RPA","wfo-0000355532"
"Juniperus communis","Juniperus communis","RPA","wfo-0000355532"
"Juniperus oxycedrus","Juniperus oxycedrus (Enebro rojo, Enebro de la miera, Oxicedro, Cade)","RPA","wfo-0000355658"
"Juniperus oxycedrus","Juniperus oxycedrus","RPA","wfo-0000355658"
"Juniperus thurifera","Juniperus thurifera (Sabina albar, Enebro, Trabino)","RPA","wfo-0000353681"
"Juniperus thurifera","Juniperus thurifera","RPA","wfo-0000353681"
"Other or don't know","Other or don't know","RPA",
"Pinus halepensis","Pinus halepensis (Pino carrasco, Pino blanco)","RPA","wfo-0000481363"
"Pinus halepensis","Pinus halepensis","RPA","wfo-0000481363"
"Pinus nigra","Pinus nigra (Pino salgareño, Pino laricio, Pino negral)","RPA","wfo-0000481696"
"Pinus nigra","Pinus nigra","RPA","wfo-0000481696"
"Pinus pinea","Pinus pinea (Pino piñonero, Pino manso, Pino doncel)","RPA","wfo-0000481895"
"Pinus pinea","Pinus pinea","RPA","wfo-0000481895"
"Quercus faginea","Quercus faginea (Quejigo, Rebollo, Roble carrasqueño)","RPA","wfo-0000290710"
"Quercus faginea","Quercus faginea","RPA","wfo-0000290710"
"Quercus ilex","Quercus ilex (Encina, Carrasca, Chaparro)","RPA","wfo-0000291202"
"Quercus ilex","Quercus ilex","RPA","wfo-0000291202"
"Spartium junceum","Spartium junceum (Gayomba, Retama de olor, Genista de España)","RPA","wfo-0000213405"
"Spartium junceum","Spartium junceum","RPA","wfo-0000213405"
"Arbutus unedo","Arbutus unedo (Medronheiro, Ervedeiro, Êrvedo)","RPR","wfo-0000543204"
"Arbutus unedo","Arbutus unedo","RPR","wfo-0000543204"
"Other or don't know","Other or don't know","RPR",
"Pinus pinaster","Pinus pinaster (Pinheiro-bravo, Pinheiro-marítimo)","RPR","wfo-0000481910"
"Pinus pinaster","Pinus pinaster","RPR","wfo-0000481910"
"Quercus suber","Quercus suber (Sobreiro, Sobro, Chaparro)","RPR","wfo-0000293451"
"Quercus suber","Quercus suber","RPR","wfo-0000293451"
"Other or don't know","Other or don't know","TCA",
"Picea engelmannii","Picea engelmannii (Engelmann Spruce, Mountain Spruce)","TCA","wfo-0000482495"
"Picea glauca","Picea glauca (White Spruce, Canadian Spruce)","TCA","wfo-0000482539"
"Pinus ponderosa","Pinus ponderosa (Ponderosa Pine, Yellow Pine)","TCA","wfo-0000481903"
"Populus tremuloides","Populus tremuloides (Trembling Aspen, Quaking Aspen)","TCA","wfo-0000928260"
"Pseudotsuga menziesii","Pseudotsuga menziesii (Douglas-Fir, Coastal Douglas-Fir)","TCA","wfo-0000478194"
"Pseudotsuga menziesii var. glauca","Pseudotsuga menziesii var. glauca (Interior Douglas-Fir, Rocky Mountain Douglas-Fir)","TCA","wfo-0000490638"
"Aegle marmelos","Aegle marmelos","THA","wfo-0000521533"
"Afzelia xylocarpa","Afzelia xylocarpa","THA","wfo-0000186209"
"Alangium salviifolium","Alangium salviifolium","THA","wfo-0000937579"
"Ardisia polycephala","Ardisia polycephala","THA","wfo-0000544941"
"Azadirachta indica","Azadirachta indica","THA","wfo-0000557668"
"Bambusa","Bambusa","THA","wfo-4000004002"
"Chukrasia tabularis","Chukrasia tabularis","THA","wfo-0000604169"
"Dalbergia cochinchinensis","Dalbergia cochinchinensis","THA","wfo-0000199943"
"Dalbergia cultrata","Dalbergia cultrata","THA","wfo-0000199944"
"Dalbergia oliveri","Dalbergia oliveri","THA","wfo-0000199984"
"Dalbergia parviflora","Dalbergia parviflora","THA","wfo-0000185087"
"Dipterocarpus","Dipterocarpus","THA","wfo-4000012080"
"Dipterocarpus alatus","Dipterocarpus alatus","THA","wfo-0000651281"
"Dipterocarpus intricatus","Dipterocarpus intricatus","THA","wfo-0000651354"
"Dipterocarpus obtusifolius","Dipterocarpus obtusifolius","THA","wfo-0000651386"
"Dolichandrone serrulata","Dolichandrone serrulata","THA","wfo-0000782270"
"Elaeocarpus grandiflorus","Elaeocarpus grandiflorus","THA","wfo-0000664315"
"Ficus racemosa","Ficus racemosa","THA","wfo-0000689977"
"Gnetum gnemon var. tenerum","Gnetum gnemon var. tenerum","THA","wfo-0001380870"
"Koompassia excelsa","Koompassia excelsa","THA","wfo-0000193200"
"Other or don't know","Other or don't know","THA",
"Phyllanthus emblica","Phyllanthus emblica","THA","wfo-0000270932"
"Pterocarpus macrocarpus","Pterocarpus macrocarpus","THA","wfo-0000194875"
"Senna siamea","Senna siamea","THA","wfo-0000164745"
"Sindora siamensis","Sindora siamensis","THA","wfo-0000199677"
"Swietenia macrophylla","Swietenia macrophylla","THA","wfo-0000505131"
"Tamarindus indica","Tamarindus indica","THA","wfo-0000170926"
"Tectona grandis","Tectona grandis","THA","wfo-0000321229"
"Terminalia bellirica","Terminalia bellirica","THA","wfo-0001296467"
"Triplaris cumingiana","Triplaris cumingiana","THA","wfo-0000454312"
"Adiantum capillus-veneris","Adiantum capillus-veneris","TOA","wfo-0001109469"
"Aframomum angustifolium","Aframomum angustifolium","TOA","wfo-0000338040"
"Albizia gummifera","Albizia gummifera","TOA","wfo-0000183535"
"Albizia lebbeck","Albizia lebbeck","TOA","wfo-0000184271"
"Annona squamosa","Annona squamosa","TOA","wfo-0000537947"
"Artocarpus heterophyllus","Artocarpus heterophyllus","TOA","wfo-0000550491"
"Baudouinia flueggeiformis","Baudouinia flueggeiformis","TOA","wfo-0000195768"
"Brachylaena elliptica","Brachylaena elliptica","TOA","wfo-0000126043"
"Brachylaena perrieri","Brachylaena perrieri","TOA","wfo-0000083845"
"Cajanus cajan","Cajanus cajan","TOA","wfo-0000179103"
"Canarium madagascariense","Canarium madagascariense","TOA","wfo-0000583603"
"Cinnamosma fragrans","Cinnamosma fragrans","TOA","wfo-0000605548"
"Citrus chilensis","Citrus chilensis","TOA","wfo-0000607973"
"Citrus x aurantium","Citrus x aurantium","TOA","wfo-0000607909"
"Cnestis polyphylla","Cnestis polyphylla","TOA","wfo-0000612730"
"Coffea arabica","Coffea arabica","TOA","wfo-0000910097"
"Cordia africana","Cordia africana","TOA","wfo-0000620224"
"Croton noronhae","Croton noronhae","TOA","wfo-0000931833"
"Diospyros","Diospyros","TOA","wfo-4000011857"
"Dracaena reflexa","Dracaena reflexa","TOA","wfo-0000765906"
"Dracunculus vulgaris","Dracunculus vulgaris","TOA","wfo-0000945756"
"Ehretia corymbosa","Ehretia corymbosa","TOA","wfo-0001215689"
"Entada chrysostachys","Entada chrysostachys","TOA","wfo-0000211417"
"Entada louvelii","Entada louvelii","TOA","wfo-0000195892"
"Eriobotrya japonica","Eriobotrya japonica","TOA","wfo-0000986002"
"Erythrina variegata","Erythrina variegata","TOA","wfo-0000181193"
"Erythroxylum ampullaceum","Erythroxylum ampullaceum","TOA","wfo-0000679674"
"Erythroxylum sphaeranthum","Erythroxylum sphaeranthum","TOA","wfo-0000680115"
"Eucalyptus camaldulensis","Eucalyptus camaldulensis","TOA","wfo-0000954597"
"Eucalyptus robusta","Eucalyptus robusta","TOA","wfo-0000955809"
"Eugenia cloiselii","Eugenia cloiselii","TOA","wfo-0000956851"
"Eugenia hirta","Eugenia hirta","TOA","wfo-0000957562"
"Euphorbia stenoclada","Euphorbia stenoclada","TOA","wfo-0000964883"
"Ficus lutea","Ficus lutea","TOA","wfo-0000689147"
"Ficus polita","Ficus polita","TOA","wfo-0001084781"
"Ficus reflexa","Ficus reflexa","TOA","wfo-0000690015"
"Ficus rubra","Ficus rubra","TOA","wfo-0000690116"
"Grevillea robusta","Grevillea robusta","TOA","wfo-0000709544"
"Harungana madagascariensis","Harungana madagascariensis","TOA","wfo-0000716096"
"Hymenaea verrucosa","Hymenaea verrucosa","TOA","wfo-0000168651"
"Ilex mitis","Ilex mitis","TOA","wfo-0000729632"
"Intsia bijuga","Intsia bijuga","TOA","wfo-0000168901"
"Justicia","Justicia","TOA","wfo-4000019746"
"Justicia adhatoda","Justicia adhatoda","TOA","wfo-0000354128"
"Lantana camara","Lantana camara","TOA","wfo-0000223016"
"Lasiosiphon danguyanus","Lasiosiphon danguyanus","TOA","wfo-0001421785"
"Leptadenia madagascariensis","Leptadenia madagascariensis","TOA","wfo-0001102162"
"Litchi chinensis","Litchi chinensis","TOA","wfo-0000446283"
"Lobanilia bakeriana","Lobanilia bakeriana","TOA","wfo-0000230466"
"Macaranga alnifolia","Macaranga alnifolia","TOA","wfo-0000231795"
"Macaranga obovata","Macaranga obovata","TOA","wfo-0000232134"
"Majidea zanguebarica","Majidea zanguebarica","TOA","wfo-0001135067"
"Malus domestica","Malus domestica","TOA","wfo-0001008355"
"Malus spectabilis","Malus spectabilis","TOA","wfo-0001131696"
"Mangifera indica","Mangifera indica","TOA","wfo-0000371248"
"Manihot esculenta","Manihot esculenta","TOA","wfo-0000235507"
"Musa x paradisiaca","Musa x paradisiaca","TOA","wfo-0000474656"
"Nuxia capitata","Nuxia capitata","TOA","wfo-0000797416"
"Other or don't know","Other or don't know","TOA",
"Paropsia edulis","Paropsia edulis","TOA","wfo-0001090928"
"Persea americana","Persea americana","TOA","wfo-0000465160"
"Phyllanthus casticum","Phyllanthus casticum","TOA","wfo-0000270682"
"Phyllarthron bojerianum","Phyllarthron bojerianum","TOA","wfo-0000779277"
"Physena sessiliflora","Physena sessiliflora","TOA","wfo-0000627474"
"Pinus kesiya","Pinus kesiya","TOA","wfo-0000481052"
"Popowia pisocarpa","Popowia pisocarpa","TOA","wfo-0000393922"
"Prunus persica","Prunus persica","TOA","wfo-0001005418"
"Psiadia altissima","Psiadia altissima","TOA","wfo-1000043685"
"Psidium cattleyanum","Psidium cattleyanum","TOA","wfo-0001319200"
"Psidium guajava","Psidium guajava","TOA","wfo-0000284421"
"Psorospermum amplifolium","Psorospermum amplifolium","TOA","wfo-0001295825"
"Pterophylla aggregata","Pterophylla aggregata","TOA","wfo-1000028588"
"Pterophylla madagascariensis","Pterophylla madagascariensis","TOA","wfo-1000028623"
"Saccharum officinarum","Saccharum officinarum","TOA","wfo-0000896660"
"Schinus terebinthifolia","Schinus terebinthifolia","TOA","wfo-0000435152"
"Spondias dulcis","Spondias dulcis","TOA","wfo-0000435462"
"Streblus dimepate","Streblus dimepate","TOA","wfo-0001084938"
"Streblus mauritianus","Streblus mauritianus","TOA","wfo-0000505943"
"Syzygium aromaticum","Syzygium aromaticum","TOA","wfo-0000318267"
"Syzygium cumini","Syzygium cumini","TOA","wfo-0000318521"
"Syzygium parkeri","Syzygium parkeri","TOA","wfo-0000319167"
"Syzygium verrucosum","Syzygium verrucosum","TOA","wfo-0000319620"
"Tamarindus indica","Tamarindus indica","TOA","wfo-0000170926"
"Tambourissa madagascariensis","Tambourissa madagascariensis","TOA","wfo-0001084523"
"Tarenna alleizettei","Tarenna alleizettei","TOA","wfo-0000800896"
"Thecacoris madagascariensis","Thecacoris madagascariensis","TOA","wfo-0000322792"
"Thilachium angustifolium","Thilachium angustifolium","TOA","wfo-0001290412"
"Tina isoneura","Tina isoneura","TOA","wfo-0001135061"
"Tina striata","Tina striata","TOA","wfo-0001135064"
"Tina thouarsiana","Tina thouarsiana","TOA","wfo-0001135072"
"Trema humbertii","Trema humbertii","TOA","wfo-0000457795"
"Trema orientalis","Trema orientalis","TOA","wfo-0000457758"
"Triumfetta rhomboidea","Triumfetta rhomboidea","TOA","wfo-0000457668"
"Uapaca amplifolia","Uapaca amplifolia","TOA","wfo-0000328998"
"Vanilla planifolia","Vanilla planifolia","TOA","wfo-0000331533"
"Weinmannia tomentosa","Weinmannia tomentosa","TOA","wfo-0000427135"
"Avicennia marina","Avicennia marina (Grey mangrove; Qurm)","UAE",
"Other or don't know","Other or don't know","UAE",
"Annona cherimola","Annona cherimola","UCI","wfo-0000537707"
"Annona muricata","Annona muricata","UCI","wfo-0000537848"
"Annona purpurea","Annona purpurea","UCI","wfo-0000537901"
"Annona squamosa","Annona squamosa","UCI","wfo-0000537947"
"Annona sylvatica","Annona sylvatica","UCI","wfo-0000537958"
"Apeiba tibourbou","Apeiba tibourbou","UCI","wfo-0000539840"
"Apocynaceae","Apocynaceae","UCI","wfo-7000000038"
"Bauhinia divaricata","Bauhinia divaricata","UCI","wfo-0000183531"
"Bixa orellana","Bixa orellana","UCI","wfo-0000342565"
"Bursera bipinnata","Bursera bipinnata","UCI","wfo-0000576134"
"Bursera simaruba","Bursera simaruba","UCI","wfo-0000576316"
"Byrsonima bucidifolia","Byrsonima bucidifolia","UCI","wfo-0000576745"
"Byrsonima crassifolia","Byrsonima crassifolia","UCI","wfo-0000576794"
"Calophyllum brasiliense","Calophyllum brasiliense","UCI","wfo-0000581058"
"Calycophyllum candidissimum","Calycophyllum candidissimum","UCI","wfo-0000782062"
"Cecropia obtusifolia","Cecropia obtusifolia","UCI","wfo-0000592286"
"Cecropia peltata","Cecropia peltata","UCI","wfo-0000592298"
"Cedrela odorata","Cedrela odorata","UCI","wfo-0000592446"
"Ceiba pentandra","Ceiba pentandra","UCI","wfo-0000592594"
"Celosia argentea","Celosia argentea","UCI","wfo-0000593019"
"Cestrum nocturnum","Cestrum nocturnum","UCI","wfo-0001020728"
"Cestrum tomentosum","Cestrum tomentosum","UCI","wfo-0001020946"
"Chrysobalanus icaco","Chrysobalanus icaco","UCI","wfo-0000830291"
"Citrus","Citrus","UCI","wfo-4000008411"
"Citrus hystrix","Citrus hystrix","UCI","wfo-0000608056"
"Citrus limon","Citrus limon","UCI","wfo-0001133139"
"Citrus x aurantium","Citrus x aurantium","UCI","wfo-0000607909"
"Clethra mexicana","Clethra mexicana","UCI","wfo-0000889388"
"Coccoloba barbadensis","Coccoloba barbadensis","UCI","wfo-0000613007"
"Coccoloba uvifera","Coccoloba uvifera","UCI","wfo-0000613437"
"Coffea arabica","Coffea arabica","UCI","wfo-0000910097"
"Coffea canephora","Coffea canephora","UCI","wfo-0000910571"
"Cojoba arborea","Cojoba arborea","UCI","wfo-0000171255"
"Cordia","Cordia","UCI","wfo-4000009266"
"Cordia alliodora","Cordia alliodora","UCI","wfo-0000620227"
"Cordia elaeagnoides","Cordia elaeagnoides","UCI","wfo-0000620447"
"Cordia megalantha","Cordia megalantha","UCI","wfo-0000620725"
"Crescentia alata","Crescentia alata","UCI","wfo-0000782020"
"Critonia quadrangularis","Critonia quadrangularis","UCI","wfo-0000047025"
"Croton draco","Croton draco","UCI","wfo-0000927862"
"Cupania belizensis","Cupania belizensis","UCI","wfo-0000629406"
"Cupania dentata","Cupania dentata","UCI","wfo-0000629437"
"Cupania guatemalensis","Cupania guatemalensis","UCI","wfo-0000629487"
"Deguelia urucu","Deguelia urucu","UCI","wfo-0001340817"
"Deguelia utilis","Deguelia utilis","UCI","wfo-0001286043"
"Dendropanax","Dendropanax","UCI","wfo-4000011096"
"Dendropanax arboreus","Dendropanax arboreus","UCI","wfo-0000941578"
"Dioscorea","Dioscorea","UCI","wfo-4000011843"
"Diphysa americana","Diphysa americana","UCI","wfo-0000210419"
"Ehretia tinifolia","Ehretia tinifolia","UCI","wfo-0000663557"
"Enterolobium cyclocarpum","Enterolobium cyclocarpum","UCI","wfo-0000194821"
"Eysenhardtia polystachya","Eysenhardtia polystachya","UCI","wfo-0000165921"
"Gliricidia sepium","Gliricidia sepium","UCI","wfo-0000178022"
"Gmelina arborea","Gmelina arborea","UCI","wfo-0001144396"
"Gonzalagunia panamensis","Gonzalagunia panamensis","UCI","wfo-0000974537"
"Guarea guidonia","Guarea guidonia","UCI","wfo-0000710909"
"Guazuma ulmifolia","Guazuma ulmifolia","UCI","wfo-0000711645"
"Hampea trilobata","Hampea trilobata","UCI","wfo-0001077751"
"Heliocarpus","Heliocarpus","UCI","wfo-4000017249"
"Hibiscus elatus","Hibiscus elatus","UCI","wfo-0000722515"
"Hibiscus tiliaceus","Hibiscus tiliaceus","UCI","wfo-1000064164"
"Huberodendron patinoi","Huberodendron patinoi","UCI","wfo-0001214930"
"Hymenaea courbaril","Hymenaea courbaril","UCI","wfo-0000168642"
"Inga paterno","Inga paterno","UCI","wfo-0000165758"
"Inga punctata","Inga punctata","UCI","wfo-0000182126"
"Inga vera","Inga vera","UCI","wfo-0000173675"
"Inga vera subsp. vera","Inga vera subsp. vera","UCI","wfo-0000179944"
"Laurus nobilis","Laurus nobilis","UCI","wfo-0000364153"
"Leucaena leucocephala","Leucaena leucocephala","UCI","wfo-0000164084"
"Lippia umbellata","Lippia umbellata","UCI","wfo-0000229216"
"Liquidambar styraciflua","Liquidambar styraciflua","UCI","wfo-0000364015"
"Lonchocarpus eriocarinalis","Lonchocarpus eriocarinalis","UCI","wfo-0000164476"
"Lonchocarpus guatemalensis","Lonchocarpus guatemalensis","UCI","wfo-0000173718"
"Magnolia hernandezii","Magnolia hernandezii","UCI","wfo-0000233198"
"Mangifera indica","Mangifera indica","UCI","wfo-0000371248"
"Miconia xalapensis","Miconia xalapensis","UCI","wfo-0001258626"
"Monstera deliciosa","Monstera deliciosa","UCI","wfo-0000245734"
"Morisonia bonifaziana","Morisonia bonifaziana","UCI","wfo-0001423821"
"Mosquitoxylum jamaicense","Mosquitoxylum jamaicense","UCI","wfo-0000372346"
"Muntingia calabura","Muntingia calabura","UCI","wfo-0000451606"
"Musa","Musa","UCI","wfo-4000025011"
"Other or don't know","Other or don't know","UCI",
"Parkinsonia aculeata","Parkinsonia aculeata","UCI","wfo-0000170206"
"Parkinsonia microphylla","Parkinsonia microphylla","UCI","wfo-0000168353"
"Persea americana","Persea americana","UCI","wfo-0000465160"
"Petiveria alliacea","Petiveria alliacea","UCI","wfo-0000481950"
"Pinus chiapensis","Pinus chiapensis","UCI","wfo-0000482269"
"Piscidia piscipula","Piscidia piscipula","UCI","wfo-0000168417"
"Platymiscium dimorphandrum","Platymiscium dimorphandrum","UCI","wfo-0000169436"
"Pouteria glomerata","Pouteria glomerata","UCI","wfo-0000281780"
"Pouteria sapota","Pouteria sapota","UCI","wfo-0000282077"
"Prunus webbii","Prunus webbii","UCI","wfo-0000996499"
"Pseudalbizzia tomentosa","Pseudalbizzia tomentosa","UCI","wfo-1000040149"
"Psydrax odorata","Psydrax odorata","UCI","wfo-0000288192"
"Quercus","Quercus","UCI","wfo-4000032377"
"Quercus acutifolia","Quercus acutifolia","UCI","wfo-0000289376"
"Quercus devia","Quercus devia","UCI","wfo-0000290495"
"Quercus laurina","Quercus laurina","UCI","wfo-0000291646"
"Quercus robur","Quercus robur","UCI","wfo-0000292858"
"Quercus sideroxyla","Quercus sideroxyla","UCI","wfo-0000293283"
"Quercus xalapensis","Quercus xalapensis","UCI","wfo-0000293945"
"Roseodendron donnell-smithii","Roseodendron donnell-smithii","UCI","wfo-0000779516"
"Sapindus saponaria","Sapindus saponaria","UCI","wfo-0000493168"
"Saurauia scabrida","Saurauia scabrida","UCI","wfo-0000500915"
"Schizolobium parahyba","Schizolobium parahyba","UCI","wfo-0000186738"
"Spondias mombin","Spondias mombin","UCI","wfo-0000435470"
"Spondias purpurea","Spondias purpurea","UCI","wfo-0000435489"
"Swietenia macrophylla","Swietenia macrophylla","UCI","wfo-0000505131"
"Tabebuia rosea","Tabebuia rosea","UCI","wfo-0000780302"
"Tapirira mexicana","Tapirira mexicana","UCI","wfo-0000409506"
"Terminalia amazonia","Terminalia amazonia","UCI","wfo-0000406977"
"Theobroma cacao","Theobroma cacao","UCI","wfo-0000458440"
"Trema micranthum","Trema micranthum","UCI","wfo-0000457786"
"Trichilia havanensis","Trichilia havanensis","UCI","wfo-0000459731"
"Trichilia martiana","Trichilia martiana","UCI","wfo-0000455461"
"Trichospermum mexicanum","Trichospermum mexicanum","UCI","wfo-0000457318"
"Vochysia vismiifolia","Vochysia vismiifolia","UCI","wfo-0000424534"
"Wisteria sinensis","Wisteria sinensis","UCI","wfo-0000214070"
"Xanthophyllum","Xanthophyllum","UCI","wfo-4000040889"
"Zanthoxylum","Zanthoxylum","UCI","wfo-4000041155"
"Zanthoxylum fagara","Zanthoxylum fagara","UCI","wfo-0000429502"
"Zanthoxylum rhoifolium","Zanthoxylum rhoifolium","UCI","wfo-0000429355"
"Zanthoxylum riedelianum","Zanthoxylum riedelianum","UCI","wfo-0000429350"
"Afzelia quanzensis","Afzelia quanzensis (Msambafumu)","WFZ","wfo-0000211863"
"Aganope stuhlmannii","Aganope stuhlmannii (Mlonde)","WFZ","wfo-0001033792"
"Albizia lebbeck","Albizia lebbeck (Mtangatanga)","WFZ","wfo-0000184271"
"Annona senegalensis","Annona senegalensis (Mungwina)","WFZ","wfo-0000537928"
"Azanza garckeana","Azanza garckeana (Matowo)","WFZ","wfo-0000455942"
"Boscia salicifolia","Boscia salicifolia (Muwawani)","WFZ","wfo-0000569565"
"Brachylaena huillensis","Brachylaena huillensis (Muhugu)","WFZ","wfo-0000024237"
"Breonadia salicina","Breonadia salicina (Mng'ona)","WFZ","wfo-0000409480"
"Bridelia micrantha","Bridelia micrantha (Mlewezi)","WFZ","wfo-0000421441"
"Colophospermum mopane","Colophospermum mopane (Mopane)","WFZ","wfo-0001057638"
"Combretum molle","Combretum molle (Mnyozi)","WFZ","wfo-0000616553"
"Cordia africana","Cordia africana (Mtondo)","WFZ","wfo-0000620224"
"Dyerophytum indicum","Dyerophytum indicum","WFZ","wfo-0000658246"
"Erythrophleum suaveolens","Erythrophleum suaveolens (Mwabvi)","WFZ","wfo-0000194829"
"Faidherbia albida","Faidherbia albida (Msangu)","WFZ","wfo-0000186081"
"Ficus altissima","Ficus altissima (Kachere; Nkhazi)","WFZ","wfo-0000687266"
"Ficus auriculata","Ficus auriculata (Kachere; Nkhazi)","WFZ","wfo-0000687425"
"Ficus cyathistipula","Ficus cyathistipula (Kachere; Nkhazi)","WFZ","wfo-0000688019"
"Flacourtia indica","Flacourtia indica (Maviru)","WFZ","wfo-0000925655"
"Khaya anthotheca","Khaya anthotheca (M'bawa)","WFZ","wfo-0000357006"
"Lonchocarpus capassa","Lonchocarpus capassa (Mphakasa)","WFZ","wfo-0000199316"
"Nauclea nyasica","Nauclea nyasica (Mbule)","WFZ","wfo-0001340596"
"Other or don't know","Other or don't know","WFZ",
"Parkia filicoidea","Parkia filicoidea (Ndilolo)","WFZ","wfo-0000177301"
"Piliostigma thonningii","Piliostigma thonningii (Msekese)","WFZ","wfo-0000170413"
"Pseudolachnostylis maprouneifolia","Pseudolachnostylis maprouneifolia (Msolo)","WFZ","wfo-0000284016"
"Senegalia galpinii","Senegalia galpinii (Mkunkhu)","WFZ","wfo-0000745786"
"Senegalia polyacantha","Senegalia polyacantha (Mthethe)","WFZ","wfo-0000744649"
"Sterculia africana","Sterculia africana (Mgoza)","WFZ","wfo-0000491730"
"Syzygium cordatum","Syzygium cordatum (Katope)","WFZ","wfo-0000318491"
"Thespesia garckeana","Thespesia garckeana","WFZ","wfo-0000455942"
"Uapaca kirkiana","Uapaca kirkiana (Masuku)","WFZ","wfo-0000329049"
"Vangueria infausta","Vangueria infausta (Maviru)","WFZ","wfo-0000331237"
"Xanthocercis zambesiaca","Xanthocercis zambesiaca (Mkhalapachulu)","WFZ","wfo-0000212102"
"Ziziphus mucronata","Ziziphus mucronata (Kankhande)","WFZ","wfo-0000430319"
"Alnus acuminata","Alnus acuminata (Aliso, Aile)","WWF","wfo-0000944034"
"Arbutus xalapensis","Arbutus xalapensis (Madroño)","WWF","wfo-0000543212"
"Commelina communis","Commelina communis (Hierba de Santa Lucía)","WWF","wfo-0000358362"
"Eysenhardtia polystachya","Eysenhardtia polystachya (Palo dulce)","WWF","wfo-0000165921"
"Jacaranda mimosifolia","Jacaranda mimosifolia (Jacaranda)","WWF","wfo-0000778761"
"Juniperus communis","Juniperus communis (Enebro común)","WWF","wfo-0000355532"
"Leucaena leucocephala","Leucaena leucocephala (Guaje)","WWF","wfo-0000164084"
"Other or don't know","Other or don't know","WWF",
"Pinus ayacahuite","Pinus ayacahuite (Pino ayacahuite)","WWF","wfo-0000482292"
"Pinus leiophylla","Pinus leiophylla (Pino chino)","WWF","wfo-0000481215"
"Pinus maximinoi","Pinus maximinoi (Pino maximinoi, Pino canis)","WWF","wfo-0000481770"
"Pinus montezumae","Pinus montezumae (Ocote blanco, Pino de Moctezuma)","WWF","wfo-0000481750"
"Pinus patula","Pinus patula (Pino patula, Pino llorón)","WWF","wfo-0000481882"
"Pinus pseudostrobus","Pinus pseudostrobus (Pino lacio, Pino pseudostrobus, Pino oaxacano)","WWF","wfo-0000481826"
"Pinus pseudostrobus var. apulcensis","Pinus pseudostrobus var. apulcensis","WWF","wfo-0000490301"
"Pinus serotina","Pinus serotina (Pino de estanque)","WWF","wfo-0000481497"
"Prunus serotina","Prunus serotina (Capulín)","WWF","wfo-0000995988"
"Quercus crassifolia","Quercus crassifolia (Encino negro)","WWF","wfo-0000290335"
"Quercus laurina","Quercus laurina (Encino laurelillo)","WWF","wfo-0000291646"
"Quercus peduncularis","Quercus peduncularis (Encino pedunculado)","WWF","wfo-0000292369"
"Quercus rugosa","Quercus rugosa (Encino rugoso, Encino roble)","WWF","wfo-0000293040"
"Quercus sartorii","Quercus sartorii (Encino de Sartorio)","WWF","wfo-0000293084"
"Vachellia pennatula","Vachellia pennatula (Espino blanco, Acacia pennatula)","WWF","wfo-0001277447"
"Acacia gillii","Acacia gillii","temp3","wfo-0000201129"
"Acrocomia aculeata","Acrocomia aculeata","temp3","wfo-0000486739"
"Alchornea latifolia","Alchornea latifolia","temp3","wfo-0000939231"
"Alnus acuminata","Alnus acuminata","temp3","wfo-0000944034"
"Aloysia polystachya","Aloysia polystachya","temp3","wfo-0000951140"
"Alstonia longifolia","Alstonia longifolia","temp3","wfo-0000952495"
"Amphipterygium adstringens","Amphipterygium adstringens","temp3","wfo-0000531841"
"Anacardium occidentale","Anacardium occidentale","temp3","wfo-0000533072"
"Andesanthus lepidotus","Andesanthus lepidotus","temp3","wfo-1000020440"
"Andira inermis","Andira inermis","temp3","wfo-0000171592"
"Aniba canelilla","Aniba canelilla","temp3","wfo-1000042583"
"Annona cherimola","Annona cherimola","temp3","wfo-0000537707"
"Annona macroprophyllata","Annona macroprophyllata","temp3","wfo-0000537829"
"Annona muricata","Annona muricata","temp3","wfo-0000537848"
"Annona purpurea","Annona purpurea","temp3","wfo-0000537901"
"Annona squamosa","Annona squamosa","temp3","wfo-0000537947"
"Artocarpus heterophyllus","Artocarpus heterophyllus","temp3","wfo-0000550491"
"Aspidosperma desmanthum","Aspidosperma desmanthum","temp3","wfo-0000290569"
"Aspidosperma megalocarpon","Aspidosperma megalocarpon","temp3","wfo-0000291112"
"Astronium graveolens","Astronium graveolens","temp3","wfo-0000554996"
"Averrhoa carambola","Averrhoa carambola","temp3","wfo-0000557405"
"Azadirachta indica","Azadirachta indica","temp3","wfo-0000557668"
"Bactris gasipaes","Bactris gasipaes","temp3","wfo-0000307252"
"Beilschmiedia riparia","Beilschmiedia riparia","temp3","wfo-0000562082"
"Bixa orellana","Bixa orellana","temp3","wfo-0000342565"
"Bombax ceiba","Bombax ceiba","temp3","wfo-0000568369"
"Brosimum alicastrum","Brosimum alicastrum","temp3","wfo-0000572378"
"Brosimum rubescens","Brosimum rubescens","temp3","wfo-0000572443"
"Bursera bipinnata","Bursera bipinnata","temp3","wfo-0000576134"
"Bursera copallifera","Bursera copallifera","temp3","wfo-0000576153"
"Bursera simaruba","Bursera simaruba","temp3","wfo-0000576316"
"Byrsonima crassifolia","Byrsonima crassifolia","temp3","wfo-0000576794"
"Calophyllum brasiliense","Calophyllum brasiliense","temp3","wfo-0000581058"
"Calycophyllum candidissimum","Calycophyllum candidissimum","temp3","wfo-0000782062"
"Canella winterana","Canella winterana","temp3","wfo-0000583977"
"Capsicum annuum","Capsicum annuum","temp3","wfo-0001019982"
"Carica papaya","Carica papaya","temp3","wfo-0000588009"
"Castanea sativa","Castanea sativa","temp3","wfo-0000812271"
"Castilla elastica","Castilla elastica","temp3","wfo-0000589992"
"Catalpa longissima","Catalpa longissima","temp3","wfo-0000781910"
"Cecropia obtusifolia","Cecropia obtusifolia","temp3","wfo-0000592286"
"Cecropia peltata","Cecropia peltata","temp3","wfo-0000592298"
"Cedrela odorata","Cedrela odorata","temp3","wfo-0000592446"
"Ceiba aesculifolia","Ceiba aesculifolia","temp3","wfo-0000592562"
"Ceiba pentandra","Ceiba pentandra","temp3","wfo-0000592594"
"Celosia argentea","Celosia argentea","temp3","wfo-0000593019"
"Celtis laevigata","Celtis laevigata","temp3","wfo-0000593589"
"Centrolobium ochroxylum","Centrolobium ochroxylum","temp3","wfo-0000165542"
"Cestrum nocturnum","Cestrum nocturnum","temp3","wfo-0001020728"
"Cestrum parqui","Cestrum parqui","temp3","wfo-0001020770"
"Chamaedorea elegans","Chamaedorea elegans","temp3","wfo-0000837986"
"Chamaedorea tepejilote","Chamaedorea tepejilote","temp3","wfo-0000839378"
"Chamaerops humilis","Chamaerops humilis","temp3","wfo-0000839941"
"Chiranthodendron pentadactylon","Chiranthodendron pentadactylon","temp3","wfo-0000602317"
"Chrysophyllum cainito","Chrysophyllum cainito","temp3","wfo-0000854556"
"Cinchona officinalis","Cinchona officinalis","temp3","wfo-0001132044"
"Cinnamomum verum","Cinnamomum verum","temp3","wfo-0000605512"
"Citharexylum subflavescens","Citharexylum subflavescens","temp3","wfo-0000868532"
"Citronella mucronata","Citronella mucronata","temp3","wfo-0000607715"
"Citrus aurantiifolia","Citrus aurantiifolia","temp3","wfo-0001242548"
"Citrus latifolia","Citrus latifolia","temp3","wfo-0000608096"
"Citrus limon","Citrus limon","temp3","wfo-0001133139"
"Citrus x aurantium","Citrus x aurantium","temp3","wfo-0000607909"
"Cnidoscolus aconitifolius","Cnidoscolus aconitifolius","temp3","wfo-0000898356"
"Coccoloba acapulcensis","Coccoloba acapulcensis","temp3","wfo-0000612982"
"Coccoloba montana","Coccoloba montana","temp3","wfo-0000613231"
"Coccoloba venosa","Coccoloba venosa","temp3","wfo-0000613440"
"Cochlospermum tetraporum","Cochlospermum tetraporum","temp3","wfo-0000902593"
"Cochlospermum vitifolium","Cochlospermum vitifolium","temp3","wfo-0000902633"
"Cocos nucifera","Cocos nucifera","temp3","wfo-0000903570"
"Coffea arabica","Coffea arabica","temp3","wfo-0000910097"
"Coffea canephora","Coffea canephora","temp3","wfo-0000910571"
"Cojoba arborea","Cojoba arborea","temp3","wfo-0000171255"
"Conocarpus erectus","Conocarpus erectus","temp3","wfo-0000618338"
"Cordia alliodora","Cordia alliodora","temp3","wfo-0000620227"
"Crataegus monogyna","Crataegus monogyna","temp3","wfo-0001009785"
"Crescentia alata","Crescentia alata","temp3","wfo-0000782020"
"Crescentia cujete","Crescentia cujete","temp3","wfo-0000782030"
"Croton draco","Croton draco","temp3","wfo-0000927862"
"Croton urucurana","Croton urucurana","temp3","wfo-0000932652"
"Cupressus sempervirens","Cupressus sempervirens","temp3","wfo-0000630789"
"Dalbergia calderonii","Dalbergia calderonii","temp3","wfo-0000168988"
"Daphnopsis americana","Daphnopsis americana","temp3","wfo-0000638011"
"Dendropanax arboreus","Dendropanax arboreus","temp3","wfo-0000941578"
"Diospyros nigra","Diospyros nigra","temp3","wfo-0000649408"
"Diphysa americana","Diphysa americana","temp3","wfo-0000210419"
"Dracaena cinnabari","Dracaena cinnabari","temp3","wfo-0000765713"
"Drimys winteri","Drimys winteri","temp3","wfo-0000656761"
"Ehretia latifolia","Ehretia latifolia","temp3","wfo-0000663464"
"Ehretia tinifolia","Ehretia tinifolia","temp3","wfo-0000663557"
"Elaeis guineensis","Elaeis guineensis","temp3","wfo-0000947985"
"Embothrium coccineum","Embothrium coccineum","temp3","wfo-0000667056"
"Enterolobium contortisiliquum","Enterolobium contortisiliquum","temp3","wfo-0000194820"
"Enterolobium cyclocarpum","Enterolobium cyclocarpum","temp3","wfo-0000194821"
"Erigeron karvinskianus","Erigeron karvinskianus","temp3","wfo-0000005955"
"Eriobotrya japonica","Eriobotrya japonica","temp3","wfo-0000986002"
"Erythrina americana","Erythrina americana","temp3","wfo-0000165879"
"Erythrina berteroana","Erythrina berteroana","temp3","wfo-0000180543"
"Erythrina folkersii","Erythrina folkersii","temp3","wfo-0000165890"
"Erythrina fusca","Erythrina fusca","temp3","wfo-0000180759"
"Eysenhardtia polystachya","Eysenhardtia polystachya","temp3","wfo-0000165921"
"Ficus aurea","Ficus aurea","temp3","wfo-0000687419"
"Ficus benjamina","Ficus benjamina","temp3","wfo-0000687511"
"Ficus carica","Ficus carica","temp3","wfo-0000687690"
"Ficus insipida","Ficus insipida","temp3","wfo-0000688819"
"Ficus laurifolia","Ficus laurifolia","temp3","wfo-0000689024"
"Ficus petiolaris","Ficus petiolaris","temp3","wfo-0000689710"
"Genipa americana","Genipa americana","temp3","wfo-0000971808"
"Gliricidia sepium","Gliricidia sepium","temp3","wfo-0000178022"
"Godmania aesculifolia","Godmania aesculifolia","temp3","wfo-0000782366"
"Guarea guidonia","Guarea guidonia","temp3","wfo-0000710909"
"Guazuma ulmifolia","Guazuma ulmifolia","temp3","wfo-0000711645"
"Gymnanthes lucida","Gymnanthes lucida","temp3","wfo-0000976758"
"Gyrocarpus americanus","Gyrocarpus americanus","temp3","wfo-0000713868"
"Haematoxylum brasiletto","Haematoxylum brasiletto","temp3","wfo-0000186730"
"Haematoxylum campechianum","Haematoxylum campechianum","temp3","wfo-0000168536"
"Hampea trilobata","Hampea trilobata","temp3","wfo-0001077751"
"Handroanthus chrysanthus","Handroanthus chrysanthus","temp3","wfo-0000808824"
"Heliconia rostrata","Heliconia rostrata","temp3","wfo-0000438784"
"Heliocarpus terebinthinaceus","Heliocarpus terebinthinaceus","temp3","wfo-0000718221"
"Hevea brasiliensis","Hevea brasiliensis","temp3","wfo-0000982080"
"Hibiscus elatus","Hibiscus elatus","temp3","wfo-0000722515"
"Hintonia latiflora","Hintonia latiflora","temp3","wfo-0000982487"
"Hymenaea courbaril","Hymenaea courbaril","temp3","wfo-0000168642"
"Inga edulis","Inga edulis","temp3","wfo-0000175962"
"Inga flexuosa","Inga flexuosa","temp3","wfo-0000175887"
"Inga jinicuil","Inga jinicuil","temp3","wfo-0000165695"
"Inga laurina","Inga laurina","temp3","wfo-0000183520"
"Inga paterno","Inga paterno","temp3","wfo-0000165758"
"Inga punctata","Inga punctata","temp3","wfo-0000182126"
"Inga vera","Inga vera","temp3","wfo-0000173675"
"Inga vera subsp. vera","Inga vera subsp. vera","temp3","wfo-0000179944"
"Jatropha curcas","Jatropha curcas","temp3","wfo-0000219580"
"Laburnum anagyroidis","Laburnum anagyroidis","temp3","wfo-0000213800"
"Lafoensia punicifolia","Lafoensia punicifolia","temp3","wfo-0000366823"
"Lantana camara","Lantana camara","temp3","wfo-0000223016"
"Lathyrus oleraceus","Lathyrus oleraceus","temp3","wfo-0000214337"
"Laurus nobilis","Laurus nobilis","temp3","wfo-0000364153"
"Leucaena esculenta","Leucaena esculenta","temp3","wfo-0000163699"
"Leucaena leucocephala","Leucaena leucocephala","temp3","wfo-0000164084"
"Lippia myriocephala","Lippia myriocephala","temp3","wfo-0000229009"
"Liquidambar styraciflua","Liquidambar styraciflua","temp3","wfo-0000364015"
"Litsea glaucescens","Litsea glaucescens","temp3","wfo-0000365712"
"Lonchocarpus minimiflorus","Lonchocarpus minimiflorus","temp3","wfo-0000165939"
"Lonchocarpus rugosus","Lonchocarpus rugosus","temp3","wfo-0000173735"
"Lonchocarpus yoroensis","Lonchocarpus yoroensis","temp3","wfo-0000165971"
"Lonicera xylosteum","Lonicera xylosteum","temp3","wfo-0000361644"
"Luehea candida","Luehea candida","temp3","wfo-0000445212"
"Lysiloma acapulcense","Lysiloma acapulcense","temp3","wfo-0000174677"
"Lysiloma divaricatum","Lysiloma divaricatum","temp3","wfo-0000183564"
"Maclura pomifera","Maclura pomifera","temp3","wfo-0000447854"
"Magnolia mexicana","Magnolia mexicana","temp3","wfo-0000233280"
"Malpighia glabra","Malpighia glabra","temp3","wfo-0000449751"
"Malus domestica","Malus domestica","temp3","wfo-0001008355"
"Malus sylvestris","Malus sylvestris","temp3","wfo-0001016475"
"Mangifera indica","Mangifera indica","temp3","wfo-0000371248"
"Manilkara chicle","Manilkara chicle","temp3","wfo-0000235843"
"Manilkara zapota","Manilkara zapota","temp3","wfo-0000235995"
"Matelea cremersii","Matelea cremersii","temp3","wfo-0001104752"
"Matisia cordata","Matisia cordata","temp3","wfo-0000369061"
"Melaleuca citrina","Melaleuca citrina","temp3","wfo-0000239474"
"Melia azedarach","Melia azedarach","temp3","wfo-0000450150"
"Melissa officinalis","Melissa officinalis","temp3","wfo-0000240053"
"Miconia xalapensis","Miconia xalapensis","temp3","wfo-0001258626"
"Microdesmia arborea","Microdesmia arborea","temp3","wfo-0001356658"
"Mimusops coriacea","Mimusops coriacea","temp3","wfo-0000244541"
"Montanoa tomentosa","Montanoa tomentosa","temp3","wfo-0000015927"
"Muntingia calabura","Muntingia calabura","temp3","wfo-0000451606"
"Musa acuminata","Musa acuminata","temp3","wfo-0000473834"
"Musa x paradisiaca","Musa x paradisiaca","temp3","wfo-0000474656"
"Myrciaria floribunda","Myrciaria floribunda","temp3","wfo-0000248098"
"Myriocarpa cordifolia","Myriocarpa cordifolia","temp3","wfo-0000451791"
"Nephelium lappaceum","Nephelium lappaceum","temp3","wfo-0000381268"
"Nertera granadensis","Nertera granadensis","temp3","wfo-0000251613"
"Ochroma pyramidale","Ochroma pyramidale","temp3","wfo-0000390582"
"Ocotea macrophylla","Ocotea macrophylla","temp3","wfo-0000383017"
"Ocotea subalata","Ocotea subalata","temp3","wfo-0001070888"
"Other or don't know","Other or don't know","temp3",
"Parmentiera aculeata","Parmentiera aculeata","temp3","wfo-0000779463"
"Persea americana","Persea americana","temp3","wfo-0000465160"
"Persea caerulea","Persea caerulea","temp3","wfo-0000465231"
"Persicaria punctata","Persicaria punctata","temp3","wfo-0000488288"
"Perymenium grande","Perymenium grande","temp3","wfo-0000081604"
"Pinus ayacahuite","Pinus ayacahuite","temp3","wfo-0000482292"
"Pinus maximinoi","Pinus maximinoi","temp3","wfo-0000481770"
"Pinus oocarpa","Pinus oocarpa","temp3","wfo-0000481733"
"Pinus pinea","Pinus pinea","temp3","wfo-0000481895"
"Piper auritum","Piper auritum","temp3","wfo-0000479549"
"Pitavia punctata","Pitavia punctata","temp3","wfo-0001133117"
"Pithecellobium dulce","Pithecellobium dulce","temp3","wfo-0000178252"
"Platymiscium dimorphandrum","Platymiscium dimorphandrum","temp3","wfo-0000169436"
"Platymiscium yucatanum","Platymiscium yucatanum","temp3","wfo-0000169448"
"Poeppigia procera","Poeppigia procera","temp3","wfo-0000174236"
"Polylepis australis","Polylepis australis","temp3","wfo-0001004595"
"Pouteria sapota","Pouteria sapota","temp3","wfo-0000282077"
"Prunus annularis","Prunus annularis","temp3","wfo-0000995908"
"Prunus serotina var. salicifolia","Prunus serotina var. salicifolia","temp3","wfo-0001006722"
"Pseudalbizzia tomentosa","Pseudalbizzia tomentosa","temp3","wfo-1000040149"
"Psidium guajava","Psidium guajava","temp3","wfo-0000284421"
"Psidium oligospermum","Psidium oligospermum","temp3","wfo-0000284543"
"Quercus alba","Quercus alba","temp3","wfo-0000289457"
"Quercus candicans","Quercus candicans","temp3","wfo-0000289957"
"Quercus crassifolia","Quercus crassifolia","temp3","wfo-0000290335"
"Quercus laurina","Quercus laurina","temp3","wfo-0000291646"
"Quercus robur","Quercus robur","temp3","wfo-0000292858"
"Quercus rugosa","Quercus rugosa","temp3","wfo-0000293040"
"Quercus skinneri","Quercus skinneri","temp3","wfo-0000293311"
"Roseodendron donnell-smithii","Roseodendron donnell-smithii","temp3","wfo-0000779516"
"Rumex obtusifolius","Rumex obtusifolius","temp3","wfo-0000403904"
"Sabal yapa","Sabal yapa","temp3","wfo-0000299323"
"Salix alba","Salix alba","temp3","wfo-0000929085"
"Salix babylonica","Salix babylonica","temp3","wfo-0000930856"
"Sapindus saponaria","Sapindus saponaria","temp3","wfo-0000493168"
"Sapium macrocarpum","Sapium macrocarpum","temp3","wfo-0000302871"
"Saurauia madrensis","Saurauia madrensis","temp3","wfo-0001222042"
"Saurauia scabrida","Saurauia scabrida","temp3","wfo-0000500915"
"Saurauia yasicae","Saurauia yasicae","temp3","wfo-0000442104"
"Schinopsis balansae","Schinopsis balansae","temp3","wfo-0001049780"
"Schinus molle","Schinus molle","temp3","wfo-0000435157"
"Schizolobium parahyba","Schizolobium parahyba","temp3","wfo-0000186738"
"Sideroxylon capiri","Sideroxylon capiri","temp3","wfo-0000310638"
"Silybum marianum","Silybum marianum","temp3","wfo-0000014591"
"Solanum torvum","Solanum torvum","temp3","wfo-0001031795"
"Spondias mombin","Spondias mombin","temp3","wfo-0000435470"
"Spondias purpurea","Spondias purpurea","temp3","wfo-0000435489"
"Styrax argenteus","Styrax argenteus","temp3","wfo-0000492771"
"Swietenia humilis","Swietenia humilis","temp3","wfo-0000505132"
"Swietenia macrophylla","Swietenia macrophylla","temp3","wfo-0000505131"
"Syzygium jambos","Syzygium jambos","temp3","wfo-0000318809"
"Tabebuia angustata","Tabebuia angustata","temp3","wfo-0000780149"
"Tabebuia rosea","Tabebuia rosea","temp3","wfo-0000780302"
"Tabernaemontana amygdalifolia","Tabernaemontana amygdalifolia","temp3","wfo-0000319712"
"Tabernaemontana donnell-smithii","Tabernaemontana donnell-smithii","temp3","wfo-0000319836"
"Tamarindus indica","Tamarindus indica","temp3","wfo-0000170926"
"Tamarix gallica","Tamarix gallica","temp3","wfo-0000458614"
"Terminalia catappa","Terminalia catappa","temp3","wfo-0000406800"
"Terminalia macrostachya","Terminalia macrostachya","temp3","wfo-0001274081"
"Terminalia oblonga","Terminalia oblonga","temp3","wfo-0000408783"
"Ternstroemia lineata","Ternstroemia lineata","temp3","wfo-0000459038"
"Ternstroemia meridionalis","Ternstroemia meridionalis","temp3","wfo-0000459033"
"Ternstroemia tepezapote","Ternstroemia tepezapote","temp3","wfo-0000459507"
"Theobroma cacao","Theobroma cacao","temp3","wfo-0000458440"
"Trema micranthum","Trema micranthum","temp3","wfo-0000457786"
"Trichilia trifolia","Trichilia trifolia","temp3","wfo-0000455630"
"Vachellia caven","Vachellia caven","temp3","wfo-0001277418"
"Vachellia collinsii","Vachellia collinsii","temp3","wfo-0001277422"
"Vachellia farnesiana","Vachellia farnesiana","temp3","wfo-0000182273"
"Vachellia hindsii","Vachellia hindsii","temp3","wfo-0001277438"
"Vachellia pennatula","Vachellia pennatula","temp3","wfo-0001277447"
"Vachellia seyal","Vachellia seyal","temp3","wfo-0001284777"
"Vernonanthura deppeana","Vernonanthura deppeana","temp3","wfo-0000067947"
"Vernonanthura phosphorica","Vernonanthura phosphorica","temp3","wfo-0000015889"
"Zanthoxylum fagara","Zanthoxylum fagara","temp3","wfo-0000429502"
"Zea mays","Zea mays","temp3","wfo-0000907754"
